time="2026-08-30T19:17:03-06:00" level=info msg="AWS API call" account=000000000000 api="organizations:DescribeOrganization" cache=miss
time="2026-08-30T19:17:04-06:00" level=info msg="AWS API call" account=000000000000 api="s3:ListBuckets" cache=miss
time="2026-08-30T19:17:04-06:00" level=info msg="AWS API call" account=000000000000 api="apprunner:ListServices" cache=miss region=ap-northeast-3
time="2026-08-30T19:17:04-06:00" level=info msg="AWS API call" account=000000000000 api="apprunner:ListServices" cache=miss region=ca-central-1
time="2026-08-30T19:17:04-06:00" level=info msg="AWS API call" account=000000000000 api="apprunner:ListServices" cache=miss region=eu-central-1
time="2026-08-30T19:17:04-06:00" level=info msg="AWS API call" account=000000000000 api="apprunner:ListServices" cache=miss region=eu-west-2
time="2026-08-30T19:17:04-06:00" level=info msg="AWS API call" account=000000000000 api="apprunner:ListServices" cache=miss region=ap-south-1
time="2026-08-30T19:17:04-06:00" level=info msg="AWS API call" account=000000000000 api="apprunner:ListServices" cache=miss region=eu-west-3
time="2026-08-30T19:17:04-06:00" level=info msg="AWS API call" account=000000000000 api="apprunner:ListServices" cache=miss region=eu-west-1
time="2026-08-30T19:17:04-06:00" level=info msg="AWS API call" account=000000000000 api="apprunner:ListServices" cache=miss region=us-east-2
time="2026-08-30T19:17:04-06:00" level=info msg="AWS API call" account=000000000000 api="apprunner:ListServices" cache=miss region=us-west-1
time="2026-08-30T19:17:04-06:00" level=info msg="AWS API call" account=000000000000 api="apprunner:ListServices" cache=miss region=ap-northeast-2
time="2026-08-30T19:17:04-06:00" level=info msg="AWS API call" account=000000000000 api="apprunner:ListServices" cache=miss region=us-east-1
time="2026-08-30T19:17:04-06:00" level=info msg="AWS API call" account=000000000000 api="apprunner:ListServices" cache=miss region=sa-east-1
time="2026-08-30T19:17:04-06:00" level=info msg="AWS API call" account=000000000000 api="apprunner:ListServices" cache=miss region=us-west-2
time="2026-08-30T19:17:04-06:00" level=info msg="AWS API call" account=000000000000 api="apprunner:ListServices" cache=miss region=eu-north-1
time="2026-08-30T19:17:04-06:00" level=info msg="AWS API call" account=000000000000 api="apprunner:ListServices" cache=miss region=ap-southeast-2
time="2026-08-30T19:17:04-06:00" level=info msg="AWS API call" account=000000000000 api="apprunner:ListServices" cache=miss region=ap-northeast-1
time="2026-08-30T19:17:04-06:00" level=info msg="AWS API call" account=000000000000 api="apprunner:ListServices" cache=miss region=ap-southeast-1
time="2026-08-30T19:17:04-06:00" level=info msg="AWS API call" account=000000000000 api="iam:ListUsers" cache=miss
time="2026-08-30T19:17:04-06:00" level=info msg="AWS API call" account=000000000000 api="iam:ListRoles" cache=miss
time="2026-08-30T19:17:04-06:00" level=info msg="AWS API call" account=000000000000 api="iam:ListGroups" cache=miss
time="2026-08-30T19:17:04-06:00" level=info msg="AWS API call" account=000000000000 api="apigateway:GetRestApis" cache=miss region=us-east-2
time="2026-08-30T19:17:04-06:00" level=info msg="AWS API call" account=000000000000 api="athena:ListDataCatalogs" cache=miss region=us-east-2
time="2026-08-30T19:17:04-06:00" level=info msg="AWS API call" account=000000000000 api="apigatewayv2:GetApis" cache=miss region=us-east-2
time="2026-08-30T19:17:04-06:00" level=info msg="AWS API call" account=000000000000 api="cloudformation:ListStacks" cache=miss region=us-east-2
time="2026-08-30T19:17:04-06:00" level=info msg="AWS API call" account=000000000000 api="codeartifact:ListDomains" cache=miss region=us-east-2
time="2026-08-30T19:17:04-06:00" level=info msg="AWS API call" account=000000000000 api="codebuild:ListProjects" cache=miss region=us-east-2
time="2026-08-30T19:17:04-06:00" level=info msg="AWS API call" account=000000000000 api="codecommit:ListRepositories" cache=miss region=us-east-2
time="2026-08-30T19:17:04-06:00" level=info msg="AWS API call" account=000000000000 api="codedeploy:ListApplications" cache=miss region=us-east-2
time="2026-08-30T19:17:04-06:00" level=info msg="AWS API call" account=000000000000 api="codedeploy:ListDeployments" cache=miss region=us-east-2
time="2026-08-30T19:17:04-06:00" level=info msg="AWS API call" account=000000000000 api="dynamodb:ListTables" cache=miss region=us-east-2
time="2026-08-30T19:17:04-06:00" level=info msg="AWS API call" account=000000000000 api="ec2:DescribeInstances" cache=miss region=us-east-2
time="2026-08-30T19:17:04-06:00" level=info msg="AWS API call" account=000000000000 api="ecs:ListClusters" cache=miss region=us-east-2
time="2026-08-30T19:17:04-06:00" level=info msg="AWS API call" account=000000000000 api="ecs:ListClusters" cache=miss region=us-east-2
time="2026-08-30T19:17:04-06:00" level=info msg="AWS API call" account=000000000000 api="eks:ListClusters" cache=miss region=us-east-2
time="2026-08-30T19:17:04-06:00" level=info msg="AWS API call" account=000000000000 api="opensearch:ListDomainNames" cache=miss region=us-east-2
time="2026-08-30T19:17:04-06:00" level=info msg="AWS API call" account=000000000000 api="ecs:ListClusters" cache=miss region=us-east-2
time="2026-08-30T19:17:04-06:00" level=info msg="AWS API call" account=000000000000 api="elb:DescribeLoadBalancers" cache=miss region=us-east-2
time="2026-08-30T19:17:04-06:00" level=info msg="AWS API call" account=000000000000 api="opensearch:ListDomainNames" cache=miss region=us-east-1
time="2026-08-30T19:17:04-06:00" level=info msg="AWS API call" account=000000000000 api="opensearch:ListDomainNames" cache=miss region=ap-southeast-2
time="2026-08-30T19:17:04-06:00" level=info msg="AWS API call" account=000000000000 api="opensearch:ListDomainNames" cache=miss region=eu-north-1
time="2026-08-30T19:17:04-06:00" level=info msg="AWS API call" account=000000000000 api="apigateway:GetRestApis" cache=miss region=ap-southeast-2
time="2026-08-30T19:17:04-06:00" level=info msg="AWS API call" account=000000000000 api="ec2:DescribeImages" cache=miss region=us-east-2
time="2026-08-30T19:17:04-06:00" level=info msg="AWS API call" account=000000000000 api="ec2:DescribeSnapshots" cache=miss region=us-east-2
time="2026-08-30T19:17:04-06:00" level=info msg="AWS API call" account=000000000000 api="ec2:DescribeVolumes" cache=miss region=us-east-2
time="2026-08-30T19:17:04-06:00" level=info msg="AWS API call" account=000000000000 api="elasticache:DescribeCacheClusters" cache=miss region=us-east-2
time="2026-08-30T19:17:04-06:00" level=info msg="AWS API call" account=000000000000 api="ecr:DescribeRepositories" cache=miss region=us-east-2
time="2026-08-30T19:17:04-06:00" level=info msg="AWS API call" account=000000000000 api="apigateway:GetRestApis" cache=miss region=us-east-1
time="2026-08-30T19:17:05-06:00" level=info msg="AWS API call" account=000000000000 api="iam:ListUsers" cache=hit
time="2026-08-30T19:17:05-06:00" level=info msg="AWS API call" account=000000000000 api="iam:ListAccessKeys" cache=miss userName=fn1-privesc3-partial-user
time="2026-08-30T19:17:05-06:00" level=info msg="AWS API call" account=000000000000 api="elasticbeanstalk:DescribeApplications" cache=miss region=us-east-2
time="2026-08-30T19:17:05-06:00" level=info msg="AWS API call" account=000000000000 api="emr:ListClusters" cache=miss region=us-east-2
time="2026-08-30T19:17:05-06:00" level=info msg="AWS API call" account=000000000000 api="iam:ListAccessKeys" cache=miss userName=fn2-exploitableResourceConstraint-user
time="2026-08-30T19:17:05-06:00" level=info msg="AWS API call" account=000000000000 api="emr:ListClusters" cache=miss region=us-east-2
time="2026-08-30T19:17:05-06:00" level=info msg="AWS API call" account=000000000000 api="iam:ListAccessKeys" cache=miss userName=fn3-exploitableConditionConstraint-user
time="2026-08-30T19:17:05-06:00" level=info msg="AWS API call" account=000000000000 api="ec2:DescribeVolumes" cache=miss region=ap-southeast-2
time="2026-08-30T19:17:05-06:00" level=info msg="AWS API call" account=000000000000 api="apigatewayv2:GetApis" cache=miss region=ap-southeast-2
time="2026-08-30T19:17:05-06:00" level=info msg="AWS API call" account=000000000000 api="athena:ListDataCatalogs" cache=miss region=ap-southeast-2
time="2026-08-30T19:17:05-06:00" level=info msg="AWS API call" account=000000000000 api="cloudformation:ListStacks" cache=miss region=ap-southeast-2
time="2026-08-30T19:17:05-06:00" level=info msg="AWS API call" account=000000000000 api="codeartifact:ListDomains" cache=miss region=ap-southeast-2
time="2026-08-30T19:17:05-06:00" level=info msg="AWS API call" account=000000000000 api="codebuild:ListProjects" cache=hit region=ap-southeast-2
time="2026-08-30T19:17:05-06:00" level=info msg="AWS API call" account=000000000000 api="codecommit:ListRepositories" cache=miss region=ap-southeast-2
time="2026-08-30T19:17:05-06:00" level=info msg="AWS API call" account=000000000000 api="codedeploy:ListApplications" cache=miss region=ap-southeast-2
time="2026-08-30T19:17:05-06:00" level=info msg="AWS API call" account=000000000000 api="codedeploy:ListDeployments" cache=miss region=ap-southeast-2
time="2026-08-30T19:17:05-06:00" level=info msg="AWS API call" account=000000000000 api="dynamodb:ListTables" cache=miss region=ap-southeast-2
time="2026-08-30T19:17:05-06:00" level=info msg="AWS API call" account=000000000000 api="eks:ListClusters" cache=miss region=ap-southeast-2
time="2026-08-30T19:17:05-06:00" level=info msg="AWS API call" account=000000000000 api="ecs:ListClusters" cache=miss region=ap-southeast-2
time="2026-08-30T19:17:05-06:00" level=info msg="AWS API call" account=000000000000 api="ecs:ListClusters" cache=miss region=ap-southeast-2
time="2026-08-30T19:17:05-06:00" level=info msg="AWS API call" account=000000000000 api="ecs:ListClusters" cache=miss region=ap-southeast-2
time="2026-08-30T19:17:05-06:00" level=info msg="AWS API call" account=000000000000 api="iam:ListAccessKeys" cache=miss userName=fn4-exploitableNotAction-user
time="2026-08-30T19:17:05-06:00" level=info msg="AWS API call" account=000000000000 api="ecr:DescribeRepositories" cache=miss region=ap-southeast-2
time="2026-08-30T19:17:05-06:00" level=info msg="AWS API call" account=000000000000 api="athena:ListDatabases" cache=miss catalogName=AwsDataCatalog region=us-east-2
time="2026-08-30T19:17:05-06:00" level=info msg="AWS API call" account=000000000000 api="eks:ListClusters" cache=miss region=ap-southeast-2
time="2026-08-30T19:17:05-06:00" level=info msg="AWS API call" account=000000000000 api="elasticache:DescribeCacheClusters" cache=miss region=ap-southeast-2
time="2026-08-30T19:17:05-06:00" level=info msg="AWS API call" account=000000000000 api="elbv2:DescribeLoadBalancers" cache=miss region=ap-southeast-2
time="2026-08-30T19:17:05-06:00" level=info msg="AWS API call" account=000000000000 api="elb:DescribeLoadBalancers" cache=miss region=ap-southeast-2
time="2026-08-30T19:17:05-06:00" level=info msg="AWS API call" account=000000000000 api="emr:ListClusters" cache=miss region=ap-southeast-2
time="2026-08-30T19:17:05-06:00" level=info msg="AWS API call" account=000000000000 api="ecs:ListClusters" cache=miss region=us-east-1
time="2026-08-30T19:17:05-06:00" level=info msg="AWS API call" account=000000000000 api="apigatewayv2:GetApis" cache=miss region=us-east-1
time="2026-08-30T19:17:05-06:00" level=info msg="AWS API call" account=000000000000 api="athena:ListDataCatalogs" cache=miss region=us-east-1
time="2026-08-30T19:17:05-06:00" level=info msg="AWS API call" account=000000000000 api="cloudformation:ListStacks" cache=miss region=us-east-1
time="2026-08-30T19:17:05-06:00" level=info msg="AWS API call" account=000000000000 api="codeartifact:ListDomains" cache=miss region=us-east-1
time="2026-08-30T19:17:05-06:00" level=info msg="AWS API call" account=000000000000 api="iam:ListAccessKeys" cache=miss userName=fp1-allow-and-deny-user
time="2026-08-30T19:17:05-06:00" level=info msg="AWS API call" account=000000000000 api="iam:ListAccessKeys" cache=miss userName=fp2-allow-and-deny-multiple-policies-user
time="2026-08-30T19:17:05-06:00" level=info msg="AWS API call" account=000000000000 api="codebuild:ListProjects" cache=hit region=us-east-1
time="2026-08-30T19:17:05-06:00" level=info msg="AWS API call" account=000000000000 api="elasticbeanstalk:DescribeApplications" cache=miss region=ap-southeast-2
time="2026-08-30T19:17:05-06:00" level=info msg="AWS API call" account=000000000000 api="ec2:DescribeSnapshots" cache=miss region=eu-north-1
time="2026-08-30T19:17:05-06:00" level=info msg="AWS API call" account=000000000000 api="iam:ListAccessKeys" cache=miss userName=fp3-deny-iam-user
time="2026-08-30T19:17:05-06:00" level=info msg="AWS API call" account=000000000000 api="apigateway:GetRestApis" cache=miss region=eu-north-1
time="2026-08-30T19:17:05-06:00" level=info msg="AWS API call" account=000000000000 api="apigatewayv2:GetApis" cache=miss region=eu-north-1
time="2026-08-30T19:17:05-06:00" level=info msg="AWS API call" account=000000000000 api="athena:ListDataCatalogs" cache=miss region=eu-north-1
time="2026-08-30T19:17:05-06:00" level=info msg="AWS API call" account=000000000000 api="cloudformation:ListStacks" cache=miss region=eu-north-1
time="2026-08-30T19:17:05-06:00" level=info msg="AWS API call" account=000000000000 api="athena:ListDatabases" cache=miss catalogName=AwsDataCatalog region=us-east-1
time="2026-08-30T19:17:05-06:00" level=info msg="AWS API call" account=000000000000 api="codeartifact:ListDomains" cache=miss region=eu-north-1
time="2026-08-30T19:17:05-06:00" level=info msg="AWS API call" account=000000000000 api="codebuild:ListProjects" cache=hit region=eu-north-1
time="2026-08-30T19:17:05-06:00" level=info msg="AWS API call" account=000000000000 api="codecommit:ListRepositories" cache=miss region=eu-north-1
time="2026-08-30T19:17:05-06:00" level=info msg="AWS API call" account=000000000000 api="iam:ListAccessKeys" cache=miss userName=fp4-nonExploitableResourceConstraint-user
time="2026-08-30T19:17:05-06:00" level=info msg="AWS API call" account=000000000000 api="iam:ListAccessKeys" cache=miss userName=fp5-nonExploitableConditionConstraint-user
time="2026-08-30T19:17:05-06:00" level=info msg="AWS API call" account=000000000000 api="iam:ListAccessKeys" cache=miss userName=iamadmin
time="2026-08-30T19:17:05-06:00" level=info msg="AWS API call" account=000000000000 api="codedeploy:ListApplications" cache=miss region=eu-north-1
time="2026-08-30T19:17:05-06:00" level=info msg="AWS API call" account=000000000000 api="codedeploy:ListDeployments" cache=miss region=eu-north-1
time="2026-08-30T19:17:05-06:00" level=info msg="AWS API call" account=000000000000 api="dynamodb:ListTables" cache=miss region=eu-north-1
time="2026-08-30T19:17:05-06:00" level=info msg="AWS API call" account=000000000000 api="iam:ListAccessKeys" cache=miss userName=privesc-AssumeRole-start-user
time="2026-08-30T19:17:05-06:00" level=info msg="AWS API call" account=000000000000 api="ec2:DescribeInstances" cache=miss region=eu-north-1
time="2026-08-30T19:17:05-06:00" level=info msg="AWS API call" account=000000000000 api="ec2:DescribeImages" cache=miss region=eu-north-1
time="2026-08-30T19:17:05-06:00" level=info msg="AWS API call" account=000000000000 api="iam:ListAccessKeys" cache=miss userName=privesc-CloudFormationUpdateStack-user
time="2026-08-30T19:17:05-06:00" level=info msg="AWS API call" account=000000000000 api="elb:DescribeLoadBalancers" cache=miss region=us-east-1
time="2026-08-30T19:17:05-06:00" level=info msg="AWS API call" account=000000000000 api="ecs:ListClusters" cache=hit region=us-east-1
time="2026-08-30T19:17:05-06:00" level=info msg="AWS API call" account=000000000000 api="ecs:ListClusters" cache=hit region=us-east-1
time="2026-08-30T19:17:05-06:00" level=info msg="AWS API call" account=000000000000 api="ecr:DescribeRepositories" cache=miss region=us-east-1
time="2026-08-30T19:17:06-06:00" level=info msg="AWS API call" account=000000000000 api="eks:ListClusters" cache=miss region=us-east-1
time="2026-08-30T19:17:06-06:00" level=info msg="AWS API call" account=000000000000 api="eks:ListClusters" cache=miss region=us-east-1
time="2026-08-30T19:17:06-06:00" level=info msg="AWS API call" account=000000000000 api="iam:ListAccessKeys" cache=miss userName=privesc-codeBuildCreateProjectPassRole-user
time="2026-08-30T19:17:06-06:00" level=info msg="AWS API call" account=000000000000 api="ec2:DescribeInstances" cache=miss region=ap-southeast-2
time="2026-08-30T19:17:06-06:00" level=info msg="AWS API call" account=000000000000 api="ec2:DescribeSnapshots" cache=miss region=ap-southeast-2
time="2026-08-30T19:17:06-06:00" level=info msg="AWS API call" account=000000000000 api="eks:ListClusters" cache=miss region=eu-north-1
time="2026-08-30T19:17:06-06:00" level=info msg="AWS API call" account=000000000000 api="ec2:DescribeVolumes" cache=miss region=eu-north-1
time="2026-08-30T19:17:06-06:00" level=info msg="AWS API call" account=000000000000 api="ecs:ListClusters" cache=miss region=eu-north-1
time="2026-08-30T19:17:06-06:00" level=info msg="AWS API call" account=000000000000 api="ecs:ListClusters" cache=miss region=eu-north-1
time="2026-08-30T19:17:06-06:00" level=info msg="AWS API call" account=000000000000 api="athena:ListDatabases" cache=miss catalogName=AwsDataCatalog region=ap-southeast-2
time="2026-08-30T19:17:06-06:00" level=info msg="AWS API call" account=000000000000 api="ecs:ListClusters" cache=miss region=eu-north-1
time="2026-08-30T19:17:06-06:00" level=info msg="AWS API call" account=000000000000 api="ecr:DescribeRepositories" cache=miss region=eu-north-1
time="2026-08-30T19:17:06-06:00" level=info msg="AWS API call" account=000000000000 api="eks:ListClusters" cache=miss region=eu-north-1
time="2026-08-30T19:17:06-06:00" level=info msg="AWS API call" account=000000000000 api="iam:ListAccessKeys" cache=miss userName=privesc-ec2InstanceConnect-user
time="2026-08-30T19:17:06-06:00" level=info msg="AWS API call" account=000000000000 api="emr:ListClusters" cache=miss region=us-east-1
time="2026-08-30T19:17:06-06:00" level=info msg="AWS API call" account=000000000000 api="elasticache:DescribeCacheClusters" cache=miss region=us-east-1
time="2026-08-30T19:17:06-06:00" level=info msg="AWS API call" account=000000000000 api="elasticbeanstalk:DescribeApplications" cache=miss region=us-east-1
time="2026-08-30T19:17:06-06:00" level=info msg="AWS API call" account=000000000000 api="emr:ListClusters" cache=miss region=us-east-1
time="2026-08-30T19:17:06-06:00" level=info msg="AWS API call" account=000000000000 api="ec2:DescribeInstances" cache=miss region=us-east-1
time="2026-08-30T19:17:06-06:00" level=info msg="AWS API call" account=000000000000 api="athena:ListDatabases" cache=miss catalogName=AwsDataCatalog region=eu-north-1
time="2026-08-30T19:17:06-06:00" level=info msg="AWS API call" account=000000000000 api="codedeploy:ListApplications" cache=miss region=us-east-1
time="2026-08-30T19:17:06-06:00" level=info msg="AWS API call" account=000000000000 api="codedeploy:ListDeployments" cache=miss region=us-east-1
time="2026-08-30T19:17:06-06:00" level=info msg="AWS API call" account=000000000000 api="iam:ListAccessKeys" cache=miss userName=privesc-sageMakerCreateNotebookPassRole-user
time="2026-08-30T19:17:06-06:00" level=info msg="AWS API call" account=000000000000 api="dynamodb:ListTables" cache=miss region=us-east-1
time="2026-08-30T19:17:06-06:00" level=info msg="AWS API call" account=000000000000 api="ec2:DescribeSnapshots" cache=miss region=us-east-1
time="2026-08-30T19:17:06-06:00" level=info msg="AWS API call" account=000000000000 api="ec2:DescribeImages" cache=miss region=us-east-1
time="2026-08-30T19:17:06-06:00" level=info msg="AWS API call" account=000000000000 api="ec2:DescribeVolumes" cache=miss region=us-east-1
time="2026-08-30T19:17:06-06:00" level=info msg="AWS API call" account=000000000000 api="iam:ListAccessKeys" cache=miss userName=privesc-sageMakerCreatePresignedNotebookURL-user
time="2026-08-30T19:17:06-06:00" level=info msg="AWS API call" account=000000000000 api="eks:ListClusters" cache=hit region=us-east-2
time="2026-08-30T19:17:06-06:00" level=info msg="AWS API call" account=000000000000 api="elbv2:DescribeLoadBalancers" cache=miss region=us-east-1
time="2026-08-30T19:17:06-06:00" level=info msg="AWS API call" account=000000000000 api="elbv2:DescribeLoadBalancers" cache=miss region=us-east-2
time="2026-08-30T19:17:06-06:00" level=info msg="AWS API call" account=000000000000 api="codecommit:ListRepositories" cache=miss region=us-east-1
time="2026-08-30T19:17:06-06:00" level=info msg="AWS API call" account=000000000000 api="iam:ListAccessKeys" cache=miss userName=privesc-sageMakerCreateProcessingJobPassRole-user
time="2026-08-30T19:17:06-06:00" level=info msg="AWS API call" account=000000000000 api="elasticache:DescribeCacheClusters" cache=miss region=eu-north-1
time="2026-08-30T19:17:06-06:00" level=info msg="AWS API call" account=000000000000 api="elbv2:DescribeLoadBalancers" cache=miss region=eu-north-1
time="2026-08-30T19:17:06-06:00" level=info msg="AWS API call" account=000000000000 api="elb:DescribeLoadBalancers" cache=miss region=eu-north-1
time="2026-08-30T19:17:06-06:00" level=info msg="AWS API call" account=000000000000 api="emr:ListClusters" cache=miss region=eu-north-1
time="2026-08-30T19:17:06-06:00" level=info msg="AWS API call" account=000000000000 api="emr:ListClusters" cache=miss region=eu-north-1
time="2026-08-30T19:17:06-06:00" level=info msg="AWS API call" account=000000000000 api="emr:ListClusters" cache=hit region=ap-southeast-2
time="2026-08-30T19:17:06-06:00" level=info msg="AWS API call" account=000000000000 api="elasticbeanstalk:DescribeApplications" cache=miss region=eu-north-1
time="2026-08-30T19:17:06-06:00" level=info msg="AWS API call" account=000000000000 api="ec2:DescribeImages" cache=miss region=ap-southeast-2
time="2026-08-30T19:17:06-06:00" level=info msg="AWS API call" account=000000000000 api="apigateway:GetRestApis" cache=miss region=ap-northeast-2
time="2026-08-30T19:17:06-06:00" level=info msg="AWS API call" account=000000000000 api="apigatewayv2:GetApis" cache=miss region=ap-northeast-2
time="2026-08-30T19:17:06-06:00" level=info msg="AWS API call" account=000000000000 api="apigateway:GetRestApis" cache=miss region=eu-central-1
time="2026-08-30T19:17:06-06:00" level=info msg="AWS API call" account=000000000000 api="apigatewayv2:GetApis" cache=miss region=eu-central-1
time="2026-08-30T19:17:06-06:00" level=info msg="AWS API call" account=000000000000 api="iam:ListAccessKeys" cache=miss userName=privesc-sageMakerCreateTrainingJobPassRole-user
time="2026-08-30T19:17:06-06:00" level=info msg="AWS API call" account=000000000000 api="athena:ListDataCatalogs" cache=miss region=ap-northeast-2
time="2026-08-30T19:17:06-06:00" level=info msg="AWS API call" account=000000000000 api="athena:ListDataCatalogs" cache=miss region=eu-central-1
time="2026-08-30T19:17:06-06:00" level=info msg="AWS API call" account=000000000000 api="cloudformation:ListStacks" cache=miss region=ap-northeast-2
time="2026-08-30T19:17:06-06:00" level=info msg="AWS API call" account=000000000000 api="cloudformation:ListStacks" cache=miss region=eu-central-1
time="2026-08-30T19:17:06-06:00" level=info msg="AWS API call" account=000000000000 api="codeartifact:ListDomains" cache=miss region=eu-central-1
time="2026-08-30T19:17:06-06:00" level=info msg="AWS API call" account=000000000000 api="codebuild:ListProjects" cache=hit region=eu-central-1
time="2026-08-30T19:17:06-06:00" level=info msg="AWS API call" account=000000000000 api="codebuild:ListProjects" cache=hit region=ap-northeast-2
time="2026-08-30T19:17:06-06:00" level=info msg="AWS API call" account=000000000000 api="codecommit:ListRepositories" cache=miss region=eu-central-1
time="2026-08-30T19:17:06-06:00" level=info msg="AWS API call" account=000000000000 api="codecommit:ListRepositories" cache=miss region=ap-northeast-2
time="2026-08-30T19:17:06-06:00" level=info msg="AWS API call" account=000000000000 api="codedeploy:ListApplications" cache=miss region=eu-central-1
time="2026-08-30T19:17:06-06:00" level=info msg="AWS API call" account=000000000000 api="codedeploy:ListDeployments" cache=miss region=eu-central-1
time="2026-08-30T19:17:06-06:00" level=info msg="AWS API call" account=000000000000 api="iam:ListAccessKeys" cache=miss userName=privesc-sre-user
time="2026-08-30T19:17:06-06:00" level=info msg="AWS API call" account=000000000000 api="codedeploy:ListApplications" cache=miss region=ap-northeast-2
time="2026-08-30T19:17:06-06:00" level=info msg="AWS API call" account=000000000000 api="codedeploy:ListDeployments" cache=miss region=ap-northeast-2
time="2026-08-30T19:17:06-06:00" level=info msg="AWS API call" account=000000000000 api="iam:ListAccessKeys" cache=miss userName=privesc-ssmSendCommand-user
time="2026-08-30T19:17:06-06:00" level=info msg="AWS API call" account=000000000000 api="dynamodb:ListTables" cache=miss region=eu-central-1
time="2026-08-30T19:17:06-06:00" level=info msg="AWS API call" account=000000000000 api="ec2:DescribeImages" cache=miss region=eu-central-1
time="2026-08-30T19:17:06-06:00" level=info msg="AWS API call" account=000000000000 api="ec2:DescribeInstances" cache=miss region=eu-central-1
time="2026-08-30T19:17:06-06:00" level=info msg="AWS API call" account=000000000000 api="ec2:DescribeSnapshots" cache=miss region=eu-central-1
time="2026-08-30T19:17:06-06:00" level=info msg="AWS API call" account=000000000000 api="dynamodb:ListTables" cache=miss region=ap-northeast-2
time="2026-08-30T19:17:06-06:00" level=info msg="AWS API call" account=000000000000 api="ec2:DescribeVolumes" cache=miss region=eu-central-1
time="2026-08-30T19:17:06-06:00" level=info msg="AWS API call" account=000000000000 api="ecs:ListClusters" cache=miss region=eu-central-1
time="2026-08-30T19:17:06-06:00" level=info msg="AWS API call" account=000000000000 api="ecs:ListClusters" cache=miss region=eu-central-1
time="2026-08-30T19:17:06-06:00" level=info msg="AWS API call" account=000000000000 api="iam:ListAccessKeys" cache=miss userName=privesc-ssmStartSession-user
time="2026-08-30T19:17:06-06:00" level=info msg="AWS API call" account=000000000000 api="iam:ListAccessKeys" cache=miss userName=privesc1-CreateNewPolicyVersion-user
time="2026-08-30T19:17:06-06:00" level=info msg="AWS API call" account=000000000000 api="iam:ListAccessKeys" cache=miss userName=privesc10-PutUserPolicy-user
time="2026-08-30T19:17:06-06:00" level=info msg="AWS API call" account=000000000000 api="iam:ListAccessKeys" cache=miss userName=privesc11-PutGroupPolicy-user
time="2026-08-30T19:17:06-06:00" level=info msg="AWS API call" account=000000000000 api="ecs:ListClusters" cache=miss region=eu-central-1
time="2026-08-30T19:17:06-06:00" level=info msg="AWS API call" account=000000000000 api="ec2:DescribeImages" cache=miss region=ap-northeast-2
time="2026-08-30T19:17:07-06:00" level=info msg="AWS API call" account=000000000000 api="ec2:DescribeInstances" cache=miss region=ap-northeast-2
time="2026-08-30T19:17:07-06:00" level=info msg="AWS API call" account=000000000000 api="ec2:DescribeSnapshots" cache=miss region=ap-northeast-2
time="2026-08-30T19:17:07-06:00" level=info msg="AWS API call" account=000000000000 api="ec2:DescribeVolumes" cache=miss region=ap-northeast-2
time="2026-08-30T19:17:07-06:00" level=info msg="AWS API call" account=000000000000 api="ecr:DescribeRepositories" cache=miss region=eu-central-1
time="2026-08-30T19:17:07-06:00" level=info msg="AWS API call" account=000000000000 api="ecs:ListClusters" cache=miss region=ap-northeast-2
time="2026-08-30T19:17:07-06:00" level=info msg="AWS API call" account=000000000000 api="athena:ListDatabases" cache=miss catalogName=AwsDataCatalog region=eu-central-1
time="2026-08-30T19:17:07-06:00" level=info msg="AWS API call" account=000000000000 api="ecs:ListClusters" cache=miss region=ap-northeast-2
time="2026-08-30T19:17:07-06:00" level=info msg="AWS API call" account=000000000000 api="ecs:ListClusters" cache=miss region=ap-northeast-2
time="2026-08-30T19:17:07-06:00" level=info msg="AWS API call" account=000000000000 api="iam:ListAccessKeys" cache=miss userName=privesc12-PutRolePolicy-user
time="2026-08-30T19:17:07-06:00" level=info msg="AWS API call" account=000000000000 api="eks:ListClusters" cache=miss region=eu-central-1
time="2026-08-30T19:17:07-06:00" level=info msg="AWS API call" account=000000000000 api="eks:ListClusters" cache=miss region=eu-central-1
time="2026-08-30T19:17:07-06:00" level=info msg="AWS API call" account=000000000000 api="elbv2:DescribeLoadBalancers" cache=miss region=eu-central-1
time="2026-08-30T19:17:07-06:00" level=info msg="AWS API call" account=000000000000 api="elb:DescribeLoadBalancers" cache=miss region=eu-central-1
time="2026-08-30T19:17:07-06:00" level=info msg="AWS API call" account=000000000000 api="iam:ListAccessKeys" cache=miss userName=privesc13-AddUserToGroup-user
time="2026-08-30T19:17:07-06:00" level=info msg="AWS API call" account=000000000000 api="ecr:DescribeRepositories" cache=miss region=ap-northeast-2
time="2026-08-30T19:17:07-06:00" level=info msg="AWS API call" account=000000000000 api="athena:ListDatabases" cache=miss catalogName=AwsDataCatalog region=ap-northeast-2
time="2026-08-30T19:17:07-06:00" level=info msg="AWS API call" account=000000000000 api="elasticache:DescribeCacheClusters" cache=miss region=eu-central-1
time="2026-08-30T19:17:07-06:00" level=info msg="AWS API call" account=000000000000 api="eks:ListClusters" cache=miss region=ap-northeast-2
time="2026-08-30T19:17:07-06:00" level=info msg="AWS API call" account=000000000000 api="eks:ListClusters" cache=miss region=ap-northeast-2
time="2026-08-30T19:17:07-06:00" level=info msg="AWS API call" account=000000000000 api="elasticbeanstalk:DescribeApplications" cache=miss region=eu-central-1
time="2026-08-30T19:17:07-06:00" level=info msg="AWS API call" account=000000000000 api="emr:ListClusters" cache=miss region=eu-central-1
time="2026-08-30T19:17:07-06:00" level=info msg="AWS API call" account=000000000000 api="elbv2:DescribeLoadBalancers" cache=miss region=ap-northeast-2
time="2026-08-30T19:17:07-06:00" level=info msg="AWS API call" account=000000000000 api="iam:ListAccessKeys" cache=miss userName=privesc14-UpdatingAssumeRolePolicy-user
time="2026-08-30T19:17:07-06:00" level=info msg="AWS API call" account=000000000000 api="emr:ListClusters" cache=miss region=eu-central-1
time="2026-08-30T19:17:07-06:00" level=info msg="AWS API call" account=000000000000 api="elb:DescribeLoadBalancers" cache=miss region=ap-northeast-2
time="2026-08-30T19:17:07-06:00" level=info msg="AWS API call" account=000000000000 api="opensearch:ListDomainNames" cache=miss region=eu-central-1
time="2026-08-30T19:17:07-06:00" level=info msg="AWS API call" account=000000000000 api="elasticache:DescribeCacheClusters" cache=miss region=ap-northeast-2
time="2026-08-30T19:17:07-06:00" level=info msg="AWS API call" account=000000000000 api="elasticbeanstalk:DescribeApplications" cache=miss region=ap-northeast-2
time="2026-08-30T19:17:07-06:00" level=info msg="AWS API call" account=000000000000 api="emr:ListClusters" cache=miss region=ap-northeast-2
time="2026-08-30T19:17:07-06:00" level=info msg="AWS API call" account=000000000000 api="iam:ListAccessKeys" cache=miss userName=privesc15-PassExistingRoleToNewLambdaThenInvoke-user
time="2026-08-30T19:17:07-06:00" level=info msg="AWS API call" account=000000000000 api="emr:ListClusters" cache=miss region=ap-northeast-2
time="2026-08-30T19:17:07-06:00" level=info msg="AWS API call" account=000000000000 api="opensearch:ListDomainNames" cache=miss region=ap-northeast-2
time="2026-08-30T19:17:07-06:00" level=info msg="AWS API call" account=000000000000 api="iam:ListAccessKeys" cache=miss userName=privesc16-PassRoleToNewLambdaThenTriggerWithNewDynamo-user
time="2026-08-30T19:17:07-06:00" level=info msg="AWS API call" account=000000000000 api="iam:ListAccessKeys" cache=miss userName=privesc17-EditExistingLambdaFunctionWithRole-user
time="2026-08-30T19:17:07-06:00" level=info msg="AWS API call" account=000000000000 api="apigateway:GetRestApis" cache=miss region=sa-east-1
time="2026-08-30T19:17:07-06:00" level=info msg="AWS API call" account=000000000000 api="apigatewayv2:GetApis" cache=miss region=sa-east-1
time="2026-08-30T19:17:07-06:00" level=info msg="AWS API call" account=000000000000 api="iam:ListAccessKeys" cache=miss userName=privesc18-PassExistingRoleToNewGlueDevEndpoint-user
time="2026-08-30T19:17:07-06:00" level=info msg="AWS API call" account=000000000000 api="athena:ListDataCatalogs" cache=miss region=sa-east-1
time="2026-08-30T19:17:07-06:00" level=info msg="AWS API call" account=000000000000 api="apigateway:GetRestApis" cache=miss region=ap-northeast-3
time="2026-08-30T19:17:07-06:00" level=info msg="AWS API call" account=000000000000 api="apigatewayv2:GetApis" cache=miss region=ap-northeast-3
time="2026-08-30T19:17:07-06:00" level=info msg="AWS API call" account=000000000000 api="apigateway:GetRestApis" cache=miss region=ap-south-1
time="2026-08-30T19:17:07-06:00" level=info msg="AWS API call" account=000000000000 api="apigatewayv2:GetApis" cache=miss region=ap-south-1
time="2026-08-30T19:17:07-06:00" level=info msg="AWS API call" account=000000000000 api="iam:ListAccessKeys" cache=miss userName=privesc19-UpdateExistingGlueDevEndpoint-user
time="2026-08-30T19:17:07-06:00" level=info msg="AWS API call" account=000000000000 api="athena:ListDataCatalogs" cache=miss region=ap-northeast-3
time="2026-08-30T19:17:07-06:00" level=info msg="AWS API call" account=000000000000 api="cloudformation:ListStacks" cache=miss region=sa-east-1
time="2026-08-30T19:17:07-06:00" level=info msg="AWS API call" account=000000000000 api="apigateway:GetRestApis" cache=miss region=ap-southeast-1
time="2026-08-30T19:17:07-06:00" level=info msg="AWS API call" account=000000000000 api="apigatewayv2:GetApis" cache=miss region=ap-southeast-1
time="2026-08-30T19:17:07-06:00" level=info msg="AWS API call" account=000000000000 api="athena:ListDataCatalogs" cache=miss region=ap-south-1
time="2026-08-30T19:17:07-06:00" level=info msg="AWS API call" account=000000000000 api="apigateway:GetRestApis" cache=miss region=eu-west-2
time="2026-08-30T19:17:07-06:00" level=info msg="AWS API call" account=000000000000 api="athena:ListDataCatalogs" cache=miss region=ap-southeast-1
time="2026-08-30T19:17:07-06:00" level=info msg="AWS API call" account=000000000000 api="iam:ListAccessKeys" cache=miss userName=privesc2-SetExistingDefaultPolicyVersion-user
time="2026-08-30T19:17:07-06:00" level=info msg="AWS API call" account=000000000000 api="apigatewayv2:GetApis" cache=miss region=eu-west-2
time="2026-08-30T19:17:07-06:00" level=info msg="AWS API call" account=000000000000 api="athena:ListDataCatalogs" cache=miss region=eu-west-2
time="2026-08-30T19:17:07-06:00" level=info msg="AWS API call" account=000000000000 api="apigateway:GetRestApis" cache=miss region=us-west-2
time="2026-08-30T19:17:07-06:00" level=info msg="AWS API call" account=000000000000 api="iam:ListAccessKeys" cache=miss userName=privesc20-PassExistingRoleToCloudFormation-user
time="2026-08-30T19:17:07-06:00" level=info msg="AWS API call" account=000000000000 api="codebuild:ListProjects" cache=hit region=sa-east-1
time="2026-08-30T19:17:07-06:00" level=info msg="AWS API call" account=000000000000 api="cloudformation:ListStacks" cache=miss region=ap-northeast-3
time="2026-08-30T19:17:07-06:00" level=info msg="AWS API call" account=000000000000 api="apigatewayv2:GetApis" cache=miss region=us-west-2
time="2026-08-30T19:17:07-06:00" level=info msg="AWS API call" account=000000000000 api="codecommit:ListRepositories" cache=miss region=sa-east-1
time="2026-08-30T19:17:07-06:00" level=info msg="AWS API call" account=000000000000 api="iam:ListAccessKeys" cache=miss userName=privesc21-PassExistingRoleToNewDataPipeline-user
time="2026-08-30T19:17:07-06:00" level=info msg="AWS API call" account=000000000000 api="codedeploy:ListApplications" cache=miss region=sa-east-1
time="2026-08-30T19:17:07-06:00" level=info msg="AWS API call" account=000000000000 api="cloudformation:ListStacks" cache=miss region=eu-west-2
time="2026-08-30T19:17:07-06:00" level=info msg="AWS API call" account=000000000000 api="codeartifact:ListDomains" cache=miss region=eu-west-2
time="2026-08-30T19:17:07-06:00" level=info msg="AWS API call" account=000000000000 api="codebuild:ListProjects" cache=hit region=eu-west-2
time="2026-08-30T19:17:07-06:00" level=info msg="AWS API call" account=000000000000 api="codecommit:ListRepositories" cache=miss region=eu-west-2
time="2026-08-30T19:17:07-06:00" level=info msg="AWS API call" account=000000000000 api="codedeploy:ListApplications" cache=miss region=eu-west-2
time="2026-08-30T19:17:08-06:00" level=info msg="AWS API call" account=000000000000 api="iam:ListAccessKeys" cache=miss userName=privesc3-CreateEC2WithExistingInstanceProfile-user
time="2026-08-30T19:17:08-06:00" level=info msg="AWS API call" account=000000000000 api="codedeploy:ListDeployments" cache=miss region=sa-east-1
time="2026-08-30T19:17:08-06:00" level=info msg="AWS API call" account=000000000000 api="codedeploy:ListDeployments" cache=miss region=eu-west-2
time="2026-08-30T19:17:08-06:00" level=info msg="AWS API call" account=000000000000 api="codebuild:ListProjects" cache=hit region=ap-northeast-3
time="2026-08-30T19:17:08-06:00" level=info msg="AWS API call" account=000000000000 api="cloudformation:ListStacks" cache=miss region=ap-southeast-1
time="2026-08-30T19:17:08-06:00" level=info msg="AWS API call" account=000000000000 api="athena:ListDataCatalogs" cache=miss region=us-west-2
time="2026-08-30T19:17:08-06:00" level=info msg="AWS API call" account=000000000000 api="iam:ListAccessKeys" cache=miss userName=privesc4-CreateAccessKey-user
time="2026-08-30T19:17:08-06:00" level=info msg="AWS API call" account=000000000000 api="codecommit:ListRepositories" cache=miss region=ap-northeast-3
time="2026-08-30T19:17:08-06:00" level=info msg="AWS API call" account=000000000000 api="codeartifact:ListDomains" cache=miss region=ap-southeast-1
time="2026-08-30T19:17:08-06:00" level=info msg="AWS API call" account=000000000000 api="iam:ListAccessKeys" cache=miss userName=privesc5-CreateLoginProfile-user
time="2026-08-30T19:17:08-06:00" level=info msg="AWS API call" account=000000000000 api="athena:ListDatabases" cache=miss catalogName=AwsDataCatalog region=sa-east-1
time="2026-08-30T19:17:08-06:00" level=info msg="AWS API call" account=000000000000 api="cloudformation:ListStacks" cache=miss region=ap-south-1
time="2026-08-30T19:17:08-06:00" level=info msg="AWS API call" account=000000000000 api="codedeploy:ListApplications" cache=miss region=ap-northeast-3
time="2026-08-30T19:17:08-06:00" level=info msg="AWS API call" account=000000000000 api="apigateway:GetRestApis" cache=miss region=eu-west-1
time="2026-08-30T19:17:08-06:00" level=info msg="AWS API call" account=000000000000 api="apigatewayv2:GetApis" cache=miss region=eu-west-1
time="2026-08-30T19:17:08-06:00" level=info msg="AWS API call" account=000000000000 api="dynamodb:ListTables" cache=miss region=sa-east-1
time="2026-08-30T19:17:08-06:00" level=info msg="AWS API call" account=000000000000 api="iam:ListAccessKeys" cache=miss userName=privesc6-UpdateLoginProfile-user
time="2026-08-30T19:17:08-06:00" level=info msg="AWS API call" account=000000000000 api="codedeploy:ListDeployments" cache=miss region=ap-northeast-3
time="2026-08-30T19:17:08-06:00" level=info msg="AWS API call" account=000000000000 api="athena:ListDatabases" cache=miss catalogName=AwsDataCatalog region=eu-west-2
time="2026-08-30T19:17:08-06:00" level=info msg="AWS API call" account=000000000000 api="athena:ListDatabases" cache=miss catalogName=AwsDataCatalog region=ap-northeast-3
time="2026-08-30T19:17:08-06:00" level=info msg="AWS API call" account=000000000000 api="iam:ListAccessKeys" cache=miss userName=privesc7-AttachUserPolicy-user
time="2026-08-30T19:17:08-06:00" level=info msg="AWS API call" account=000000000000 api="athena:ListDatabases" cache=miss catalogName=AwsDataCatalog region=us-west-2
time="2026-08-30T19:17:08-06:00" level=info msg="AWS API call" account=000000000000 api="iam:ListAccessKeys" cache=miss userName=privesc8-AttachGroupPolicy-user
time="2026-08-30T19:17:08-06:00" level=info msg="AWS API call" account=000000000000 api="dynamodb:ListTables" cache=miss region=eu-west-2
time="2026-08-30T19:17:08-06:00" level=info msg="AWS API call" account=000000000000 api="codeartifact:ListDomains" cache=miss region=ap-south-1
time="2026-08-30T19:17:08-06:00" level=info msg="AWS API call" account=000000000000 api="codebuild:ListProjects" cache=hit region=ap-southeast-1
time="2026-08-30T19:17:08-06:00" level=info msg="AWS API call" account=000000000000 api="athena:ListDataCatalogs" cache=miss region=eu-west-1
time="2026-08-30T19:17:08-06:00" level=info msg="AWS API call" account=000000000000 api="ec2:DescribeImages" cache=miss region=eu-west-2
time="2026-08-30T19:17:08-06:00" level=info msg="AWS API call" account=000000000000 api="ec2:DescribeSnapshots" cache=miss region=eu-west-2
time="2026-08-30T19:17:08-06:00" level=info msg="AWS API call" account=000000000000 api="ec2:DescribeInstances" cache=miss region=eu-west-2
time="2026-08-30T19:17:08-06:00" level=info msg="AWS API call" account=000000000000 api="ec2:DescribeVolumes" cache=miss region=eu-west-2
time="2026-08-30T19:17:08-06:00" level=info msg="AWS API call" account=000000000000 api="iam:ListAccessKeys" cache=miss userName=privesc9-AttachRolePolicy-user
time="2026-08-30T19:17:08-06:00" level=info msg="AWS API call" account=000000000000 api="ec2:DescribeInstances" cache=miss region=sa-east-1
time="2026-08-30T19:17:08-06:00" level=info msg="AWS API call" account=000000000000 api="ec2:DescribeImages" cache=miss region=sa-east-1
time="2026-08-30T19:17:08-06:00" level=info msg="AWS API call" account=000000000000 api="ecs:ListClusters" cache=miss region=eu-west-2
time="2026-08-30T19:17:08-06:00" level=info msg="AWS API call" account=000000000000 api="ecs:ListClusters" cache=miss region=eu-west-2
time="2026-08-30T19:17:08-06:00" level=info msg="AWS API call" account=000000000000 api="ec2:DescribeSnapshots" cache=miss region=sa-east-1
time="2026-08-30T19:17:08-06:00" level=info msg="AWS API call" account=000000000000 api="athena:ListDatabases" cache=miss catalogName=AwsDataCatalog region=ap-southeast-1
time="2026-08-30T19:17:08-06:00" level=info msg="AWS API call" account=000000000000 api="ecs:ListClusters" cache=miss region=eu-west-2
time="2026-08-30T19:17:08-06:00" level=info msg="AWS API call" account=000000000000 api="ec2:DescribeVolumes" cache=miss region=sa-east-1
time="2026-08-30T19:17:08-06:00" level=info msg="AWS API call" account=000000000000 api="apigateway:GetRestApis" cache=miss region=ap-northeast-1
time="2026-08-30T19:17:08-06:00" level=info msg="AWS API call" account=000000000000 api="cloudfront:ListDistributions" cache=miss
time="2026-08-30T19:17:08-06:00" level=info msg="AWS API call" account=000000000000 api="ecr:DescribeRepositories" cache=miss region=eu-west-2
time="2026-08-30T19:17:08-06:00" level=info msg="AWS API call" account=000000000000 api="apigateway:GetRestApis" cache=miss region=eu-west-3
time="2026-08-30T19:17:08-06:00" level=info msg="AWS API call" account=000000000000 api="apigatewayv2:GetApis" cache=miss region=ap-northeast-1
time="2026-08-30T19:17:08-06:00" level=info msg="AWS API call" account=000000000000 api="athena:ListDatabases" cache=miss catalogName=AwsDataCatalog region=ap-south-1
time="2026-08-30T19:17:08-06:00" level=info msg="AWS API call" account=000000000000 api="eks:ListClusters" cache=miss region=eu-west-2
time="2026-08-30T19:17:08-06:00" level=info msg="AWS API call" account=000000000000 api="cloudformation:ListStacks" cache=miss region=us-west-2
time="2026-08-30T19:17:08-06:00" level=info msg="AWS API call" account=000000000000 api="eks:ListClusters" cache=miss region=eu-west-2
time="2026-08-30T19:17:08-06:00" level=info msg="AWS API call" account=000000000000 api="ecs:ListClusters" cache=miss region=sa-east-1
time="2026-08-30T19:17:08-06:00" level=info msg="AWS API call" account=000000000000 api="ecs:ListClusters" cache=miss region=sa-east-1
time="2026-08-30T19:17:08-06:00" level=info msg="AWS API call" account=000000000000 api="codecommit:ListRepositories" cache=miss region=ap-southeast-1
time="2026-08-30T19:17:08-06:00" level=info msg="AWS API call" account=000000000000 api="apigatewayv2:GetApis" cache=miss region=eu-west-3
time="2026-08-30T19:17:08-06:00" level=info msg="AWS API call" account=000000000000 api="elbv2:DescribeLoadBalancers" cache=miss region=eu-west-2
time="2026-08-30T19:17:08-06:00" level=info msg="AWS API call" account=000000000000 api="route53:ListHostedZones" cache=miss
time="2026-08-30T19:17:08-06:00" level=info msg="AWS API call" account=000000000000 api="codebuild:ListProjects" cache=hit region=ap-south-1
time="2026-08-30T19:17:08-06:00" level=info msg="AWS API call" account=000000000000 api="ecs:ListClusters" cache=miss region=sa-east-1
time="2026-08-30T19:17:08-06:00" level=info msg="AWS API call" account=000000000000 api="athena:ListDataCatalogs" cache=miss region=eu-west-3
time="2026-08-30T19:17:08-06:00" level=info msg="AWS API call" account=000000000000 api="elb:DescribeLoadBalancers" cache=miss region=eu-west-2
time="2026-08-30T19:17:09-06:00" level=info msg="AWS API call" account=000000000000 api="apigateway:GetRestApis" cache=miss region=us-west-1
time="2026-08-30T19:17:09-06:00" level=info msg="AWS API call" account=000000000000 api="elasticache:DescribeCacheClusters" cache=miss region=eu-west-2
time="2026-08-30T19:17:09-06:00" level=info msg="AWS API call" account=000000000000 api="athena:ListDataCatalogs" cache=miss region=ap-northeast-1
time="2026-08-30T19:17:09-06:00" level=info msg="AWS API call" account=000000000000 api="elasticbeanstalk:DescribeApplications" cache=miss region=eu-west-2
time="2026-08-30T19:17:09-06:00" level=info msg="AWS API call" account=000000000000 api="dynamodb:ListTables" cache=miss region=ap-northeast-3
time="2026-08-30T19:17:09-06:00" level=info msg="AWS API call" account=000000000000 api="athena:ListDatabases" cache=miss catalogName=AwsDataCatalog region=eu-west-1
time="2026-08-30T19:17:09-06:00" level=info msg="AWS API call" account=000000000000 api="apigatewayv2:GetApis" cache=miss region=us-west-1
time="2026-08-30T19:17:09-06:00" level=info msg="AWS API call" account=000000000000 api="cloudformation:ListStacks" cache=miss region=eu-west-1
time="2026-08-30T19:17:09-06:00" level=info msg="AWS API call" account=000000000000 api="emr:ListClusters" cache=miss region=eu-west-2
time="2026-08-30T19:17:09-06:00" level=info msg="AWS API call" account=000000000000 api="codedeploy:ListApplications" cache=miss region=ap-southeast-1
time="2026-08-30T19:17:09-06:00" level=info msg="AWS API call" account=000000000000 api="ecr:DescribeRepositories" cache=miss region=sa-east-1
time="2026-08-30T19:17:09-06:00" level=info msg="AWS API call" account=000000000000 api="emr:ListClusters" cache=miss region=eu-west-2
time="2026-08-30T19:17:09-06:00" level=info msg="AWS API call" account=000000000000 api="codedeploy:ListDeployments" cache=miss region=ap-southeast-1
time="2026-08-30T19:17:09-06:00" level=info msg="AWS API call" account=000000000000 api="codeartifact:ListDomains" cache=miss region=us-west-2
time="2026-08-30T19:17:09-06:00" level=info msg="AWS API call" account=000000000000 api="codeartifact:ListDomains" cache=miss region=eu-west-1
time="2026-08-30T19:17:09-06:00" level=info msg="AWS API call" account=000000000000 api="opensearch:ListDomainNames" cache=miss region=eu-west-2
time="2026-08-30T19:17:09-06:00" level=info msg="AWS API call" account=000000000000 api="route53:ListHostedZones" cache=hit
time="2026-08-30T19:17:09-06:00" level=info msg="AWS API call" account=000000000000 api="athena:ListDataCatalogs" cache=miss region=us-west-1
time="2026-08-30T19:17:09-06:00" level=info msg="AWS API call" account=000000000000 api="codebuild:ListProjects" cache=hit region=eu-west-1
time="2026-08-30T19:17:09-06:00" level=info msg="AWS API call" account=000000000000 api="codecommit:ListRepositories" cache=miss region=ap-south-1
time="2026-08-30T19:17:09-06:00" level=info msg="AWS API call" account=000000000000 api="ec2:DescribeImages" cache=miss region=ap-northeast-3
time="2026-08-30T19:17:09-06:00" level=info msg="AWS API call" account=000000000000 api="ec2:DescribeInstances" cache=miss region=ap-northeast-3
time="2026-08-30T19:17:09-06:00" level=info msg="AWS API call" account=000000000000 api="ec2:DescribeSnapshots" cache=miss region=ap-northeast-3
time="2026-08-30T19:17:09-06:00" level=info msg="AWS API call" account=000000000000 api="eks:ListClusters" cache=miss region=sa-east-1
time="2026-08-30T19:17:09-06:00" level=info msg="AWS API call" account=000000000000 api="ec2:DescribeVolumes" cache=miss region=ap-northeast-3
time="2026-08-30T19:17:09-06:00" level=info msg="AWS API call" account=000000000000 api="eks:ListClusters" cache=miss region=sa-east-1
time="2026-08-30T19:17:09-06:00" level=info msg="AWS API call" account=000000000000 api="codecommit:ListRepositories" cache=miss region=eu-west-1
time="2026-08-30T19:17:09-06:00" level=info msg="AWS API call" account=000000000000 api="codedeploy:ListApplications" cache=miss region=eu-west-1
time="2026-08-30T19:17:09-06:00" level=info msg="AWS API call" account=000000000000 api="codedeploy:ListDeployments" cache=miss region=eu-west-1
time="2026-08-30T19:17:09-06:00" level=info msg="AWS API call" account=000000000000 api="ecs:ListClusters" cache=miss region=ap-northeast-3
time="2026-08-30T19:17:09-06:00" level=info msg="AWS API call" account=000000000000 api="ecs:ListClusters" cache=miss region=ap-northeast-3
time="2026-08-30T19:17:09-06:00" level=info msg="AWS API call" account=000000000000 api="ecs:ListClusters" cache=miss region=ap-northeast-3
time="2026-08-30T19:17:09-06:00" level=info msg="AWS API call" account=000000000000 api="athena:ListDatabases" cache=miss catalogName=AwsDataCatalog region=us-west-1
time="2026-08-30T19:17:09-06:00" level=info msg="AWS API call" account=000000000000 api="codebuild:ListProjects" cache=hit region=us-west-2
time="2026-08-30T19:17:09-06:00" level=info msg="AWS API call" account=000000000000 api="elb:DescribeLoadBalancers" cache=miss region=sa-east-1
time="2026-08-30T19:17:09-06:00" level=info msg="AWS API call" account=000000000000 api="athena:ListDatabases" cache=miss catalogName=AwsDataCatalog region=eu-west-3
time="2026-08-30T19:17:09-06:00" level=info msg="AWS API call" account=000000000000 api="codedeploy:ListApplications" cache=miss region=ap-south-1
time="2026-08-30T19:17:09-06:00" level=info msg="AWS API call" account=000000000000 api="apigateway:GetRestApis" cache=miss region=ca-central-1
time="2026-08-30T19:17:09-06:00" level=info msg="AWS API call" account=000000000000 api="elbv2:DescribeLoadBalancers" cache=miss region=sa-east-1
time="2026-08-30T19:17:09-06:00" level=info msg="AWS API call" account=000000000000 api="apigatewayv2:GetApis" cache=miss region=ca-central-1
time="2026-08-30T19:17:09-06:00" level=info msg="AWS API call" account=000000000000 api="codedeploy:ListDeployments" cache=miss region=ap-south-1
time="2026-08-30T19:17:09-06:00" level=info msg="AWS API call" account=000000000000 api="cloudformation:ListStacks" cache=miss region=eu-west-3
time="2026-08-30T19:17:09-06:00" level=info msg="AWS API call" account=000000000000 api="ecr:DescribeRepositories" cache=miss region=ap-northeast-3
time="2026-08-30T19:17:09-06:00" level=info msg="AWS API call" account=000000000000 api="cloudformation:ListStacks" cache=miss region=ap-northeast-1
time="2026-08-30T19:17:09-06:00" level=info msg="AWS API call" account=000000000000 api="elasticache:DescribeCacheClusters" cache=miss region=sa-east-1
time="2026-08-30T19:17:09-06:00" level=info msg="AWS API call" account=000000000000 api="athena:ListDatabases" cache=miss catalogName=AwsDataCatalog region=ap-northeast-1
time="2026-08-30T19:17:09-06:00" level=info msg="AWS API call" account=000000000000 api="cloudformation:ListStacks" cache=miss region=us-west-1
time="2026-08-30T19:17:09-06:00" level=info msg="AWS API call" account=000000000000 api="athena:ListDataCatalogs" cache=miss region=ca-central-1
time="2026-08-30T19:17:09-06:00" level=info msg="AWS API call" account=000000000000 api="codeartifact:ListDomains" cache=miss region=eu-west-3
time="2026-08-30T19:17:09-06:00" level=info msg="AWS API call" account=000000000000 api="dynamodb:ListTables" cache=miss region=ap-southeast-1
time="2026-08-30T19:17:09-06:00" level=info msg="AWS API call" account=000000000000 api="elasticbeanstalk:DescribeApplications" cache=miss region=sa-east-1
time="2026-08-30T19:17:09-06:00" level=info msg="AWS API call" account=000000000000 api="codecommit:ListRepositories" cache=miss region=us-west-2
time="2026-08-30T19:17:09-06:00" level=info msg="AWS API call" account=000000000000 api="eks:ListClusters" cache=miss region=ap-northeast-3
time="2026-08-30T19:17:09-06:00" level=info msg="AWS API call" account=000000000000 api="eks:ListClusters" cache=miss region=ap-northeast-3
time="2026-08-30T19:17:09-06:00" level=info msg="AWS API call" account=000000000000 api="dynamodb:ListTables" cache=miss region=eu-west-1
time="2026-08-30T19:17:09-06:00" level=info msg="AWS API call" account=000000000000 api="codebuild:ListProjects" cache=hit region=eu-west-3
time="2026-08-30T19:17:09-06:00" level=info msg="AWS API call" account=000000000000 api="ec2:DescribeInstances" cache=miss region=eu-west-1
time="2026-08-30T19:17:09-06:00" level=info msg="AWS API call" account=000000000000 api="ec2:DescribeImages" cache=miss region=eu-west-1
time="2026-08-30T19:17:09-06:00" level=info msg="AWS API call" account=000000000000 api="ec2:DescribeSnapshots" cache=miss region=eu-west-1
time="2026-08-30T19:17:09-06:00" level=info msg="AWS API call" account=000000000000 api="codeartifact:ListDomains" cache=miss region=ap-northeast-1
time="2026-08-30T19:17:10-06:00" level=info msg="AWS API call" account=000000000000 api="emr:ListClusters" cache=miss region=sa-east-1
time="2026-08-30T19:17:10-06:00" level=info msg="AWS API call" account=000000000000 api="emr:ListClusters" cache=miss region=sa-east-1
time="2026-08-30T19:17:10-06:00" level=info msg="AWS API call" account=000000000000 api="ec2:DescribeVolumes" cache=miss region=eu-west-1
time="2026-08-30T19:17:10-06:00" level=info msg="AWS API call" account=000000000000 api="elbv2:DescribeLoadBalancers" cache=miss region=ap-northeast-3
time="2026-08-30T19:17:10-06:00" level=info msg="AWS API call" account=000000000000 api="athena:ListDatabases" cache=miss catalogName=AwsDataCatalog region=ca-central-1
time="2026-08-30T19:17:10-06:00" level=info msg="AWS API call" account=000000000000 api="ecs:ListClusters" cache=miss region=eu-west-1
time="2026-08-30T19:17:10-06:00" level=info msg="AWS API call" account=000000000000 api="ec2:DescribeImages" cache=miss region=ap-southeast-1
time="2026-08-30T19:17:10-06:00" level=info msg="AWS API call" account=000000000000 api="ec2:DescribeInstances" cache=miss region=ap-southeast-1
time="2026-08-30T19:17:10-06:00" level=info msg="AWS API call" account=000000000000 api="ec2:DescribeSnapshots" cache=miss region=ap-southeast-1
time="2026-08-30T19:17:10-06:00" level=info msg="AWS API call" account=000000000000 api="ecs:ListClusters" cache=miss region=eu-west-1
time="2026-08-30T19:17:10-06:00" level=info msg="AWS API call" account=000000000000 api="codecommit:ListRepositories" cache=miss region=eu-west-3
time="2026-08-30T19:17:10-06:00" level=info msg="AWS API call" account=000000000000 api="ecs:ListClusters" cache=miss region=eu-west-1
time="2026-08-30T19:17:10-06:00" level=info msg="AWS API call" account=000000000000 api="elb:DescribeLoadBalancers" cache=miss region=ap-northeast-3
time="2026-08-30T19:17:10-06:00" level=info msg="AWS API call" account=000000000000 api="ec2:DescribeVolumes" cache=miss region=ap-southeast-1
time="2026-08-30T19:17:10-06:00" level=info msg="AWS API call" account=000000000000 api="dynamodb:ListTables" cache=miss region=ap-south-1
time="2026-08-30T19:17:10-06:00" level=info msg="AWS API call" account=000000000000 api="opensearch:ListDomainNames" cache=miss region=sa-east-1
time="2026-08-30T19:17:10-06:00" level=info msg="AWS API call" account=000000000000 api="codedeploy:ListApplications" cache=miss region=us-west-2
time="2026-08-30T19:17:10-06:00" level=info msg="AWS API call" account=000000000000 api="codebuild:ListProjects" cache=hit region=ap-northeast-1
time="2026-08-30T19:17:10-06:00" level=info msg="AWS API call" account=000000000000 api="codedeploy:ListDeployments" cache=miss region=us-west-2
time="2026-08-30T19:17:10-06:00" level=info msg="AWS API call" account=000000000000 api="ecr:DescribeRepositories" cache=miss region=eu-west-1
time="2026-08-30T19:17:10-06:00" level=info msg="AWS API call" account=000000000000 api="codedeploy:ListApplications" cache=miss region=eu-west-3
time="2026-08-30T19:17:10-06:00" level=info msg="AWS API call" account=000000000000 api="codedeploy:ListDeployments" cache=miss region=eu-west-3
time="2026-08-30T19:17:10-06:00" level=info msg="AWS API call" account=000000000000 api="codebuild:ListProjects" cache=hit region=us-west-1
time="2026-08-30T19:17:10-06:00" level=info msg="AWS API call" account=000000000000 api="eks:ListClusters" cache=miss region=eu-west-1
time="2026-08-30T19:17:10-06:00" level=info msg="AWS API call" account=000000000000 api="eks:ListClusters" cache=miss region=eu-west-1
time="2026-08-30T19:17:10-06:00" level=info msg="AWS API call" account=000000000000 api="elasticache:DescribeCacheClusters" cache=miss region=ap-northeast-3
time="2026-08-30T19:17:10-06:00" level=info msg="AWS API call" account=000000000000 api="ecs:ListClusters" cache=miss region=ap-southeast-1
time="2026-08-30T19:17:10-06:00" level=info msg="AWS API call" account=000000000000 api="ecs:ListClusters" cache=miss region=ap-southeast-1
time="2026-08-30T19:17:10-06:00" level=info msg="AWS API call" account=000000000000 api="ecs:ListClusters" cache=miss region=ap-southeast-1
time="2026-08-30T19:17:10-06:00" level=info msg="AWS API call" account=000000000000 api="ec2:DescribeImages" cache=miss region=ap-south-1
time="2026-08-30T19:17:10-06:00" level=info msg="AWS API call" account=000000000000 api="ec2:DescribeInstances" cache=miss region=ap-south-1
time="2026-08-30T19:17:10-06:00" level=info msg="AWS API call" account=000000000000 api="ec2:DescribeSnapshots" cache=miss region=ap-south-1
time="2026-08-30T19:17:10-06:00" level=info msg="AWS API call" account=000000000000 api="cloudformation:ListStacks" cache=miss region=ca-central-1
time="2026-08-30T19:17:10-06:00" level=info msg="AWS API call" account=000000000000 api="codecommit:ListRepositories" cache=miss region=ap-northeast-1
time="2026-08-30T19:17:10-06:00" level=info msg="AWS API call" account=000000000000 api="ec2:DescribeVolumes" cache=miss region=ap-south-1
time="2026-08-30T19:17:10-06:00" level=info msg="AWS API call" account=000000000000 api="elbv2:DescribeLoadBalancers" cache=miss region=eu-west-1
time="2026-08-30T19:17:10-06:00" level=info msg="AWS API call" account=000000000000 api="codecommit:ListRepositories" cache=miss region=us-west-1
time="2026-08-30T19:17:10-06:00" level=info msg="AWS API call" account=000000000000 api="elasticbeanstalk:DescribeApplications" cache=miss region=ap-northeast-3
time="2026-08-30T19:17:10-06:00" level=info msg="AWS API call" account=000000000000 api="elb:DescribeLoadBalancers" cache=miss region=eu-west-1
time="2026-08-30T19:17:10-06:00" level=info msg="AWS API call" account=000000000000 api="elasticache:DescribeCacheClusters" cache=miss region=eu-west-1
time="2026-08-30T19:17:10-06:00" level=info msg="AWS API call" account=000000000000 api="codedeploy:ListApplications" cache=miss region=ap-northeast-1
time="2026-08-30T19:17:10-06:00" level=info msg="AWS API call" account=000000000000 api="codedeploy:ListApplications" cache=miss region=us-west-1
time="2026-08-30T19:17:10-06:00" level=info msg="AWS API call" account=000000000000 api="codedeploy:ListDeployments" cache=miss region=us-west-1
time="2026-08-30T19:17:10-06:00" level=info msg="AWS API call" account=000000000000 api="codedeploy:ListDeployments" cache=miss region=ap-northeast-1
time="2026-08-30T19:17:10-06:00" level=info msg="AWS API call" account=000000000000 api="ecs:ListClusters" cache=miss region=ap-south-1
time="2026-08-30T19:17:10-06:00" level=info msg="AWS API call" account=000000000000 api="elasticbeanstalk:DescribeApplications" cache=miss region=eu-west-1
time="2026-08-30T19:17:11-06:00" level=info msg="AWS API call" account=000000000000 api="ecs:ListClusters" cache=miss region=ap-south-1
time="2026-08-30T19:17:11-06:00" level=info msg="AWS API call" account=000000000000 api="ecs:ListClusters" cache=miss region=ap-south-1
time="2026-08-30T19:17:11-06:00" level=info msg="AWS API call" account=000000000000 api="ecr:DescribeRepositories" cache=miss region=ap-southeast-1
time="2026-08-30T19:17:11-06:00" level=info msg="AWS API call" account=000000000000 api="emr:ListClusters" cache=miss region=ap-northeast-3
time="2026-08-30T19:17:11-06:00" level=info msg="AWS API call" account=000000000000 api="emr:ListClusters" cache=miss region=eu-west-1
time="2026-08-30T19:17:11-06:00" level=info msg="AWS API call" account=000000000000 api="emr:ListClusters" cache=miss region=eu-west-1
time="2026-08-30T19:17:11-06:00" level=info msg="AWS API call" account=000000000000 api="emr:ListClusters" cache=miss region=ap-northeast-3
time="2026-08-30T19:17:11-06:00" level=info msg="AWS API call" account=000000000000 api="opensearch:ListDomainNames" cache=miss region=eu-west-1
time="2026-08-30T19:17:11-06:00" level=info msg="AWS API call" account=000000000000 api="dynamodb:ListTables" cache=miss region=eu-west-3
time="2026-08-30T19:17:11-06:00" level=info msg="AWS API call" account=000000000000 api="opensearch:ListDomainNames" cache=miss region=ap-northeast-3
time="2026-08-30T19:17:11-06:00" level=info msg="AWS API call" account=000000000000 api="dynamodb:ListTables" cache=miss region=us-west-2
time="2026-08-30T19:17:11-06:00" level=info msg="AWS API call" account=000000000000 api="eks:ListClusters" cache=miss region=ap-southeast-1
time="2026-08-30T19:17:11-06:00" level=info msg="AWS API call" account=000000000000 api="eks:ListClusters" cache=miss region=ap-southeast-1
time="2026-08-30T19:17:11-06:00" level=info msg="AWS API call" account=000000000000 api="ec2:DescribeInstances" cache=miss region=eu-west-3
time="2026-08-30T19:17:11-06:00" level=info msg="AWS API call" account=000000000000 api="ec2:DescribeImages" cache=miss region=eu-west-3
time="2026-08-30T19:17:11-06:00" level=info msg="AWS API call" account=000000000000 api="codebuild:ListProjects" cache=hit region=ca-central-1
time="2026-08-30T19:17:11-06:00" level=info msg="AWS API call" account=000000000000 api="ec2:DescribeSnapshots" cache=miss region=eu-west-3
time="2026-08-30T19:17:11-06:00" level=info msg="AWS API call" account=000000000000 api="ec2:DescribeVolumes" cache=miss region=eu-west-3
time="2026-08-30T19:17:11-06:00" level=info msg="AWS API call" account=000000000000 api="ecr:DescribeRepositories" cache=miss region=ap-south-1
time="2026-08-30T19:17:11-06:00" level=info msg="AWS API call" account=000000000000 api="dynamodb:ListTables" cache=miss region=us-west-1
time="2026-08-30T19:17:11-06:00" level=info msg="AWS API call" account=000000000000 api="opensearch:ListDomainNames" cache=miss region=eu-west-3
time="2026-08-30T19:17:11-06:00" level=info msg="AWS API call" account=000000000000 api="emr:ListClusters" cache=miss region=eu-west-3
time="2026-08-30T19:17:11-06:00" level=info msg="AWS API call" account=000000000000 api="ecs:ListClusters" cache=miss region=eu-west-3
time="2026-08-30T19:17:11-06:00" level=info msg="AWS API call" account=000000000000 api="ecs:ListClusters" cache=miss region=eu-west-3
time="2026-08-30T19:17:11-06:00" level=info msg="AWS API call" account=000000000000 api="ecs:ListClusters" cache=miss region=eu-west-3
time="2026-08-30T19:17:11-06:00" level=info msg="AWS API call" account=000000000000 api="ecr:DescribeRepositories" cache=miss region=eu-west-3
time="2026-08-30T19:17:11-06:00" level=info msg="AWS API call" account=000000000000 api="eks:ListClusters" cache=miss region=eu-west-3
time="2026-08-30T19:17:11-06:00" level=info msg="AWS API call" account=000000000000 api="eks:ListClusters" cache=miss region=eu-west-3
time="2026-08-30T19:17:11-06:00" level=info msg="AWS API call" account=000000000000 api="elbv2:DescribeLoadBalancers" cache=miss region=eu-west-3
time="2026-08-30T19:17:11-06:00" level=info msg="AWS API call" account=000000000000 api="elb:DescribeLoadBalancers" cache=miss region=eu-west-3
time="2026-08-30T19:17:11-06:00" level=info msg="AWS API call" account=000000000000 api="elasticache:DescribeCacheClusters" cache=miss region=eu-west-3
time="2026-08-30T19:17:11-06:00" level=info msg="AWS API call" account=000000000000 api="elasticbeanstalk:DescribeApplications" cache=miss region=eu-west-3
time="2026-08-30T19:17:11-06:00" level=info msg="AWS API call" account=000000000000 api="emr:ListClusters" cache=miss region=eu-west-3
time="2026-08-30T19:17:11-06:00" level=info msg="AWS API call" account=000000000000 api="ecs:ListClusters" cache=miss region=us-west-1
time="2026-08-30T19:17:11-06:00" level=info msg="AWS API call" account=000000000000 api="ec2:DescribeInstances" cache=miss region=us-west-1
time="2026-08-30T19:17:11-06:00" level=info msg="AWS API call" account=000000000000 api="ec2:DescribeImages" cache=miss region=us-west-1
time="2026-08-30T19:17:11-06:00" level=info msg="AWS API call" account=000000000000 api="ec2:DescribeSnapshots" cache=miss region=us-west-1
time="2026-08-30T19:17:11-06:00" level=info msg="AWS API call" account=000000000000 api="ec2:DescribeVolumes" cache=miss region=ap-northeast-1
time="2026-08-30T19:17:11-06:00" level=info msg="AWS API call" account=000000000000 api="dynamodb:ListTables" cache=miss region=ap-northeast-1
time="2026-08-30T19:17:11-06:00" level=info msg="AWS API call" account=000000000000 api="ec2:DescribeInstances" cache=miss region=ap-northeast-1
time="2026-08-30T19:17:11-06:00" level=info msg="AWS API call" account=000000000000 api="ec2:DescribeImages" cache=miss region=ap-northeast-1
time="2026-08-30T19:17:11-06:00" level=info msg="AWS API call" account=000000000000 api="ec2:DescribeSnapshots" cache=miss region=ap-northeast-1
time="2026-08-30T19:17:11-06:00" level=info msg="AWS API call" account=000000000000 api="ec2:DescribeVolumes" cache=miss region=us-west-1
time="2026-08-30T19:17:12-06:00" level=info msg="AWS API call" account=000000000000 api="elb:DescribeLoadBalancers" cache=miss region=ap-southeast-1
time="2026-08-30T19:17:12-06:00" level=info msg="AWS API call" account=000000000000 api="ec2:DescribeSnapshots" cache=miss region=us-west-2
time="2026-08-30T19:17:12-06:00" level=info msg="AWS API call" account=000000000000 api="ecs:ListClusters" cache=miss region=us-west-1
time="2026-08-30T19:17:12-06:00" level=info msg="AWS API call" account=000000000000 api="eks:ListClusters" cache=miss region=ap-northeast-1
time="2026-08-30T19:17:12-06:00" level=info msg="AWS API call" account=000000000000 api="ecs:ListClusters" cache=miss region=ap-northeast-1
time="2026-08-30T19:17:12-06:00" level=info msg="AWS API call" account=000000000000 api="ecs:ListClusters" cache=miss region=ap-northeast-1
time="2026-08-30T19:17:12-06:00" level=info msg="AWS API call" account=000000000000 api="ecs:ListClusters" cache=miss region=ap-northeast-1
time="2026-08-30T19:17:12-06:00" level=info msg="AWS API call" account=000000000000 api="ecr:DescribeRepositories" cache=miss region=ap-northeast-1
time="2026-08-30T19:17:12-06:00" level=info msg="AWS API call" account=000000000000 api="eks:ListClusters" cache=miss region=ap-northeast-1
time="2026-08-30T19:17:12-06:00" level=info msg="AWS API call" account=000000000000 api="ecs:ListClusters" cache=miss region=us-west-2
time="2026-08-30T19:17:12-06:00" level=info msg="AWS API call" account=000000000000 api="ec2:DescribeVolumes" cache=miss region=us-west-2
time="2026-08-30T19:17:12-06:00" level=info msg="AWS API call" account=000000000000 api="ecs:ListClusters" cache=hit region=us-west-1
time="2026-08-30T19:17:12-06:00" level=info msg="AWS API call" account=000000000000 api="elbv2:DescribeLoadBalancers" cache=miss region=us-west-1
time="2026-08-30T19:17:12-06:00" level=info msg="AWS API call" account=000000000000 api="ecr:DescribeRepositories" cache=miss region=us-west-1
time="2026-08-30T19:17:12-06:00" level=info msg="AWS API call" account=000000000000 api="eks:ListClusters" cache=miss region=us-west-1
time="2026-08-30T19:17:12-06:00" level=info msg="AWS API call" account=000000000000 api="eks:ListClusters" cache=miss region=us-west-1
time="2026-08-30T19:17:12-06:00" level=info msg="AWS API call" account=000000000000 api="ecs:ListClusters" cache=miss region=us-west-2
time="2026-08-30T19:17:12-06:00" level=info msg="AWS API call" account=000000000000 api="elasticache:DescribeCacheClusters" cache=miss region=us-west-1
time="2026-08-30T19:17:12-06:00" level=info msg="AWS API call" account=000000000000 api="elb:DescribeLoadBalancers" cache=miss region=us-west-1
time="2026-08-30T19:17:12-06:00" level=info msg="AWS API call" account=000000000000 api="ec2:DescribeImages" cache=miss region=us-west-2
time="2026-08-30T19:17:12-06:00" level=info msg="AWS API call" account=000000000000 api="elasticbeanstalk:DescribeApplications" cache=miss region=us-west-1
time="2026-08-30T19:17:12-06:00" level=info msg="AWS API call" account=000000000000 api="emr:ListClusters" cache=miss region=us-west-1
time="2026-08-30T19:17:12-06:00" level=info msg="AWS API call" account=000000000000 api="elasticbeanstalk:DescribeApplications" cache=miss region=ap-southeast-1
time="2026-08-30T19:17:12-06:00" level=info msg="AWS API call" account=000000000000 api="emr:ListClusters" cache=miss region=ap-southeast-1
time="2026-08-30T19:17:12-06:00" level=info msg="AWS API call" account=000000000000 api="ec2:DescribeInstances" cache=miss region=ca-central-1
time="2026-08-30T19:17:12-06:00" level=info msg="AWS API call" account=000000000000 api="codecommit:ListRepositories" cache=miss region=ca-central-1
time="2026-08-30T19:17:12-06:00" level=info msg="AWS API call" account=000000000000 api="codedeploy:ListApplications" cache=miss region=ca-central-1
time="2026-08-30T19:17:12-06:00" level=info msg="AWS API call" account=000000000000 api="codedeploy:ListDeployments" cache=miss region=ca-central-1
time="2026-08-30T19:17:12-06:00" level=info msg="AWS API call" account=000000000000 api="dynamodb:ListTables" cache=miss region=ca-central-1
time="2026-08-30T19:17:12-06:00" level=info msg="AWS API call" account=000000000000 api="ec2:DescribeImages" cache=miss region=ca-central-1
time="2026-08-30T19:17:12-06:00" level=info msg="AWS API call" account=000000000000 api="elb:DescribeLoadBalancers" cache=miss region=ap-south-1
time="2026-08-30T19:17:12-06:00" level=info msg="AWS API call" account=000000000000 api="eks:ListClusters" cache=miss region=ap-south-1
time="2026-08-30T19:17:12-06:00" level=info msg="AWS API call" account=000000000000 api="eks:ListClusters" cache=miss region=ap-south-1
time="2026-08-30T19:17:12-06:00" level=info msg="AWS API call" account=000000000000 api="elbv2:DescribeLoadBalancers" cache=miss region=ap-south-1
time="2026-08-30T19:17:12-06:00" level=info msg="AWS API call" account=000000000000 api="elasticbeanstalk:DescribeApplications" cache=miss region=ap-south-1
time="2026-08-30T19:17:12-06:00" level=info msg="AWS API call" account=000000000000 api="elasticache:DescribeCacheClusters" cache=miss region=ap-south-1
time="2026-08-30T19:17:12-06:00" level=info msg="AWS API call" account=000000000000 api="emr:ListClusters" cache=miss region=ap-south-1
time="2026-08-30T19:17:12-06:00" level=info msg="AWS API call" account=000000000000 api="ecs:ListClusters" cache=miss region=ca-central-1
time="2026-08-30T19:17:12-06:00" level=info msg="AWS API call" account=000000000000 api="ec2:DescribeInstances" cache=miss region=us-west-2
time="2026-08-30T19:17:12-06:00" level=info msg="AWS API call" account=000000000000 api="ecs:ListClusters" cache=miss region=ca-central-1
time="2026-08-30T19:17:12-06:00" level=info msg="AWS API call" account=000000000000 api="ec2:DescribeSnapshots" cache=miss region=ca-central-1
time="2026-08-30T19:17:12-06:00" level=info msg="AWS API call" account=000000000000 api="emr:ListClusters" cache=hit region=us-west-1
time="2026-08-30T19:17:12-06:00" level=info msg="AWS API call" account=000000000000 api="elbv2:DescribeLoadBalancers" cache=miss region=ap-northeast-1
time="2026-08-30T19:17:12-06:00" level=info msg="AWS API call" account=000000000000 api="ecs:ListClusters" cache=hit region=us-west-2
time="2026-08-30T19:17:12-06:00" level=info msg="AWS API call" account=000000000000 api="elb:DescribeLoadBalancers" cache=miss region=ap-northeast-1
time="2026-08-30T19:17:12-06:00" level=info msg="AWS API call" account=000000000000 api="emr:ListClusters" cache=miss region=ap-south-1
time="2026-08-30T19:17:12-06:00" level=info msg="AWS API call" account=000000000000 api="ecs:ListClusters" cache=miss region=ca-central-1
time="2026-08-30T19:17:12-06:00" level=info msg="AWS API call" account=000000000000 api="emr:ListClusters" cache=miss region=ap-southeast-1
time="2026-08-30T19:17:12-06:00" level=info msg="AWS API call" account=000000000000 api="ecr:DescribeRepositories" cache=miss region=us-west-2
time="2026-08-30T19:17:12-06:00" level=info msg="AWS API call" account=000000000000 api="ec2:DescribeVolumes" cache=miss region=ca-central-1
time="2026-08-30T19:17:12-06:00" level=info msg="AWS API call" account=000000000000 api="elasticache:DescribeCacheClusters" cache=miss region=ap-southeast-1
time="2026-08-30T19:17:12-06:00" level=info msg="AWS API call" account=000000000000 api="elbv2:DescribeLoadBalancers" cache=miss region=ap-southeast-1
time="2026-08-30T19:17:12-06:00" level=info msg="AWS API call" account=000000000000 api="opensearch:ListDomainNames" cache=miss region=us-west-1
time="2026-08-30T19:17:12-06:00" level=info msg="AWS API call" account=000000000000 api="opensearch:ListDomainNames" cache=miss region=ap-south-1
time="2026-08-30T19:17:12-06:00" level=info msg="AWS API call" account=000000000000 api="ecr:DescribeRepositories" cache=miss region=ca-central-1
time="2026-08-30T19:17:12-06:00" level=info msg="AWS API call" account=000000000000 api="opensearch:ListDomainNames" cache=miss region=ap-southeast-1
time="2026-08-30T19:17:12-06:00" level=info msg="AWS API call" account=000000000000 api="elasticache:DescribeCacheClusters" cache=miss region=ap-northeast-1
time="2026-08-30T19:17:12-06:00" level=info msg="AWS API call" account=000000000000 api="eks:ListClusters" cache=miss region=ca-central-1
time="2026-08-30T19:17:12-06:00" level=info msg="AWS API call" account=000000000000 api="eks:ListClusters" cache=miss region=ca-central-1
time="2026-08-30T19:17:12-06:00" level=info msg="AWS API call" account=000000000000 api="eks:ListClusters" cache=miss region=us-west-2
time="2026-08-30T19:17:12-06:00" level=info msg="AWS API call" account=000000000000 api="eks:ListClusters" cache=miss region=us-west-2
time="2026-08-30T19:17:12-06:00" level=info msg="AWS API call" account=000000000000 api="elasticbeanstalk:DescribeApplications" cache=miss region=ap-northeast-1
time="2026-08-30T19:17:12-06:00" level=info msg="AWS API call" account=000000000000 api="elbv2:DescribeLoadBalancers" cache=miss region=ca-central-1
time="2026-08-30T19:17:12-06:00" level=info msg="AWS API call" account=000000000000 api="elb:DescribeLoadBalancers" cache=miss region=ca-central-1
time="2026-08-30T19:17:13-06:00" level=info msg="AWS API call" account=000000000000 api="emr:ListClusters" cache=miss region=ap-northeast-1
time="2026-08-30T19:17:13-06:00" level=info msg="AWS API call" account=000000000000 api="emr:ListClusters" cache=miss region=ap-northeast-1
time="2026-08-30T19:17:13-06:00" level=info msg="AWS API call" account=000000000000 api="elbv2:DescribeLoadBalancers" cache=miss region=us-west-2
time="2026-08-30T19:17:13-06:00" level=info msg="AWS API call" account=000000000000 api="elb:DescribeLoadBalancers" cache=miss region=us-west-2
time="2026-08-30T19:17:13-06:00" level=info msg="AWS API call" account=000000000000 api="elasticache:DescribeCacheClusters" cache=miss region=ca-central-1
time="2026-08-30T19:17:13-06:00" level=info msg="AWS API call" account=000000000000 api="opensearch:ListDomainNames" cache=miss region=ap-northeast-1
time="2026-08-30T19:17:13-06:00" level=info msg="AWS API call" account=000000000000 api="elasticbeanstalk:DescribeApplications" cache=miss region=ca-central-1
time="2026-08-30T19:17:13-06:00" level=info msg="AWS API call" account=000000000000 api="elasticache:DescribeCacheClusters" cache=miss region=us-west-2
time="2026-08-30T19:17:13-06:00" level=info msg="AWS API call" account=000000000000 api="emr:ListClusters" cache=miss region=ca-central-1
time="2026-08-30T19:17:13-06:00" level=info msg="AWS API call" account=000000000000 api="emr:ListClusters" cache=miss region=ca-central-1
time="2026-08-30T19:17:13-06:00" level=info msg="AWS API call" account=000000000000 api="opensearch:ListDomainNames" cache=miss region=ca-central-1
time="2026-08-30T19:17:13-06:00" level=info msg="AWS API call" account=000000000000 api="elasticbeanstalk:DescribeApplications" cache=miss region=us-west-2
time="2026-08-30T19:17:13-06:00" level=info msg="AWS API call" account=000000000000 api="emr:ListClusters" cache=miss region=us-west-2
time="2026-08-30T19:17:13-06:00" level=info msg="AWS API call" account=000000000000 api="emr:ListClusters" cache=miss region=us-west-2
time="2026-08-30T19:17:13-06:00" level=info msg="AWS API call" account=000000000000 api="opensearch:ListDomainNames" cache=miss region=us-west-2
time="2026-08-30T19:17:13-06:00" level=info msg="AWS API call" account=000000000000 api="grafana:ListWorkspaces" cache=miss region=us-east-2
time="2026-08-30T19:17:13-06:00" level=info msg="AWS API call" account=000000000000 api="glue:ListJobs" cache=miss region=us-east-2
time="2026-08-30T19:17:13-06:00" level=info msg="AWS API call" account=000000000000 api="glue:ListDevEndpoints" cache=miss region=us-east-2
time="2026-08-30T19:17:13-06:00" level=info msg="AWS API call" account=000000000000 api="glue:GetDatabases" cache=miss region=us-east-2
time="2026-08-30T19:17:13-06:00" level=info msg="AWS API call" account=000000000000 api="kinesis:ListStreams" cache=miss region=us-east-2
time="2026-08-30T19:17:13-06:00" level=info msg="AWS API call" account=000000000000 api="glue:GetDatabases" cache=miss region=us-east-2
time="2026-08-30T19:17:13-06:00" level=info msg="AWS API call" account=000000000000 api="lambda:ListFunctions" cache=miss region=us-east-2
time="2026-08-30T19:17:13-06:00" level=info msg="AWS API call" account=000000000000 api="lightsail:GetContainerServices" cache=miss region=us-east-2
time="2026-08-30T19:17:13-06:00" level=info msg="AWS API call" account=000000000000 api="mq:ListBrokers" cache=miss region=us-east-2
time="2026-08-30T19:17:13-06:00" level=info msg="AWS API call" account=000000000000 api="grafana:ListWorkspaces" cache=miss region=us-east-1
time="2026-08-30T19:17:13-06:00" level=info msg="AWS API call" account=000000000000 api="glue:ListJobs" cache=miss region=us-east-1
time="2026-08-30T19:17:13-06:00" level=info msg="AWS API call" account=000000000000 api="glue:GetDatabases" cache=miss region=us-east-1
time="2026-08-30T19:17:13-06:00" level=info msg="AWS API call" account=000000000000 api="glue:GetDatabases" cache=miss region=us-east-1
time="2026-08-30T19:17:13-06:00" level=info msg="AWS API call" account=000000000000 api="glue:ListDevEndpoints" cache=miss region=us-east-1
time="2026-08-30T19:17:13-06:00" level=info msg="AWS API call" account=000000000000 api="kinesis:ListStreams" cache=miss region=us-east-1
time="2026-08-30T19:17:13-06:00" level=info msg="AWS API call" account=000000000000 api="lambda:ListFunctions" cache=miss region=us-east-1
time="2026-08-30T19:17:13-06:00" level=info msg="AWS API call" account=000000000000 api="mq:ListBrokers" cache=miss region=us-east-1
time="2026-08-30T19:17:13-06:00" level=info msg="AWS API call" account=000000000000 api="lightsail:GetContainerServices" cache=miss region=us-east-1
time="2026-08-30T19:17:13-06:00" level=info msg="AWS API call" account=000000000000 api="glue:ListJobs" cache=miss region=eu-north-1
time="2026-08-30T19:17:13-06:00" level=info msg="AWS API call" account=000000000000 api="glue:ListDevEndpoints" cache=miss region=eu-north-1
time="2026-08-30T19:17:13-06:00" level=info msg="AWS API call" account=000000000000 api="glue:GetDatabases" cache=miss region=eu-north-1
time="2026-08-30T19:17:13-06:00" level=info msg="AWS API call" account=000000000000 api="glue:GetDatabases" cache=miss region=eu-north-1
time="2026-08-30T19:17:13-06:00" level=info msg="AWS API call" account=000000000000 api="kinesis:ListStreams" cache=miss region=eu-north-1
time="2026-08-30T19:17:13-06:00" level=info msg="AWS API call" account=000000000000 api="lambda:ListFunctions" cache=miss region=eu-north-1
time="2026-08-30T19:17:13-06:00" level=info msg="AWS API call" account=000000000000 api="lightsail:GetContainerServices" cache=miss region=eu-north-1
time="2026-08-30T19:17:13-06:00" level=info msg="AWS API call" account=000000000000 api="mq:ListBrokers" cache=miss region=eu-north-1
time="2026-08-30T19:17:13-06:00" level=info msg="AWS API call" account=000000000000 api="grafana:ListWorkspaces" cache=miss region=ap-southeast-2
time="2026-08-30T19:17:13-06:00" level=info msg="AWS API call" account=000000000000 api="glue:ListJobs" cache=miss region=ap-southeast-2
time="2026-08-30T19:17:13-06:00" level=info msg="AWS API call" account=000000000000 api="glue:ListDevEndpoints" cache=miss region=ap-southeast-2
time="2026-08-30T19:17:13-06:00" level=info msg="AWS API call" account=000000000000 api="glue:GetDatabases" cache=miss region=ap-southeast-2
time="2026-08-30T19:17:13-06:00" level=info msg="AWS API call" account=000000000000 api="glue:GetDatabases" cache=miss region=ap-southeast-2
time="2026-08-30T19:17:13-06:00" level=info msg="AWS API call" account=000000000000 api="kinesis:ListStreams" cache=miss region=ap-southeast-2
time="2026-08-30T19:17:13-06:00" level=info msg="AWS API call" account=000000000000 api="lambda:ListFunctions" cache=miss region=ap-southeast-2
time="2026-08-30T19:17:13-06:00" level=info msg="AWS API call" account=000000000000 api="lightsail:GetContainerServices" cache=miss region=ap-southeast-2
time="2026-08-30T19:17:13-06:00" level=info msg="AWS API call" account=000000000000 api="mq:ListBrokers" cache=miss region=ap-southeast-2
time="2026-08-30T19:17:13-06:00" level=info msg="AWS API call" account=000000000000 api="grafana:ListWorkspaces" cache=miss region=eu-central-1
time="2026-08-30T19:17:13-06:00" level=info msg="AWS API call" account=000000000000 api="glue:ListJobs" cache=miss region=eu-central-1
time="2026-08-30T19:17:13-06:00" level=info msg="AWS API call" account=000000000000 api="glue:ListDevEndpoints" cache=miss region=eu-central-1
time="2026-08-30T19:17:13-06:00" level=info msg="AWS API call" account=000000000000 api="glue:GetDatabases" cache=miss region=eu-central-1
time="2026-08-30T19:17:13-06:00" level=info msg="AWS API call" account=000000000000 api="glue:GetDatabases" cache=miss region=eu-central-1
time="2026-08-30T19:17:13-06:00" level=info msg="AWS API call" account=000000000000 api="kinesis:ListStreams" cache=miss region=eu-central-1
time="2026-08-30T19:17:14-06:00" level=info msg="AWS API call" account=000000000000 api="lambda:ListFunctions" cache=miss region=eu-central-1
time="2026-08-30T19:17:14-06:00" level=info msg="AWS API call" account=000000000000 api="lightsail:GetContainerServices" cache=miss region=eu-central-1
time="2026-08-30T19:17:14-06:00" level=info msg="AWS API call" account=000000000000 api="mq:ListBrokers" cache=miss region=eu-central-1
time="2026-08-30T19:17:14-06:00" level=info msg="AWS API call" account=000000000000 api="grafana:ListWorkspaces" cache=miss region=ap-northeast-2
time="2026-08-30T19:17:14-06:00" level=info msg="AWS API call" account=000000000000 api="glue:ListJobs" cache=miss region=ap-northeast-2
time="2026-08-30T19:17:14-06:00" level=info msg="AWS API call" account=000000000000 api="glue:ListDevEndpoints" cache=miss region=ap-northeast-2
time="2026-08-30T19:17:14-06:00" level=info msg="AWS API call" account=000000000000 api="glue:GetDatabases" cache=miss region=ap-northeast-2
time="2026-08-30T19:17:14-06:00" level=info msg="AWS API call" account=000000000000 api="glue:GetDatabases" cache=miss region=ap-northeast-2
time="2026-08-30T19:17:14-06:00" level=info msg="AWS API call" account=000000000000 api="kinesis:ListStreams" cache=miss region=ap-northeast-2
time="2026-08-30T19:17:14-06:00" level=info msg="AWS API call" account=000000000000 api="lambda:ListFunctions" cache=miss region=ap-northeast-2
time="2026-08-30T19:17:14-06:00" level=info msg="AWS API call" account=000000000000 api="lightsail:GetContainerServices" cache=miss region=ap-northeast-2
time="2026-08-30T19:17:14-06:00" level=info msg="AWS API call" account=000000000000 api="mq:ListBrokers" cache=miss region=ap-northeast-2
time="2026-08-30T19:17:14-06:00" level=info msg="AWS API call" account=000000000000 api="grafana:ListWorkspaces" cache=miss region=eu-west-2
time="2026-08-30T19:17:14-06:00" level=info msg="AWS API call" account=000000000000 api="glue:ListJobs" cache=miss region=eu-west-2
time="2026-08-30T19:17:14-06:00" level=info msg="AWS API call" account=000000000000 api="glue:ListDevEndpoints" cache=miss region=eu-west-2
time="2026-08-30T19:17:14-06:00" level=info msg="AWS API call" account=000000000000 api="glue:GetDatabases" cache=miss region=eu-west-2
time="2026-08-30T19:17:14-06:00" level=info msg="AWS API call" account=000000000000 api="glue:GetDatabases" cache=miss region=eu-west-2
time="2026-08-30T19:17:14-06:00" level=info msg="AWS API call" account=000000000000 api="kinesis:ListStreams" cache=miss region=eu-west-2
time="2026-08-30T19:17:14-06:00" level=info msg="AWS API call" account=000000000000 api="lambda:ListFunctions" cache=miss region=eu-west-2
time="2026-08-30T19:17:14-06:00" level=info msg="AWS API call" account=000000000000 api="lightsail:GetContainerServices" cache=miss region=eu-west-2
time="2026-08-30T19:17:14-06:00" level=info msg="AWS API call" account=000000000000 api="mq:ListBrokers" cache=miss region=eu-west-2
time="2026-08-30T19:17:14-06:00" level=info msg="AWS API call" account=000000000000 api="glue:ListJobs" cache=miss region=sa-east-1
time="2026-08-30T19:17:14-06:00" level=info msg="AWS API call" account=000000000000 api="glue:ListDevEndpoints" cache=miss region=sa-east-1
time="2026-08-30T19:17:14-06:00" level=info msg="AWS API call" account=000000000000 api="glue:GetDatabases" cache=miss region=sa-east-1
time="2026-08-30T19:17:14-06:00" level=info msg="AWS API call" account=000000000000 api="glue:GetDatabases" cache=miss region=sa-east-1
time="2026-08-30T19:17:14-06:00" level=info msg="AWS API call" account=000000000000 api="kinesis:ListStreams" cache=miss region=sa-east-1
time="2026-08-30T19:17:14-06:00" level=info msg="AWS API call" account=000000000000 api="lambda:ListFunctions" cache=miss region=sa-east-1
time="2026-08-30T19:17:14-06:00" level=info msg="AWS API call" account=000000000000 api="lightsail:GetContainerServices" cache=miss region=sa-east-1
time="2026-08-30T19:17:14-06:00" level=info msg="AWS API call" account=000000000000 api="mq:ListBrokers" cache=miss region=sa-east-1
time="2026-08-30T19:17:14-06:00" level=info msg="AWS API call" account=000000000000 api="grafana:ListWorkspaces" cache=miss region=eu-west-1
time="2026-08-30T19:17:14-06:00" level=info msg="AWS API call" account=000000000000 api="glue:ListJobs" cache=miss region=eu-west-1
time="2026-08-30T19:17:14-06:00" level=info msg="AWS API call" account=000000000000 api="glue:ListDevEndpoints" cache=miss region=eu-west-1
time="2026-08-30T19:17:14-06:00" level=info msg="AWS API call" account=000000000000 api="glue:GetDatabases" cache=miss region=eu-west-1
time="2026-08-30T19:17:14-06:00" level=info msg="AWS API call" account=000000000000 api="glue:GetDatabases" cache=miss region=eu-west-1
time="2026-08-30T19:17:14-06:00" level=info msg="AWS API call" account=000000000000 api="kinesis:ListStreams" cache=miss region=eu-west-1
time="2026-08-30T19:17:14-06:00" level=info msg="AWS API call" account=000000000000 api="lambda:ListFunctions" cache=miss region=eu-west-1
time="2026-08-30T19:17:15-06:00" level=info msg="AWS API call" account=000000000000 api="lightsail:GetContainerServices" cache=miss region=eu-west-1
time="2026-08-30T19:17:15-06:00" level=info msg="AWS API call" account=000000000000 api="mq:ListBrokers" cache=miss region=eu-west-1
time="2026-08-30T19:17:15-06:00" level=info msg="AWS API call" account=000000000000 api="glue:ListJobs" cache=miss region=ap-northeast-3
time="2026-08-30T19:17:15-06:00" level=info msg="AWS API call" account=000000000000 api="glue:ListDevEndpoints" cache=miss region=ap-northeast-3
time="2026-08-30T19:17:15-06:00" level=info msg="AWS API call" account=000000000000 api="glue:GetDatabases" cache=miss region=ap-northeast-3
time="2026-08-30T19:17:15-06:00" level=info msg="AWS API call" account=000000000000 api="glue:GetDatabases" cache=miss region=ap-northeast-3
time="2026-08-30T19:17:15-06:00" level=info msg="AWS API call" account=000000000000 api="kinesis:ListStreams" cache=miss region=ap-northeast-3
time="2026-08-30T19:17:15-06:00" level=info msg="AWS API call" account=000000000000 api="lambda:ListFunctions" cache=miss region=ap-northeast-3
time="2026-08-30T19:17:15-06:00" level=info msg="AWS API call" account=000000000000 api="mq:ListBrokers" cache=miss region=ap-northeast-3
time="2026-08-30T19:17:15-06:00" level=info msg="AWS API call" account=000000000000 api="glue:ListJobs" cache=miss region=eu-west-3
time="2026-08-30T19:17:15-06:00" level=info msg="AWS API call" account=000000000000 api="glue:ListDevEndpoints" cache=miss region=eu-west-3
time="2026-08-30T19:17:15-06:00" level=info msg="AWS API call" account=000000000000 api="glue:GetDatabases" cache=miss region=eu-west-3
time="2026-08-30T19:17:15-06:00" level=info msg="AWS API call" account=000000000000 api="glue:GetDatabases" cache=miss region=eu-west-3
time="2026-08-30T19:17:15-06:00" level=info msg="AWS API call" account=000000000000 api="kinesis:ListStreams" cache=miss region=eu-west-3
time="2026-08-30T19:17:15-06:00" level=info msg="AWS API call" account=000000000000 api="lambda:ListFunctions" cache=miss region=eu-west-3
time="2026-08-30T19:17:15-06:00" level=info msg="AWS API call" account=000000000000 api="lightsail:GetContainerServices" cache=miss region=eu-west-3
time="2026-08-30T19:17:15-06:00" level=info msg="AWS API call" account=000000000000 api="mq:ListBrokers" cache=miss region=eu-west-3
time="2026-08-30T19:17:15-06:00" level=info msg="AWS API call" account=000000000000 api="glue:ListJobs" cache=miss region=us-west-1
time="2026-08-30T19:17:15-06:00" level=info msg="AWS API call" account=000000000000 api="glue:ListDevEndpoints" cache=miss region=us-west-1
time="2026-08-30T19:17:15-06:00" level=info msg="AWS API call" account=000000000000 api="glue:GetDatabases" cache=miss region=us-west-1
time="2026-08-30T19:17:15-06:00" level=info msg="AWS API call" account=000000000000 api="glue:GetDatabases" cache=miss region=us-west-1
time="2026-08-30T19:17:15-06:00" level=info msg="AWS API call" account=000000000000 api="kinesis:ListStreams" cache=miss region=us-west-1
time="2026-08-30T19:17:15-06:00" level=info msg="AWS API call" account=000000000000 api="lambda:ListFunctions" cache=miss region=us-west-1
time="2026-08-30T19:17:15-06:00" level=info msg="AWS API call" account=000000000000 api="mq:ListBrokers" cache=miss region=us-west-1
time="2026-08-30T19:17:15-06:00" level=info msg="AWS API call" account=000000000000 api="glue:ListJobs" cache=miss region=ca-central-1
time="2026-08-30T19:17:15-06:00" level=info msg="AWS API call" account=000000000000 api="glue:ListDevEndpoints" cache=miss region=ca-central-1
time="2026-08-30T19:17:15-06:00" level=info msg="AWS API call" account=000000000000 api="glue:GetDatabases" cache=miss region=ca-central-1
time="2026-08-30T19:17:15-06:00" level=info msg="AWS API call" account=000000000000 api="glue:GetDatabases" cache=miss region=ca-central-1
time="2026-08-30T19:17:15-06:00" level=info msg="AWS API call" account=000000000000 api="kinesis:ListStreams" cache=miss region=ca-central-1
time="2026-08-30T19:17:15-06:00" level=info msg="AWS API call" account=000000000000 api="lambda:ListFunctions" cache=miss region=ca-central-1
time="2026-08-30T19:17:15-06:00" level=info msg="AWS API call" account=000000000000 api="lightsail:GetContainerServices" cache=miss region=ca-central-1
time="2026-08-30T19:17:15-06:00" level=info msg="AWS API call" account=000000000000 api="mq:ListBrokers" cache=miss region=ca-central-1
time="2026-08-30T19:17:15-06:00" level=info msg="AWS API call" account=000000000000 api="grafana:ListWorkspaces" cache=miss region=ap-southeast-1
time="2026-08-30T19:17:15-06:00" level=info msg="AWS API call" account=000000000000 api="glue:ListJobs" cache=miss region=ap-southeast-1
time="2026-08-30T19:17:15-06:00" level=info msg="AWS API call" account=000000000000 api="glue:ListDevEndpoints" cache=miss region=ap-southeast-1
time="2026-08-30T19:17:16-06:00" level=info msg="AWS API call" account=000000000000 api="glue:GetDatabases" cache=miss region=ap-southeast-1
time="2026-08-30T19:17:16-06:00" level=info msg="AWS API call" account=000000000000 api="glue:GetDatabases" cache=miss region=ap-southeast-1
time="2026-08-30T19:17:16-06:00" level=info msg="AWS API call" account=000000000000 api="kinesis:ListStreams" cache=miss region=ap-southeast-1
time="2026-08-30T19:17:16-06:00" level=info msg="AWS API call" account=000000000000 api="lambda:ListFunctions" cache=miss region=ap-southeast-1
time="2026-08-30T19:17:16-06:00" level=info msg="AWS API call" account=000000000000 api="lightsail:GetContainerServices" cache=miss region=ap-southeast-1
time="2026-08-30T19:17:16-06:00" level=info msg="AWS API call" account=000000000000 api="mq:ListBrokers" cache=miss region=ap-southeast-1
time="2026-08-30T19:17:16-06:00" level=info msg="AWS API call" account=000000000000 api="grafana:ListWorkspaces" cache=miss region=us-west-2
time="2026-08-30T19:17:16-06:00" level=info msg="AWS API call" account=000000000000 api="glue:ListJobs" cache=miss region=us-west-2
time="2026-08-30T19:17:16-06:00" level=info msg="AWS API call" account=000000000000 api="glue:ListDevEndpoints" cache=miss region=us-west-2
time="2026-08-30T19:17:16-06:00" level=info msg="AWS API call" account=000000000000 api="glue:GetDatabases" cache=miss region=us-west-2
time="2026-08-30T19:17:16-06:00" level=info msg="AWS API call" account=000000000000 api="glue:GetDatabases" cache=miss region=us-west-2
time="2026-08-30T19:17:16-06:00" level=info msg="AWS API call" account=000000000000 api="kinesis:ListStreams" cache=miss region=us-west-2
time="2026-08-30T19:17:16-06:00" level=info msg="AWS API call" account=000000000000 api="lambda:ListFunctions" cache=miss region=us-west-2
time="2026-08-30T19:17:16-06:00" level=info msg="AWS API call" account=000000000000 api="lightsail:GetContainerServices" cache=miss region=us-west-2
time="2026-08-30T19:17:16-06:00" level=info msg="AWS API call" account=000000000000 api="mq:ListBrokers" cache=miss region=us-west-2
time="2026-08-30T19:17:16-06:00" level=info msg="AWS API call" account=000000000000 api="glue:ListDevEndpoints" cache=miss region=ap-south-1
time="2026-08-30T19:17:16-06:00" level=info msg="AWS API call" account=000000000000 api="glue:ListJobs" cache=miss region=ap-south-1
time="2026-08-30T19:17:16-06:00" level=info msg="AWS API call" account=000000000000 api="glue:GetDatabases" cache=miss region=ap-south-1
time="2026-08-30T19:17:16-06:00" level=info msg="AWS API call" account=000000000000 api="glue:GetDatabases" cache=miss region=ap-south-1
time="2026-08-30T19:17:16-06:00" level=info msg="AWS API call" account=000000000000 api="kinesis:ListStreams" cache=miss region=ap-south-1
time="2026-08-30T19:17:16-06:00" level=info msg="AWS API call" account=000000000000 api="lambda:ListFunctions" cache=miss region=ap-south-1
time="2026-08-30T19:17:16-06:00" level=info msg="AWS API call" account=000000000000 api="lightsail:GetContainerServices" cache=miss region=ap-south-1
time="2026-08-30T19:17:16-06:00" level=info msg="AWS API call" account=000000000000 api="mq:ListBrokers" cache=miss region=ap-south-1
time="2026-08-30T19:17:16-06:00" level=info msg="AWS API call" account=000000000000 api="rds:DescribeDBInstances" cache=miss region=us-east-2
time="2026-08-30T19:17:16-06:00" level=info msg="AWS API call" account=000000000000 api="grafana:ListWorkspaces" cache=miss region=ap-northeast-1
time="2026-08-30T19:17:16-06:00" level=info msg="AWS API call" account=000000000000 api="redshift:DescribeClusters" cache=miss region=us-east-2
time="2026-08-30T19:17:16-06:00" level=info msg="AWS API call" account=000000000000 api="secretsmanager:ListSecrets" cache=miss region=us-east-2
time="2026-08-30T19:17:16-06:00" level=info msg="AWS API call" account=000000000000 api="glue:ListJobs" cache=miss region=ap-northeast-1
time="2026-08-30T19:17:16-06:00" level=info msg="AWS API call" account=000000000000 api="glue:ListDevEndpoints" cache=miss region=ap-northeast-1
time="2026-08-30T19:17:17-06:00" level=info msg="AWS API call" account=000000000000 api="glue:GetDatabases" cache=miss region=ap-northeast-1
time="2026-08-30T19:17:17-06:00" level=info msg="AWS API call" account=000000000000 api="glue:GetDatabases" cache=miss region=ap-northeast-1
time="2026-08-30T19:17:17-06:00" level=info msg="AWS API call" account=000000000000 api="sns:ListTopics" cache=miss region=us-east-2
time="2026-08-30T19:17:17-06:00" level=info msg="AWS API call" account=000000000000 api="sqs:ListQueues" cache=miss region=us-east-2
time="2026-08-30T19:17:17-06:00" level=info msg="AWS API call" account=000000000000 api="kinesis:ListStreams" cache=miss region=ap-northeast-1
time="2026-08-30T19:17:17-06:00" level=info msg="AWS API call" account=000000000000 api="ssm:DescribeParameters" cache=miss region=us-east-2
time="2026-08-30T19:17:17-06:00" level=info msg="AWS API call" account=000000000000 api="states:ListStateMachines" cache=miss region=us-east-2
time="2026-08-30T19:17:17-06:00" level=info msg="AWS API call" account=000000000000 api="lambda:ListFunctions" cache=miss region=ap-northeast-1
time="2026-08-30T19:17:17-06:00" level=info msg="AWS API call" account=000000000000 api="lightsail:GetContainerServices" cache=miss region=ap-northeast-1
time="2026-08-30T19:17:17-06:00" level=info msg="AWS API call" account=000000000000 api="mq:ListBrokers" cache=miss region=ap-northeast-1
time="2026-08-30T19:17:17-06:00" level=info msg="AWS API call" account=000000000000 api="rds:DescribeDBInstances" cache=miss region=us-east-1
time="2026-08-30T19:17:17-06:00" level=info msg="AWS API call" account=000000000000 api="redshift:DescribeClusters" cache=miss region=us-east-1
time="2026-08-30T19:17:17-06:00" level=info msg="AWS API call" account=000000000000 api="secretsmanager:ListSecrets" cache=miss region=us-east-1
time="2026-08-30T19:17:17-06:00" level=info msg="AWS API call" account=000000000000 api="sns:ListTopics" cache=miss region=us-east-1
time="2026-08-30T19:17:17-06:00" level=info msg="AWS API call" account=000000000000 api="sqs:ListQueues" cache=miss region=us-east-1
time="2026-08-30T19:17:17-06:00" level=info msg="AWS API call" account=000000000000 api="ssm:DescribeParameters" cache=miss region=us-east-1
time="2026-08-30T19:17:17-06:00" level=info msg="AWS API call" account=000000000000 api="states:ListStateMachines" cache=miss region=us-east-1
time="2026-08-30T19:17:17-06:00" level=info msg="AWS API call" account=000000000000 api="rds:DescribeDBInstances" cache=miss region=eu-north-1
time="2026-08-30T19:17:17-06:00" level=info msg="AWS API call" account=000000000000 api="redshift:DescribeClusters" cache=miss region=eu-north-1
time="2026-08-30T19:17:17-06:00" level=info msg="AWS API call" account=000000000000 api="secretsmanager:ListSecrets" cache=miss region=eu-north-1
time="2026-08-30T19:17:17-06:00" level=info msg="AWS API call" account=000000000000 api="sns:ListTopics" cache=miss region=eu-north-1
time="2026-08-30T19:17:17-06:00" level=info msg="AWS API call" account=000000000000 api="sqs:ListQueues" cache=miss region=eu-north-1
time="2026-08-30T19:17:17-06:00" level=info msg="AWS API call" account=000000000000 api="ssm:DescribeParameters" cache=miss region=eu-north-1
time="2026-08-30T19:17:17-06:00" level=info msg="AWS API call" account=000000000000 api="states:ListStateMachines" cache=miss region=eu-north-1
time="2026-08-30T19:17:17-06:00" level=info msg="AWS API call" account=000000000000 api="rds:DescribeDBInstances" cache=miss region=ap-southeast-2
time="2026-08-30T19:17:17-06:00" level=info msg="AWS API call" account=000000000000 api="redshift:DescribeClusters" cache=miss region=ap-southeast-2
time="2026-08-30T19:17:17-06:00" level=info msg="AWS API call" account=000000000000 api="secretsmanager:ListSecrets" cache=miss region=ap-southeast-2
time="2026-08-30T19:17:17-06:00" level=info msg="AWS API call" account=000000000000 api="sns:ListTopics" cache=miss region=ap-southeast-2
time="2026-08-30T19:17:17-06:00" level=info msg="AWS API call" account=000000000000 api="sqs:ListQueues" cache=miss region=ap-southeast-2
time="2026-08-30T19:17:17-06:00" level=info msg="AWS API call" account=000000000000 api="ssm:DescribeParameters" cache=miss region=ap-southeast-2
time="2026-08-30T19:17:18-06:00" level=info msg="AWS API call" account=000000000000 api="states:ListStateMachines" cache=miss region=ap-southeast-2
time="2026-08-30T19:17:18-06:00" level=info msg="AWS API call" account=000000000000 api="rds:DescribeDBInstances" cache=miss region=eu-central-1
time="2026-08-30T19:17:18-06:00" level=info msg="AWS API call" account=000000000000 api="redshift:DescribeClusters" cache=miss region=eu-central-1
time="2026-08-30T19:17:18-06:00" level=info msg="AWS API call" account=000000000000 api="secretsmanager:ListSecrets" cache=miss region=eu-central-1
time="2026-08-30T19:17:18-06:00" level=info msg="AWS API call" account=000000000000 api="sns:ListTopics" cache=miss region=eu-central-1
time="2026-08-30T19:17:18-06:00" level=info msg="AWS API call" account=000000000000 api="sqs:ListQueues" cache=miss region=eu-central-1
time="2026-08-30T19:17:18-06:00" level=info msg="AWS API call" account=000000000000 api="ssm:DescribeParameters" cache=miss region=eu-central-1
time="2026-08-30T19:17:18-06:00" level=info msg="AWS API call" account=000000000000 api="states:ListStateMachines" cache=miss region=eu-central-1
time="2026-08-30T19:17:18-06:00" level=info msg="AWS API call" account=000000000000 api="rds:DescribeDBInstances" cache=miss region=eu-west-2
time="2026-08-30T19:17:18-06:00" level=info msg="AWS API call" account=000000000000 api="redshift:DescribeClusters" cache=miss region=eu-west-2
time="2026-08-30T19:17:18-06:00" level=info msg="AWS API call" account=000000000000 api="secretsmanager:ListSecrets" cache=miss region=eu-west-2
time="2026-08-30T19:17:18-06:00" level=info msg="AWS API call" account=000000000000 api="sns:ListTopics" cache=miss region=eu-west-2
time="2026-08-30T19:17:18-06:00" level=info msg="AWS API call" account=000000000000 api="sqs:ListQueues" cache=miss region=eu-west-2
time="2026-08-30T19:17:18-06:00" level=info msg="AWS API call" account=000000000000 api="ssm:DescribeParameters" cache=miss region=eu-west-2
time="2026-08-30T19:17:18-06:00" level=info msg="AWS API call" account=000000000000 api="states:ListStateMachines" cache=miss region=eu-west-2
time="2026-08-30T19:17:18-06:00" level=info msg="AWS API call" account=000000000000 api="rds:DescribeDBInstances" cache=miss region=ap-northeast-2
time="2026-08-30T19:17:18-06:00" level=info msg="AWS API call" account=000000000000 api="redshift:DescribeClusters" cache=miss region=ap-northeast-2
time="2026-08-30T19:17:18-06:00" level=info msg="AWS API call" account=000000000000 api="secretsmanager:ListSecrets" cache=miss region=ap-northeast-2
time="2026-08-30T19:17:18-06:00" level=info msg="AWS API call" account=000000000000 api="sns:ListTopics" cache=miss region=ap-northeast-2
time="2026-08-30T19:17:18-06:00" level=info msg="AWS API call" account=000000000000 api="sqs:ListQueues" cache=miss region=ap-northeast-2
time="2026-08-30T19:17:18-06:00" level=info msg="AWS API call" account=000000000000 api="ssm:DescribeParameters" cache=miss region=ap-northeast-2
time="2026-08-30T19:17:18-06:00" level=info msg="AWS API call" account=000000000000 api="states:ListStateMachines" cache=miss region=ap-northeast-2
time="2026-08-30T19:17:18-06:00" level=info msg="AWS API call" account=000000000000 api="rds:DescribeDBInstances" cache=miss region=sa-east-1
time="2026-08-30T19:17:18-06:00" level=info msg="AWS API call" account=000000000000 api="redshift:DescribeClusters" cache=miss region=sa-east-1
time="2026-08-30T19:17:18-06:00" level=info msg="AWS API call" account=000000000000 api="secretsmanager:ListSecrets" cache=miss region=sa-east-1
time="2026-08-30T19:17:18-06:00" level=info msg="AWS API call" account=000000000000 api="sns:ListTopics" cache=miss region=sa-east-1
time="2026-08-30T19:17:18-06:00" level=info msg="AWS API call" account=000000000000 api="sqs:ListQueues" cache=miss region=sa-east-1
time="2026-08-30T19:17:18-06:00" level=info msg="AWS API call" account=000000000000 api="ssm:DescribeParameters" cache=miss region=sa-east-1
time="2026-08-30T19:17:18-06:00" level=info msg="AWS API call" account=000000000000 api="states:ListStateMachines" cache=miss region=sa-east-1
time="2026-08-30T19:17:18-06:00" level=info msg="AWS API call" account=000000000000 api="rds:DescribeDBInstances" cache=miss region=eu-west-1
time="2026-08-30T19:17:18-06:00" level=info msg="AWS API call" account=000000000000 api="redshift:DescribeClusters" cache=miss region=eu-west-1
time="2026-08-30T19:17:19-06:00" level=info msg="AWS API call" account=000000000000 api="secretsmanager:ListSecrets" cache=miss region=eu-west-1
time="2026-08-30T19:17:19-06:00" level=info msg="AWS API call" account=000000000000 api="sns:ListTopics" cache=miss region=eu-west-1
time="2026-08-30T19:17:19-06:00" level=info msg="AWS API call" account=000000000000 api="sqs:ListQueues" cache=miss region=eu-west-1
time="2026-08-30T19:17:19-06:00" level=info msg="AWS API call" account=000000000000 api="ssm:DescribeParameters" cache=miss region=eu-west-1
time="2026-08-30T19:17:19-06:00" level=info msg="AWS API call" account=000000000000 api="states:ListStateMachines" cache=miss region=eu-west-1
time="2026-08-30T19:17:19-06:00" level=info msg="AWS API call" account=000000000000 api="rds:DescribeDBInstances" cache=miss region=ap-northeast-3
time="2026-08-30T19:17:19-06:00" level=info msg="AWS API call" account=000000000000 api="redshift:DescribeClusters" cache=miss region=ap-northeast-3
time="2026-08-30T19:17:19-06:00" level=info msg="AWS API call" account=000000000000 api="secretsmanager:ListSecrets" cache=miss region=ap-northeast-3
time="2026-08-30T19:17:19-06:00" level=info msg="AWS API call" account=000000000000 api="sns:ListTopics" cache=miss region=ap-northeast-3
time="2026-08-30T19:17:19-06:00" level=info msg="AWS API call" account=000000000000 api="sqs:ListQueues" cache=miss region=ap-northeast-3
time="2026-08-30T19:17:19-06:00" level=info msg="AWS API call" account=000000000000 api="ssm:DescribeParameters" cache=miss region=ap-northeast-3
time="2026-08-30T19:17:19-06:00" level=info msg="AWS API call" account=000000000000 api="states:ListStateMachines" cache=miss region=ap-northeast-3
time="2026-08-30T19:17:19-06:00" level=info msg="AWS API call" account=000000000000 api="rds:DescribeDBInstances" cache=miss region=eu-west-3
time="2026-08-30T19:17:19-06:00" level=info msg="AWS API call" account=000000000000 api="redshift:DescribeClusters" cache=miss region=eu-west-3
time="2026-08-30T19:17:19-06:00" level=info msg="AWS API call" account=000000000000 api="secretsmanager:ListSecrets" cache=miss region=eu-west-3
time="2026-08-30T19:17:19-06:00" level=info msg="AWS API call" account=000000000000 api="sns:ListTopics" cache=miss region=eu-west-3
time="2026-08-30T19:17:19-06:00" level=info msg="AWS API call" account=000000000000 api="sqs:ListQueues" cache=miss region=eu-west-3
time="2026-08-30T19:17:19-06:00" level=info msg="AWS API call" account=000000000000 api="ssm:DescribeParameters" cache=miss region=eu-west-3
time="2026-08-30T19:17:19-06:00" level=info msg="AWS API call" account=000000000000 api="states:ListStateMachines" cache=miss region=eu-west-3
time="2026-08-30T19:17:19-06:00" level=info msg="AWS API call" account=000000000000 api="rds:DescribeDBInstances" cache=miss region=us-west-1
time="2026-08-30T19:17:19-06:00" level=info msg="AWS API call" account=000000000000 api="redshift:DescribeClusters" cache=miss region=us-west-1
time="2026-08-30T19:17:19-06:00" level=info msg="AWS API call" account=000000000000 api="secretsmanager:ListSecrets" cache=miss region=us-west-1
time="2026-08-30T19:17:19-06:00" level=info msg="AWS API call" account=000000000000 api="sns:ListTopics" cache=miss region=us-west-1
time="2026-08-30T19:17:19-06:00" level=info msg="AWS API call" account=000000000000 api="sqs:ListQueues" cache=miss region=us-west-1
time="2026-08-30T19:17:19-06:00" level=info msg="AWS API call" account=000000000000 api="ssm:DescribeParameters" cache=miss region=us-west-1
time="2026-08-30T19:17:19-06:00" level=info msg="AWS API call" account=000000000000 api="states:ListStateMachines" cache=miss region=us-west-1
time="2026-08-30T19:17:19-06:00" level=info msg="AWS API call" account=000000000000 api="rds:DescribeDBInstances" cache=miss region=ca-central-1
time="2026-08-30T19:17:19-06:00" level=info msg="AWS API call" account=000000000000 api="redshift:DescribeClusters" cache=miss region=ca-central-1
time="2026-08-30T19:17:19-06:00" level=info msg="AWS API call" account=000000000000 api="secretsmanager:ListSecrets" cache=miss region=ca-central-1
time="2026-08-30T19:17:19-06:00" level=info msg="AWS API call" account=000000000000 api="sns:ListTopics" cache=miss region=ca-central-1
time="2026-08-30T19:17:19-06:00" level=info msg="AWS API call" account=000000000000 api="sqs:ListQueues" cache=miss region=ca-central-1
time="2026-08-30T19:17:19-06:00" level=info msg="AWS API call" account=000000000000 api="ssm:DescribeParameters" cache=miss region=ca-central-1
time="2026-08-30T19:17:19-06:00" level=info msg="AWS API call" account=000000000000 api="states:ListStateMachines" cache=miss region=ca-central-1
time="2026-08-30T19:17:19-06:00" level=info msg="AWS API call" account=000000000000 api="rds:DescribeDBInstances" cache=miss region=us-west-2
time="2026-08-30T19:17:19-06:00" level=info msg="AWS API call" account=000000000000 api="redshift:DescribeClusters" cache=miss region=us-west-2
time="2026-08-30T19:17:19-06:00" level=info msg="AWS API call" account=000000000000 api="secretsmanager:ListSecrets" cache=miss region=us-west-2
time="2026-08-30T19:17:19-06:00" level=info msg="AWS API call" account=000000000000 api="sns:ListTopics" cache=miss region=us-west-2
time="2026-08-30T19:17:19-06:00" level=info msg="AWS API call" account=000000000000 api="sqs:ListQueues" cache=miss region=us-west-2
time="2026-08-30T19:17:19-06:00" level=info msg="AWS API call" account=000000000000 api="ssm:DescribeParameters" cache=miss region=us-west-2
time="2026-08-30T19:17:19-06:00" level=info msg="AWS API call" account=000000000000 api="states:ListStateMachines" cache=miss region=us-west-2
time="2026-08-30T19:17:19-06:00" level=info msg="AWS API call" account=000000000000 api="rds:DescribeDBInstances" cache=miss region=ap-southeast-1
time="2026-08-30T19:17:19-06:00" level=info msg="AWS API call" account=000000000000 api="redshift:DescribeClusters" cache=miss region=ap-southeast-1
time="2026-08-30T19:17:20-06:00" level=info msg="AWS API call" account=000000000000 api="secretsmanager:ListSecrets" cache=miss region=ap-southeast-1
time="2026-08-30T19:17:20-06:00" level=info msg="AWS API call" account=000000000000 api="sns:ListTopics" cache=miss region=ap-southeast-1
time="2026-08-30T19:17:20-06:00" level=info msg="AWS API call" account=000000000000 api="sqs:ListQueues" cache=miss region=ap-southeast-1
time="2026-08-30T19:17:20-06:00" level=info msg="AWS API call" account=000000000000 api="ssm:DescribeParameters" cache=miss region=ap-southeast-1
time="2026-08-30T19:17:20-06:00" level=info msg="AWS API call" account=000000000000 api="states:ListStateMachines" cache=miss region=ap-southeast-1
time="2026-08-30T19:17:20-06:00" level=info msg="AWS API call" account=000000000000 api="rds:DescribeDBInstances" cache=miss region=ap-south-1
time="2026-08-30T19:17:20-06:00" level=info msg="AWS API call" account=000000000000 api="redshift:DescribeClusters" cache=miss region=ap-south-1
time="2026-08-30T19:17:20-06:00" level=info msg="AWS API call" account=000000000000 api="states:ListStateMachines" cache=miss region=ap-south-1
time="2026-08-30T19:17:20-06:00" level=info msg="AWS API call" account=000000000000 api="ssm:DescribeParameters" cache=miss region=ap-south-1
time="2026-08-30T19:17:20-06:00" level=info msg="AWS API call" account=000000000000 api="secretsmanager:ListSecrets" cache=miss region=ap-south-1
time="2026-08-30T19:17:20-06:00" level=info msg="AWS API call" account=000000000000 api="sns:ListTopics" cache=miss region=ap-south-1
time="2026-08-30T19:17:20-06:00" level=info msg="AWS API call" account=000000000000 api="sqs:ListQueues" cache=miss region=ap-south-1
time="2026-08-30T19:17:20-06:00" level=info msg="AWS API call" account=000000000000 api="rds:DescribeDBInstances" cache=miss region=ap-northeast-1
time="2026-08-30T19:17:20-06:00" level=info msg="AWS API call" account=000000000000 api="redshift:DescribeClusters" cache=miss region=ap-northeast-1
time="2026-08-30T19:17:20-06:00" level=info msg="AWS API call" account=000000000000 api="secretsmanager:ListSecrets" cache=miss region=ap-northeast-1
time="2026-08-30T19:17:20-06:00" level=info msg="AWS API call" account=000000000000 api="sns:ListTopics" cache=miss region=ap-northeast-1
time="2026-08-30T19:17:20-06:00" level=info msg="AWS API call" account=000000000000 api="sqs:ListQueues" cache=miss region=ap-northeast-1
time="2026-08-30T19:17:20-06:00" level=info msg="AWS API call" account=000000000000 api="ssm:DescribeParameters" cache=miss region=ap-northeast-1
time="2026-08-30T19:17:20-06:00" level=info msg="AWS API call" account=000000000000 api="states:ListStateMachines" cache=miss region=ap-northeast-1
time="2026-08-30T19:17:24-06:00" level=info msg="AWS API call" account=000000000000 api="organizations:DescribeOrganization" cache=miss
time="2026-08-30T19:17:24-06:00" level=warning module=instances msg="ServiceMap is nil, creating new instance (this should not happen)" 
time="2026-08-30T19:17:24-06:00" level=warning module=instances msg="ServiceMap is nil, creating new instance (this should not happen)" 
time="2026-08-30T19:17:24-06:00" level=warning module=instances msg="ServiceMap is nil, creating new instance (this should not happen)" 
time="2026-08-30T19:17:24-06:00" level=warning module=instances msg="ServiceMap is nil, creating new instance (this should not happen)" 
time="2026-08-30T19:17:24-06:00" level=warning module=instances msg="ServiceMap is nil, creating new instance (this should not happen)" 
time="2026-08-30T19:17:24-06:00" level=warning module=instances msg="ServiceMap is nil, creating new instance (this should not happen)" 
time="2026-08-30T19:17:24-06:00" level=warning module=instances msg="ServiceMap is nil, creating new instance (this should not happen)" 
time="2026-08-30T19:17:24-06:00" level=warning module=instances msg="ServiceMap is nil, creating new instance (this should not happen)" 
time="2026-08-30T19:17:24-06:00" level=warning module=instances msg="ServiceMap is nil, creating new instance (this should not happen)" 
time="2026-08-30T19:17:24-06:00" level=warning module=instances msg="ServiceMap is nil, creating new instance (this should not happen)" 
time="2026-08-30T19:17:24-06:00" level=warning module=instances msg="ServiceMap is nil, creating new instance (this should not happen)" 
time="2026-08-30T19:17:24-06:00" level=warning module=instances msg="ServiceMap is nil, creating new instance (this should not happen)" 
time="2026-08-30T19:17:24-06:00" level=warning module=instances msg="ServiceMap is nil, creating new instance (this should not happen)" 
time="2026-08-30T19:17:24-06:00" level=warning module=instances msg="ServiceMap is nil, creating new instance (this should not happen)" 
time="2026-08-30T19:17:24-06:00" level=warning module=instances msg="ServiceMap is nil, creating new instance (this should not happen)" 
time="2026-08-30T19:17:24-06:00" level=warning module=instances msg="ServiceMap is nil, creating new instance (this should not happen)" 
time="2026-08-30T19:17:24-06:00" level=warning module=instances msg="ServiceMap is nil, creating new instance (this should not happen)" 
time="2026-08-30T19:17:24-06:00" level=info msg="AWS API call" account=000000000000 api="ec2:DescribeInstances" cache=hit region=us-east-2
time="2026-08-30T19:17:25-06:00" level=info msg="AWS API call" account=000000000000 api="ec2:DescribeInstances" cache=hit region=sa-east-1
time="2026-08-30T19:17:25-06:00" level=info msg="AWS API call" account=000000000000 api="ec2:DescribeInstances" cache=hit region=ap-northeast-3
time="2026-08-30T19:17:25-06:00" level=info msg="AWS API call" account=000000000000 api="ec2:DescribeInstances" cache=hit region=eu-west-2
time="2026-08-30T19:17:25-06:00" level=info msg="AWS API call" account=000000000000 api="ec2:DescribeInstances" cache=hit region=ap-northeast-2
time="2026-08-30T19:17:25-06:00" level=info msg="AWS API call" account=000000000000 api="ec2:DescribeInstances" cache=hit region=us-east-1
time="2026-08-30T19:17:25-06:00" level=info msg="AWS API call" account=000000000000 api="ec2:DescribeInstances" cache=hit region=eu-central-1
time="2026-08-30T19:17:25-06:00" level=info msg="AWS API call" account=000000000000 api="ec2:DescribeInstances" cache=hit region=us-west-1
time="2026-08-30T19:17:25-06:00" level=info msg="AWS API call" account=000000000000 api="ec2:DescribeInstances" cache=hit region=eu-west-1
time="2026-08-30T19:17:25-06:00" level=info msg="AWS API call" account=000000000000 api="ec2:DescribeInstances" cache=hit region=ap-southeast-2
time="2026-08-30T19:17:25-06:00" level=info msg="AWS API call" account=000000000000 api="ec2:DescribeInstances" cache=hit region=ap-south-1
time="2026-08-30T19:17:25-06:00" level=info msg="AWS API call" account=000000000000 api="ec2:DescribeInstances" cache=hit region=us-west-2
time="2026-08-30T19:17:25-06:00" level=info msg="AWS API call" account=000000000000 api="ec2:DescribeInstances" cache=hit region=ca-central-1
time="2026-08-30T19:17:25-06:00" level=info msg="AWS API call" account=000000000000 api="ec2:DescribeInstances" cache=hit region=eu-north-1
time="2026-08-30T19:17:25-06:00" level=info msg="AWS API call" account=000000000000 api="ec2:DescribeInstances" cache=hit region=ap-southeast-1
time="2026-08-30T19:17:25-06:00" level=info msg="AWS API call" account=000000000000 api="ec2:DescribeInstances" cache=hit region=ap-northeast-1
time="2026-08-30T19:17:25-06:00" level=info msg="AWS API call" account=000000000000 api="ec2:DescribeInstances" cache=hit region=eu-west-3
time="2026-08-30T19:17:26-06:00" level=info msg="AWS API call" account=000000000000 api="route53:ListHostedZones" cache=hit
time="2026-08-30T19:17:26-06:00" level=info msg="AWS API call" account=000000000000 api="efs:DescribeFileSystems" cache=miss region=ap-south-1
time="2026-08-30T19:17:26-06:00" level=info msg="AWS API call" account=000000000000 api="efs:DescribeFileSystems" cache=miss region=eu-north-1
time="2026-08-30T19:17:27-06:00" level=info msg="AWS API call" account=000000000000 api="efs:DescribeFileSystems" cache=miss region=eu-west-3
time="2026-08-30T19:17:27-06:00" level=info msg="AWS API call" account=000000000000 api="efs:DescribeFileSystems" cache=miss region=eu-west-2
time="2026-08-30T19:17:27-06:00" level=info msg="AWS API call" account=000000000000 api="efs:DescribeFileSystems" cache=miss region=eu-west-1
time="2026-08-30T19:17:28-06:00" level=info msg="AWS API call" account=000000000000 api="efs:DescribeFileSystems" cache=miss region=ap-northeast-3
time="2026-08-30T19:17:28-06:00" level=info msg="AWS API call" account=000000000000 api="efs:DescribeFileSystems" cache=miss region=ap-northeast-2
time="2026-08-30T19:17:28-06:00" level=info msg="AWS API call" account=000000000000 api="efs:DescribeFileSystems" cache=miss region=ap-northeast-1
time="2026-08-30T19:17:29-06:00" level=info msg="AWS API call" account=000000000000 api="efs:DescribeFileSystems" cache=miss region=ca-central-1
time="2026-08-30T19:17:29-06:00" level=info msg="AWS API call" account=000000000000 api="efs:DescribeFileSystems" cache=miss region=sa-east-1
time="2026-08-30T19:17:30-06:00" level=info msg="AWS API call" account=000000000000 api="efs:DescribeFileSystems" cache=miss region=ap-southeast-1
time="2026-08-30T19:17:30-06:00" level=info msg="AWS API call" account=000000000000 api="efs:DescribeFileSystems" cache=miss region=ap-southeast-2
time="2026-08-30T19:17:30-06:00" level=info msg="AWS API call" account=000000000000 api="efs:DescribeFileSystems" cache=miss region=eu-central-1
time="2026-08-30T19:17:31-06:00" level=info msg="AWS API call" account=000000000000 api="efs:DescribeFileSystems" cache=miss region=us-east-1
time="2026-08-30T19:17:31-06:00" level=info msg="AWS API call" account=000000000000 api="efs:DescribeFileSystems" cache=miss region=us-east-2
time="2026-08-30T19:17:32-06:00" level=info msg="AWS API call" account=000000000000 api="efs:DescribeFileSystems" cache=miss region=us-west-1
time="2026-08-30T19:17:32-06:00" level=info msg="AWS API call" account=000000000000 api="efs:DescribeFileSystems" cache=miss region=us-west-2
time="2026-08-30T19:17:33-06:00" level=info msg="AWS API call" account=000000000000 api="lambda:ListFunctions" cache=hit region=eu-central-1
time="2026-08-30T19:17:33-06:00" level=info msg="AWS API call" account=000000000000 api="eks:ListClusters" cache=hit region=eu-central-1
time="2026-08-30T19:17:33-06:00" level=info msg="AWS API call" account=000000000000 api="mq:ListBrokers" cache=hit region=eu-central-1
time="2026-08-30T19:17:33-06:00" level=info msg="AWS API call" account=000000000000 api="opensearch:ListDomainNames" cache=hit region=eu-central-1
time="2026-08-30T19:17:33-06:00" level=info msg="AWS API call" account=000000000000 api="grafana:ListWorkspaces" cache=hit region=eu-central-1
time="2026-08-30T19:17:33-06:00" level=info msg="AWS API call" account=000000000000 api="elbv2:DescribeLoadBalancers" cache=hit region=eu-central-1
time="2026-08-30T19:17:33-06:00" level=info msg="AWS API call" account=000000000000 api="elb:DescribeLoadBalancers" cache=hit region=eu-central-1
time="2026-08-30T19:17:33-06:00" level=info msg="AWS API call" account=000000000000 api="apigateway:GetRestApis" cache=hit region=eu-central-1
time="2026-08-30T19:17:33-06:00" level=info msg="AWS API call" account=000000000000 api="apigateway:GetDomainNames" cache=miss region=eu-central-1
time="2026-08-30T19:17:33-06:00" level=info msg="AWS API call" account=000000000000 api="apigateway:GetRestApis" cache=hit region=eu-central-1
time="2026-08-30T19:17:33-06:00" level=info msg="AWS API call" account=000000000000 api="apigatewayv2:GetApis" cache=hit region=eu-central-1
time="2026-08-30T19:17:33-06:00" level=info msg="AWS API call" account=000000000000 api="apigatewayv2:GetApis" cache=hit region=eu-central-1
time="2026-08-30T19:17:33-06:00" level=info msg="AWS API call" account=000000000000 api="apigatewayv2:GetDomainNames" cache=miss region=eu-central-1
time="2026-08-30T19:17:33-06:00" level=info msg="AWS API call" account=000000000000 api="rds:DescribeDBInstances" cache=hit region=eu-central-1
time="2026-08-30T19:17:33-06:00" level=info msg="AWS API call" account=000000000000 api="redshift:DescribeClusters" cache=hit region=eu-central-1
time="2026-08-30T19:17:33-06:00" level=info msg="AWS API call" account=000000000000 api="apprunner:ListServices" cache=hit region=eu-central-1
time="2026-08-30T19:17:33-06:00" level=info msg="AWS API call" account=000000000000 api="lightsail:GetContainerServices" cache=hit region=eu-central-1
time="2026-08-30T19:17:33-06:00" level=info msg="AWS API call" account=000000000000 api="lambda:ListFunctions" cache=hit region=ca-central-1
time="2026-08-30T19:17:33-06:00" level=info msg="AWS API call" account=000000000000 api="eks:ListClusters" cache=hit region=ca-central-1
time="2026-08-30T19:17:33-06:00" level=info msg="AWS API call" account=000000000000 api="mq:ListBrokers" cache=hit region=ca-central-1
time="2026-08-30T19:17:33-06:00" level=info msg="AWS API call" account=000000000000 api="opensearch:ListDomainNames" cache=hit region=ca-central-1
time="2026-08-30T19:17:33-06:00" level=info msg="AWS API call" account=000000000000 api="elbv2:DescribeLoadBalancers" cache=hit region=ca-central-1
time="2026-08-30T19:17:33-06:00" level=info msg="AWS API call" account=000000000000 api="elb:DescribeLoadBalancers" cache=hit region=ca-central-1
time="2026-08-30T19:17:33-06:00" level=info msg="AWS API call" account=000000000000 api="apigateway:GetRestApis" cache=hit region=ca-central-1
time="2026-08-30T19:17:33-06:00" level=info msg="AWS API call" account=000000000000 api="apigateway:GetRestApis" cache=hit region=ca-central-1
time="2026-08-30T19:17:33-06:00" level=info msg="AWS API call" account=000000000000 api="apigateway:GetDomainNames" cache=miss region=ca-central-1
time="2026-08-30T19:17:33-06:00" level=info msg="AWS API call" account=000000000000 api="apigatewayv2:GetApis" cache=hit region=ca-central-1
time="2026-08-30T19:17:33-06:00" level=info msg="AWS API call" account=000000000000 api="apigatewayv2:GetApis" cache=hit region=ca-central-1
time="2026-08-30T19:17:33-06:00" level=info msg="AWS API call" account=000000000000 api="apigatewayv2:GetDomainNames" cache=miss region=ca-central-1
time="2026-08-30T19:17:33-06:00" level=info msg="AWS API call" account=000000000000 api="rds:DescribeDBInstances" cache=hit region=ca-central-1
time="2026-08-30T19:17:33-06:00" level=info msg="AWS API call" account=000000000000 api="redshift:DescribeClusters" cache=hit region=ca-central-1
time="2026-08-30T19:17:33-06:00" level=info msg="AWS API call" account=000000000000 api="apprunner:ListServices" cache=miss region=ca-central-1
time="2026-08-30T19:17:33-06:00" level=info msg="AWS API call" account=000000000000 api="lightsail:GetContainerServices" cache=hit region=ca-central-1
time="2026-08-30T19:17:33-06:00" level=info msg="AWS API call" account=000000000000 api="lambda:ListFunctions" cache=hit region=eu-west-3
time="2026-08-30T19:17:33-06:00" level=info msg="AWS API call" account=000000000000 api="eks:ListClusters" cache=hit region=eu-west-3
time="2026-08-30T19:17:33-06:00" level=info msg="AWS API call" account=000000000000 api="mq:ListBrokers" cache=hit region=eu-west-3
time="2026-08-30T19:17:33-06:00" level=info msg="AWS API call" account=000000000000 api="opensearch:ListDomainNames" cache=hit region=eu-west-3
time="2026-08-30T19:17:33-06:00" level=info msg="AWS API call" account=000000000000 api="elbv2:DescribeLoadBalancers" cache=hit region=eu-west-3
time="2026-08-30T19:17:33-06:00" level=info msg="AWS API call" account=000000000000 api="elb:DescribeLoadBalancers" cache=hit region=eu-west-3
time="2026-08-30T19:17:33-06:00" level=info msg="AWS API call" account=000000000000 api="apigateway:GetRestApis" cache=hit region=eu-west-3
time="2026-08-30T19:17:33-06:00" level=info msg="AWS API call" account=000000000000 api="apigatewayv2:GetApis" cache=hit region=eu-west-3
time="2026-08-30T19:17:33-06:00" level=info msg="AWS API call" account=000000000000 api="apigateway:GetDomainNames" cache=miss region=eu-west-3
time="2026-08-30T19:17:33-06:00" level=info msg="AWS API call" account=000000000000 api="apigateway:GetRestApis" cache=hit region=eu-west-3
time="2026-08-30T19:17:33-06:00" level=info msg="AWS API call" account=000000000000 api="apigatewayv2:GetApis" cache=hit region=eu-west-3
time="2026-08-30T19:17:33-06:00" level=info msg="AWS API call" account=000000000000 api="apigatewayv2:GetDomainNames" cache=miss region=eu-west-3
time="2026-08-30T19:17:33-06:00" level=info msg="AWS API call" account=000000000000 api="rds:DescribeDBInstances" cache=hit region=eu-west-3
time="2026-08-30T19:17:33-06:00" level=info msg="AWS API call" account=000000000000 api="redshift:DescribeClusters" cache=hit region=eu-west-3
time="2026-08-30T19:17:33-06:00" level=info msg="AWS API call" account=000000000000 api="apprunner:ListServices" cache=hit region=eu-west-3
time="2026-08-30T19:17:33-06:00" level=info msg="AWS API call" account=000000000000 api="lightsail:GetContainerServices" cache=hit region=eu-west-3
time="2026-08-30T19:17:33-06:00" level=info msg="AWS API call" account=000000000000 api="lambda:ListFunctions" cache=hit region=eu-west-2
time="2026-08-30T19:17:33-06:00" level=info msg="AWS API call" account=000000000000 api="eks:ListClusters" cache=hit region=eu-west-2
time="2026-08-30T19:17:33-06:00" level=info msg="AWS API call" account=000000000000 api="mq:ListBrokers" cache=hit region=eu-west-2
time="2026-08-30T19:17:33-06:00" level=info msg="AWS API call" account=000000000000 api="opensearch:ListDomainNames" cache=hit region=eu-west-2
time="2026-08-30T19:17:33-06:00" level=info msg="AWS API call" account=000000000000 api="grafana:ListWorkspaces" cache=hit region=eu-west-2
time="2026-08-30T19:17:33-06:00" level=info msg="AWS API call" account=000000000000 api="elbv2:DescribeLoadBalancers" cache=hit region=eu-west-2
time="2026-08-30T19:17:33-06:00" level=info msg="AWS API call" account=000000000000 api="elb:DescribeLoadBalancers" cache=hit region=eu-west-2
time="2026-08-30T19:17:33-06:00" level=info msg="AWS API call" account=000000000000 api="apigateway:GetRestApis" cache=hit region=eu-west-2
time="2026-08-30T19:17:33-06:00" level=info msg="AWS API call" account=000000000000 api="apigateway:GetRestApis" cache=hit region=eu-west-2
time="2026-08-30T19:17:33-06:00" level=info msg="AWS API call" account=000000000000 api="apigateway:GetDomainNames" cache=miss region=eu-west-2
time="2026-08-30T19:17:33-06:00" level=info msg="AWS API call" account=000000000000 api="rds:DescribeDBInstances" cache=hit region=eu-west-2
time="2026-08-30T19:17:33-06:00" level=info msg="AWS API call" account=000000000000 api="apigatewayv2:GetApis" cache=hit region=eu-west-2
time="2026-08-30T19:17:33-06:00" level=info msg="AWS API call" account=000000000000 api="redshift:DescribeClusters" cache=hit region=eu-west-2
time="2026-08-30T19:17:33-06:00" level=info msg="AWS API call" account=000000000000 api="apigatewayv2:GetDomainNames" cache=miss region=eu-west-2
time="2026-08-30T19:17:33-06:00" level=info msg="AWS API call" account=000000000000 api="apprunner:ListServices" cache=hit region=eu-west-2
time="2026-08-30T19:17:33-06:00" level=info msg="AWS API call" account=000000000000 api="apigatewayv2:GetApis" cache=hit region=eu-west-2
time="2026-08-30T19:17:33-06:00" level=info msg="AWS API call" account=000000000000 api="lightsail:GetContainerServices" cache=hit region=eu-west-2
time="2026-08-30T19:17:33-06:00" level=info msg="AWS API call" account=000000000000 api="lambda:ListFunctions" cache=hit region=sa-east-1
time="2026-08-30T19:17:33-06:00" level=info msg="AWS API call" account=000000000000 api="eks:ListClusters" cache=hit region=sa-east-1
time="2026-08-30T19:17:33-06:00" level=info msg="AWS API call" account=000000000000 api="mq:ListBrokers" cache=hit region=sa-east-1
time="2026-08-30T19:17:33-06:00" level=info msg="AWS API call" account=000000000000 api="lambda:ListFunctions" cache=hit region=eu-north-1
time="2026-08-30T19:17:33-06:00" level=info msg="AWS API call" account=000000000000 api="opensearch:ListDomainNames" cache=hit region=sa-east-1
time="2026-08-30T19:17:33-06:00" level=info msg="AWS API call" account=000000000000 api="eks:ListClusters" cache=hit region=eu-north-1
time="2026-08-30T19:17:33-06:00" level=info msg="AWS API call" account=000000000000 api="mq:ListBrokers" cache=hit region=eu-north-1
time="2026-08-30T19:17:33-06:00" level=info msg="AWS API call" account=000000000000 api="opensearch:ListDomainNames" cache=hit region=eu-north-1
time="2026-08-30T19:17:33-06:00" level=info msg="AWS API call" account=000000000000 api="elbv2:DescribeLoadBalancers" cache=hit region=sa-east-1
time="2026-08-30T19:17:33-06:00" level=info msg="AWS API call" account=000000000000 api="elb:DescribeLoadBalancers" cache=hit region=sa-east-1
time="2026-08-30T19:17:33-06:00" level=info msg="AWS API call" account=000000000000 api="apigateway:GetRestApis" cache=hit region=sa-east-1
time="2026-08-30T19:17:33-06:00" level=info msg="AWS API call" account=000000000000 api="apigateway:GetRestApis" cache=hit region=sa-east-1
time="2026-08-30T19:17:33-06:00" level=info msg="AWS API call" account=000000000000 api="apigateway:GetDomainNames" cache=miss region=sa-east-1
time="2026-08-30T19:17:33-06:00" level=info msg="AWS API call" account=000000000000 api="apigatewayv2:GetApis" cache=hit region=sa-east-1
time="2026-08-30T19:17:33-06:00" level=info msg="AWS API call" account=000000000000 api="elbv2:DescribeLoadBalancers" cache=hit region=eu-north-1
time="2026-08-30T19:17:33-06:00" level=info msg="AWS API call" account=000000000000 api="apigatewayv2:GetApis" cache=hit region=sa-east-1
time="2026-08-30T19:17:33-06:00" level=info msg="AWS API call" account=000000000000 api="apigatewayv2:GetDomainNames" cache=miss region=sa-east-1
time="2026-08-30T19:17:33-06:00" level=info msg="AWS API call" account=000000000000 api="elb:DescribeLoadBalancers" cache=hit region=eu-north-1
time="2026-08-30T19:17:33-06:00" level=info msg="AWS API call" account=000000000000 api="apigateway:GetRestApis" cache=hit region=eu-north-1
time="2026-08-30T19:17:33-06:00" level=info msg="AWS API call" account=000000000000 api="apigatewayv2:GetApis" cache=hit region=eu-north-1
time="2026-08-30T19:17:33-06:00" level=info msg="AWS API call" account=000000000000 api="apigateway:GetDomainNames" cache=miss region=eu-north-1
time="2026-08-30T19:17:33-06:00" level=info msg="AWS API call" account=000000000000 api="apigatewayv2:GetApis" cache=hit region=eu-north-1
time="2026-08-30T19:17:33-06:00" level=info msg="AWS API call" account=000000000000 api="apigatewayv2:GetDomainNames" cache=miss region=eu-north-1
time="2026-08-30T19:17:33-06:00" level=info msg="AWS API call" account=000000000000 api="apigateway:GetRestApis" cache=hit region=eu-north-1
time="2026-08-30T19:17:33-06:00" level=info msg="AWS API call" account=000000000000 api="rds:DescribeDBInstances" cache=hit region=sa-east-1
time="2026-08-30T19:17:33-06:00" level=info msg="AWS API call" account=000000000000 api="rds:DescribeDBInstances" cache=hit region=eu-north-1
time="2026-08-30T19:17:33-06:00" level=info msg="AWS API call" account=000000000000 api="redshift:DescribeClusters" cache=hit region=sa-east-1
time="2026-08-30T19:17:33-06:00" level=info msg="AWS API call" account=000000000000 api="redshift:DescribeClusters" cache=hit region=eu-north-1
time="2026-08-30T19:17:33-06:00" level=info msg="AWS API call" account=000000000000 api="apprunner:ListServices" cache=miss region=sa-east-1
time="2026-08-30T19:17:33-06:00" level=info msg="AWS API call" account=000000000000 api="apprunner:ListServices" cache=miss region=eu-north-1
time="2026-08-30T19:17:33-06:00" level=info msg="AWS API call" account=000000000000 api="lightsail:GetContainerServices" cache=hit region=eu-north-1
time="2026-08-30T19:17:33-06:00" level=info msg="AWS API call" account=000000000000 api="lightsail:GetContainerServices" cache=hit region=sa-east-1
time="2026-08-30T19:17:33-06:00" level=info msg="AWS API call" account=000000000000 api="lambda:ListFunctions" cache=hit region=ap-northeast-3
time="2026-08-30T19:17:33-06:00" level=info msg="AWS API call" account=000000000000 api="eks:ListClusters" cache=hit region=ap-northeast-3
time="2026-08-30T19:17:33-06:00" level=info msg="AWS API call" account=000000000000 api="mq:ListBrokers" cache=hit region=ap-northeast-3
time="2026-08-30T19:17:33-06:00" level=info msg="AWS API call" account=000000000000 api="opensearch:ListDomainNames" cache=hit region=ap-northeast-3
time="2026-08-30T19:17:33-06:00" level=info msg="AWS API call" account=000000000000 api="elbv2:DescribeLoadBalancers" cache=hit region=ap-northeast-3
time="2026-08-30T19:17:33-06:00" level=info msg="AWS API call" account=000000000000 api="elb:DescribeLoadBalancers" cache=hit region=ap-northeast-3
time="2026-08-30T19:17:33-06:00" level=info msg="AWS API call" account=000000000000 api="apigatewayv2:GetApis" cache=hit region=ap-northeast-3
time="2026-08-30T19:17:33-06:00" level=info msg="AWS API call" account=000000000000 api="apigateway:GetRestApis" cache=hit region=ap-northeast-3
time="2026-08-30T19:17:33-06:00" level=info msg="AWS API call" account=000000000000 api="apigateway:GetRestApis" cache=hit region=ap-northeast-3
time="2026-08-30T19:17:33-06:00" level=info msg="AWS API call" account=000000000000 api="apigateway:GetDomainNames" cache=miss region=ap-northeast-3
time="2026-08-30T19:17:33-06:00" level=info msg="AWS API call" account=000000000000 api="rds:DescribeDBInstances" cache=hit region=ap-northeast-3
time="2026-08-30T19:17:33-06:00" level=info msg="AWS API call" account=000000000000 api="apigatewayv2:GetApis" cache=hit region=ap-northeast-3
time="2026-08-30T19:17:33-06:00" level=info msg="AWS API call" account=000000000000 api="apigatewayv2:GetDomainNames" cache=miss region=ap-northeast-3
time="2026-08-30T19:17:33-06:00" level=info msg="AWS API call" account=000000000000 api="redshift:DescribeClusters" cache=hit region=ap-northeast-3
time="2026-08-30T19:17:33-06:00" level=info msg="AWS API call" account=000000000000 api="apprunner:ListServices" cache=miss region=ap-northeast-3
time="2026-08-30T19:17:33-06:00" level=info msg="AWS API call" account=000000000000 api="lambda:ListFunctions" cache=hit region=us-east-2
time="2026-08-30T19:17:33-06:00" level=info msg="AWS API call" account=000000000000 api="eks:ListClusters" cache=hit region=us-east-2
time="2026-08-30T19:17:33-06:00" level=info msg="AWS API call" account=000000000000 api="mq:ListBrokers" cache=hit region=us-east-2
time="2026-08-30T19:17:33-06:00" level=info msg="AWS API call" account=000000000000 api="opensearch:ListDomainNames" cache=hit region=us-east-2
time="2026-08-30T19:17:33-06:00" level=info msg="AWS API call" account=000000000000 api="grafana:ListWorkspaces" cache=hit region=us-east-2
time="2026-08-30T19:17:33-06:00" level=info msg="AWS API call" account=000000000000 api="elbv2:DescribeLoadBalancers" cache=hit region=us-east-2
time="2026-08-30T19:17:33-06:00" level=info msg="AWS API call" account=000000000000 api="elb:DescribeLoadBalancers" cache=hit region=us-east-2
time="2026-08-30T19:17:33-06:00" level=info msg="AWS API call" account=000000000000 api="apigateway:GetRestApis" cache=hit region=us-east-2
time="2026-08-30T19:17:33-06:00" level=info msg="AWS API call" account=000000000000 api="apigateway:GetDomainNames" cache=miss region=us-east-2
time="2026-08-30T19:17:33-06:00" level=info msg="AWS API call" account=000000000000 api="apigateway:GetRestApis" cache=hit region=us-east-2
time="2026-08-30T19:17:33-06:00" level=info msg="AWS API call" account=000000000000 api="apigatewayv2:GetApis" cache=hit region=us-east-2
time="2026-08-30T19:17:33-06:00" level=info msg="AWS API call" account=000000000000 api="apigatewayv2:GetApis" cache=hit region=us-east-2
time="2026-08-30T19:17:33-06:00" level=info msg="AWS API call" account=000000000000 api="apigatewayv2:GetDomainNames" cache=miss region=us-east-2
time="2026-08-30T19:17:33-06:00" level=info msg="AWS API call" account=000000000000 api="rds:DescribeDBInstances" cache=hit region=us-east-2
time="2026-08-30T19:17:33-06:00" level=info msg="AWS API call" account=000000000000 api="redshift:DescribeClusters" cache=hit region=us-east-2
time="2026-08-30T19:17:33-06:00" level=info msg="AWS API call" account=000000000000 api="apprunner:ListServices" cache=hit region=us-east-2
time="2026-08-30T19:17:33-06:00" level=info msg="AWS API call" account=000000000000 api="lightsail:GetContainerServices" cache=hit region=us-east-2
time="2026-08-30T19:17:33-06:00" level=info msg="AWS API call" account=000000000000 api="lambda:ListFunctions" cache=hit region=us-east-1
time="2026-08-30T19:17:33-06:00" level=info msg="AWS API call" account=000000000000 api="lambda:GetFunctionUrlConfig" cache=miss function=EC2-AutoRemediation region=us-east-1
time="2026-08-30T19:17:33-06:00" level=info msg="AWS API call" account=000000000000 api="eks:ListClusters" cache=hit region=us-east-1
time="2026-08-30T19:17:33-06:00" level=info msg="AWS API call" account=000000000000 api="mq:ListBrokers" cache=hit region=us-east-1
time="2026-08-30T19:17:33-06:00" level=info msg="AWS API call" account=000000000000 api="lambda:ListFunctions" cache=hit region=us-west-1
time="2026-08-30T19:17:33-06:00" level=info msg="AWS API call" account=000000000000 api="opensearch:ListDomainNames" cache=hit region=us-east-1
time="2026-08-30T19:17:33-06:00" level=info msg="AWS API call" account=000000000000 api="eks:ListClusters" cache=hit region=us-west-1
time="2026-08-30T19:17:33-06:00" level=info msg="AWS API call" account=000000000000 api="grafana:ListWorkspaces" cache=hit region=us-east-1
time="2026-08-30T19:17:33-06:00" level=info msg="AWS API call" account=000000000000 api="mq:ListBrokers" cache=hit region=us-west-1
time="2026-08-30T19:17:33-06:00" level=info msg="AWS API call" account=000000000000 api="opensearch:ListDomainNames" cache=hit region=us-west-1
time="2026-08-30T19:17:33-06:00" level=info msg="AWS API call" account=000000000000 api="elbv2:DescribeLoadBalancers" cache=hit region=us-east-1
time="2026-08-30T19:17:33-06:00" level=info msg="AWS API call" account=000000000000 api="elb:DescribeLoadBalancers" cache=hit region=us-east-1
time="2026-08-30T19:17:33-06:00" level=info msg="AWS API call" account=000000000000 api="apigateway:GetRestApis" cache=hit region=us-east-1
time="2026-08-30T19:17:33-06:00" level=info msg="AWS API call" account=000000000000 api="apigateway:GetRestApis" cache=hit region=us-east-1
time="2026-08-30T19:17:33-06:00" level=info msg="AWS API call" account=000000000000 api="apigateway:GetDomainNames" cache=miss region=us-east-1
time="2026-08-30T19:17:33-06:00" level=info msg="AWS API call" account=000000000000 api="apigatewayv2:GetApis" cache=hit region=us-east-1
time="2026-08-30T19:17:33-06:00" level=info msg="AWS API call" account=000000000000 api="apigatewayv2:GetDomainNames" cache=miss region=us-east-1
time="2026-08-30T19:17:33-06:00" level=info msg="AWS API call" account=000000000000 api="apigatewayv2:GetApis" cache=hit region=us-east-1
time="2026-08-30T19:17:33-06:00" level=info msg="AWS API call" account=000000000000 api="rds:DescribeDBInstances" cache=hit region=us-east-1
time="2026-08-30T19:17:33-06:00" level=info msg="AWS API call" account=000000000000 api="elbv2:DescribeLoadBalancers" cache=hit region=us-west-1
time="2026-08-30T19:17:33-06:00" level=info msg="AWS API call" account=000000000000 api="redshift:DescribeClusters" cache=hit region=us-east-1
time="2026-08-30T19:17:33-06:00" level=info msg="AWS API call" account=000000000000 api="elb:DescribeLoadBalancers" cache=hit region=us-west-1
time="2026-08-30T19:17:33-06:00" level=info msg="AWS API call" account=000000000000 api="apprunner:ListServices" cache=hit region=us-east-1
time="2026-08-30T19:17:33-06:00" level=info msg="AWS API call" account=000000000000 api="apigateway:GetRestApis" cache=hit region=us-west-1
time="2026-08-30T19:17:33-06:00" level=info msg="AWS API call" account=000000000000 api="apigateway:GetDomainNames" cache=miss region=us-west-1
time="2026-08-30T19:17:33-06:00" level=info msg="AWS API call" account=000000000000 api="apigateway:GetRestApis" cache=hit region=us-west-1
time="2026-08-30T19:17:33-06:00" level=info msg="AWS API call" account=000000000000 api="apigatewayv2:GetApis" cache=hit region=us-west-1
time="2026-08-30T19:17:33-06:00" level=info msg="AWS API call" account=000000000000 api="apigatewayv2:GetApis" cache=hit region=us-west-1
time="2026-08-30T19:17:33-06:00" level=info msg="AWS API call" account=000000000000 api="apigatewayv2:GetDomainNames" cache=miss region=us-west-1
time="2026-08-30T19:17:33-06:00" level=info msg="AWS API call" account=000000000000 api="lightsail:GetContainerServices" cache=hit region=us-east-1
time="2026-08-30T19:17:33-06:00" level=info msg="AWS API call" account=000000000000 api="rds:DescribeDBInstances" cache=hit region=us-west-1
time="2026-08-30T19:17:33-06:00" level=info msg="AWS API call" account=000000000000 api="redshift:DescribeClusters" cache=hit region=us-west-1
time="2026-08-30T19:17:33-06:00" level=info msg="AWS API call" account=000000000000 api="apprunner:ListServices" cache=miss region=us-west-1
time="2026-08-30T19:17:33-06:00" level=info msg="AWS API call" account=000000000000 api="lambda:ListFunctions" cache=hit region=eu-west-1
time="2026-08-30T19:17:33-06:00" level=info msg="AWS API call" account=000000000000 api="lambda:ListFunctions" cache=hit region=us-west-2
time="2026-08-30T19:17:33-06:00" level=info msg="AWS API call" account=000000000000 api="eks:ListClusters" cache=hit region=eu-west-1
time="2026-08-30T19:17:33-06:00" level=info msg="AWS API call" account=000000000000 api="mq:ListBrokers" cache=hit region=eu-west-1
time="2026-08-30T19:17:33-06:00" level=info msg="AWS API call" account=000000000000 api="opensearch:ListDomainNames" cache=hit region=eu-west-1
time="2026-08-30T19:17:33-06:00" level=info msg="AWS API call" account=000000000000 api="lambda:ListFunctions" cache=hit region=ap-southeast-1
time="2026-08-30T19:17:33-06:00" level=info msg="AWS API call" account=000000000000 api="eks:ListClusters" cache=hit region=us-west-2
time="2026-08-30T19:17:33-06:00" level=info msg="AWS API call" account=000000000000 api="grafana:ListWorkspaces" cache=hit region=eu-west-1
time="2026-08-30T19:17:33-06:00" level=info msg="AWS API call" account=000000000000 api="elbv2:DescribeLoadBalancers" cache=hit region=eu-west-1
time="2026-08-30T19:17:33-06:00" level=info msg="AWS API call" account=000000000000 api="elb:DescribeLoadBalancers" cache=hit region=eu-west-1
time="2026-08-30T19:17:33-06:00" level=info msg="AWS API call" account=000000000000 api="lambda:ListFunctions" cache=hit region=ap-northeast-2
time="2026-08-30T19:17:33-06:00" level=info msg="AWS API call" account=000000000000 api="eks:ListClusters" cache=hit region=ap-southeast-1
time="2026-08-30T19:17:33-06:00" level=info msg="AWS API call" account=000000000000 api="apigateway:GetRestApis" cache=hit region=eu-west-1
time="2026-08-30T19:17:33-06:00" level=info msg="AWS API call" account=000000000000 api="apigatewayv2:GetApis" cache=hit region=eu-west-1
time="2026-08-30T19:17:33-06:00" level=info msg="AWS API call" account=000000000000 api="apigateway:GetDomainNames" cache=miss region=eu-west-1
time="2026-08-30T19:17:33-06:00" level=info msg="AWS API call" account=000000000000 api="apigatewayv2:GetApis" cache=hit region=eu-west-1
time="2026-08-30T19:17:33-06:00" level=info msg="AWS API call" account=000000000000 api="apigateway:GetRestApis" cache=hit region=eu-west-1
time="2026-08-30T19:17:33-06:00" level=info msg="AWS API call" account=000000000000 api="apigatewayv2:GetDomainNames" cache=miss region=eu-west-1
time="2026-08-30T19:17:33-06:00" level=info msg="AWS API call" account=000000000000 api="mq:ListBrokers" cache=hit region=us-west-2
time="2026-08-30T19:17:33-06:00" level=info msg="AWS API call" account=000000000000 api="rds:DescribeDBInstances" cache=hit region=eu-west-1
time="2026-08-30T19:17:33-06:00" level=info msg="AWS API call" account=000000000000 api="mq:ListBrokers" cache=hit region=ap-southeast-1
time="2026-08-30T19:17:33-06:00" level=info msg="AWS API call" account=000000000000 api="redshift:DescribeClusters" cache=hit region=eu-west-1
time="2026-08-30T19:17:33-06:00" level=info msg="AWS API call" account=000000000000 api="eks:ListClusters" cache=hit region=ap-northeast-2
time="2026-08-30T19:17:33-06:00" level=info msg="AWS API call" account=000000000000 api="apprunner:ListServices" cache=hit region=eu-west-1
time="2026-08-30T19:17:33-06:00" level=info msg="AWS API call" account=000000000000 api="lightsail:GetContainerServices" cache=hit region=eu-west-1
time="2026-08-30T19:17:33-06:00" level=info msg="AWS API call" account=000000000000 api="opensearch:ListDomainNames" cache=hit region=us-west-2
time="2026-08-30T19:17:33-06:00" level=info msg="AWS API call" account=000000000000 api="opensearch:ListDomainNames" cache=hit region=ap-southeast-1
time="2026-08-30T19:17:33-06:00" level=info msg="AWS API call" account=000000000000 api="mq:ListBrokers" cache=hit region=ap-northeast-2
time="2026-08-30T19:17:33-06:00" level=info msg="AWS API call" account=000000000000 api="grafana:ListWorkspaces" cache=hit region=us-west-2
time="2026-08-30T19:17:33-06:00" level=info msg="AWS API call" account=000000000000 api="grafana:ListWorkspaces" cache=hit region=ap-southeast-1
time="2026-08-30T19:17:33-06:00" level=info msg="AWS API call" account=000000000000 api="opensearch:ListDomainNames" cache=hit region=ap-northeast-2
time="2026-08-30T19:17:33-06:00" level=info msg="AWS API call" account=000000000000 api="elbv2:DescribeLoadBalancers" cache=hit region=us-west-2
time="2026-08-30T19:17:33-06:00" level=info msg="AWS API call" account=000000000000 api="elb:DescribeLoadBalancers" cache=hit region=us-west-2
time="2026-08-30T19:17:33-06:00" level=info msg="AWS API call" account=000000000000 api="elbv2:DescribeLoadBalancers" cache=hit region=ap-southeast-1
time="2026-08-30T19:17:33-06:00" level=info msg="AWS API call" account=000000000000 api="elb:DescribeLoadBalancers" cache=hit region=ap-southeast-1
time="2026-08-30T19:17:33-06:00" level=info msg="AWS API call" account=000000000000 api="grafana:ListWorkspaces" cache=hit region=ap-northeast-2
time="2026-08-30T19:17:33-06:00" level=info msg="AWS API call" account=000000000000 api="apigateway:GetRestApis" cache=hit region=ap-southeast-1
time="2026-08-30T19:17:33-06:00" level=info msg="AWS API call" account=000000000000 api="apigateway:GetRestApis" cache=hit region=us-west-2
time="2026-08-30T19:17:33-06:00" level=info msg="AWS API call" account=000000000000 api="apigateway:GetRestApis" cache=hit region=us-west-2
time="2026-08-30T19:17:33-06:00" level=info msg="AWS API call" account=000000000000 api="apigateway:GetDomainNames" cache=miss region=ap-southeast-1
time="2026-08-30T19:17:33-06:00" level=info msg="AWS API call" account=000000000000 api="apigateway:GetRestApis" cache=hit region=ap-southeast-1
time="2026-08-30T19:17:33-06:00" level=info msg="AWS API call" account=000000000000 api="apigatewayv2:GetApis" cache=hit region=us-west-2
time="2026-08-30T19:17:33-06:00" level=info msg="AWS API call" account=000000000000 api="apigateway:GetDomainNames" cache=miss region=us-west-2
time="2026-08-30T19:17:33-06:00" level=info msg="AWS API call" account=000000000000 api="apigatewayv2:GetApis" cache=hit region=ap-southeast-1
time="2026-08-30T19:17:33-06:00" level=info msg="AWS API call" account=000000000000 api="apigatewayv2:GetApis" cache=hit region=us-west-2
time="2026-08-30T19:17:33-06:00" level=info msg="AWS API call" account=000000000000 api="apigatewayv2:GetDomainNames" cache=miss region=us-west-2
time="2026-08-30T19:17:33-06:00" level=info msg="AWS API call" account=000000000000 api="apigatewayv2:GetApis" cache=hit region=ap-southeast-1
time="2026-08-30T19:17:33-06:00" level=info msg="AWS API call" account=000000000000 api="apigatewayv2:GetDomainNames" cache=miss region=ap-southeast-1
time="2026-08-30T19:17:33-06:00" level=info msg="AWS API call" account=000000000000 api="rds:DescribeDBInstances" cache=hit region=ap-southeast-1
time="2026-08-30T19:17:33-06:00" level=info msg="AWS API call" account=000000000000 api="elbv2:DescribeLoadBalancers" cache=hit region=ap-northeast-2
time="2026-08-30T19:17:33-06:00" level=info msg="AWS API call" account=000000000000 api="rds:DescribeDBInstances" cache=hit region=us-west-2
time="2026-08-30T19:17:33-06:00" level=info msg="AWS API call" account=000000000000 api="elb:DescribeLoadBalancers" cache=hit region=ap-northeast-2
time="2026-08-30T19:17:33-06:00" level=info msg="AWS API call" account=000000000000 api="redshift:DescribeClusters" cache=hit region=ap-southeast-1
time="2026-08-30T19:17:33-06:00" level=info msg="AWS API call" account=000000000000 api="apprunner:ListServices" cache=hit region=ap-southeast-1
time="2026-08-30T19:17:33-06:00" level=info msg="AWS API call" account=000000000000 api="apigateway:GetRestApis" cache=hit region=ap-northeast-2
time="2026-08-30T19:17:33-06:00" level=info msg="AWS API call" account=000000000000 api="apigateway:GetRestApis" cache=hit region=ap-northeast-2
time="2026-08-30T19:17:33-06:00" level=info msg="AWS API call" account=000000000000 api="apigatewayv2:GetApis" cache=hit region=ap-northeast-2
time="2026-08-30T19:17:33-06:00" level=info msg="AWS API call" account=000000000000 api="apigateway:GetDomainNames" cache=miss region=ap-northeast-2
time="2026-08-30T19:17:33-06:00" level=info msg="AWS API call" account=000000000000 api="redshift:DescribeClusters" cache=hit region=us-west-2
time="2026-08-30T19:17:33-06:00" level=info msg="AWS API call" account=000000000000 api="apigatewayv2:GetApis" cache=hit region=ap-northeast-2
time="2026-08-30T19:17:33-06:00" level=info msg="AWS API call" account=000000000000 api="apigatewayv2:GetDomainNames" cache=miss region=ap-northeast-2
time="2026-08-30T19:17:33-06:00" level=info msg="AWS API call" account=000000000000 api="apprunner:ListServices" cache=hit region=us-west-2
time="2026-08-30T19:17:33-06:00" level=info msg="AWS API call" account=000000000000 api="lightsail:GetContainerServices" cache=hit region=ap-southeast-1
time="2026-08-30T19:17:33-06:00" level=info msg="AWS API call" account=000000000000 api="rds:DescribeDBInstances" cache=hit region=ap-northeast-2
time="2026-08-30T19:17:33-06:00" level=info msg="AWS API call" account=000000000000 api="lightsail:GetContainerServices" cache=hit region=us-west-2
time="2026-08-30T19:17:33-06:00" level=info msg="AWS API call" account=000000000000 api="redshift:DescribeClusters" cache=hit region=ap-northeast-2
time="2026-08-30T19:17:33-06:00" level=info msg="AWS API call" account=000000000000 api="apprunner:ListServices" cache=miss region=ap-northeast-2
time="2026-08-30T19:17:33-06:00" level=info msg="AWS API call" account=000000000000 api="lightsail:GetContainerServices" cache=hit region=ap-northeast-2
time="2026-08-30T19:17:33-06:00" level=info msg="AWS API call" account=000000000000 api="lambda:ListFunctions" cache=hit region=ap-south-1
time="2026-08-30T19:17:33-06:00" level=info msg="AWS API call" account=000000000000 api="eks:ListClusters" cache=hit region=ap-south-1
time="2026-08-30T19:17:33-06:00" level=info msg="AWS API call" account=000000000000 api="mq:ListBrokers" cache=hit region=ap-south-1
time="2026-08-30T19:17:33-06:00" level=info msg="AWS API call" account=000000000000 api="opensearch:ListDomainNames" cache=hit region=ap-south-1
time="2026-08-30T19:17:33-06:00" level=info msg="AWS API call" account=000000000000 api="lambda:ListFunctions" cache=hit region=ap-southeast-2
time="2026-08-30T19:17:33-06:00" level=info msg="AWS API call" account=000000000000 api="eks:ListClusters" cache=hit region=ap-southeast-2
time="2026-08-30T19:17:33-06:00" level=info msg="AWS API call" account=000000000000 api="mq:ListBrokers" cache=hit region=ap-southeast-2
time="2026-08-30T19:17:33-06:00" level=info msg="AWS API call" account=000000000000 api="lambda:ListFunctions" cache=hit region=ap-northeast-1
time="2026-08-30T19:17:33-06:00" level=info msg="AWS API call" account=000000000000 api="opensearch:ListDomainNames" cache=hit region=ap-southeast-2
time="2026-08-30T19:17:33-06:00" level=info msg="AWS API call" account=000000000000 api="elbv2:DescribeLoadBalancers" cache=hit region=ap-south-1
time="2026-08-30T19:17:33-06:00" level=info msg="AWS API call" account=000000000000 api="elb:DescribeLoadBalancers" cache=hit region=ap-south-1
time="2026-08-30T19:17:33-06:00" level=info msg="AWS API call" account=000000000000 api="eks:ListClusters" cache=hit region=ap-northeast-1
time="2026-08-30T19:17:33-06:00" level=info msg="AWS API call" account=000000000000 api="grafana:ListWorkspaces" cache=hit region=ap-southeast-2
time="2026-08-30T19:17:33-06:00" level=info msg="AWS API call" account=000000000000 api="apigateway:GetRestApis" cache=hit region=ap-south-1
time="2026-08-30T19:17:33-06:00" level=info msg="AWS API call" account=000000000000 api="apigateway:GetDomainNames" cache=miss region=ap-south-1
time="2026-08-30T19:17:33-06:00" level=info msg="AWS API call" account=000000000000 api="apigatewayv2:GetApis" cache=hit region=ap-south-1
time="2026-08-30T19:17:33-06:00" level=info msg="AWS API call" account=000000000000 api="apigateway:GetRestApis" cache=hit region=ap-south-1
time="2026-08-30T19:17:33-06:00" level=info msg="AWS API call" account=000000000000 api="apigatewayv2:GetApis" cache=hit region=ap-south-1
time="2026-08-30T19:17:33-06:00" level=info msg="AWS API call" account=000000000000 api="apigatewayv2:GetDomainNames" cache=miss region=ap-south-1
time="2026-08-30T19:17:33-06:00" level=info msg="AWS API call" account=000000000000 api="mq:ListBrokers" cache=hit region=ap-northeast-1
time="2026-08-30T19:17:33-06:00" level=info msg="AWS API call" account=000000000000 api="elbv2:DescribeLoadBalancers" cache=hit region=ap-southeast-2
time="2026-08-30T19:17:33-06:00" level=info msg="AWS API call" account=000000000000 api="elb:DescribeLoadBalancers" cache=hit region=ap-southeast-2
time="2026-08-30T19:17:33-06:00" level=info msg="AWS API call" account=000000000000 api="apigateway:GetRestApis" cache=hit region=ap-southeast-2
time="2026-08-30T19:17:33-06:00" level=info msg="AWS API call" account=000000000000 api="apigateway:GetDomainNames" cache=miss region=ap-southeast-2
time="2026-08-30T19:17:33-06:00" level=info msg="AWS API call" account=000000000000 api="apigateway:GetRestApis" cache=hit region=ap-southeast-2
time="2026-08-30T19:17:33-06:00" level=info msg="AWS API call" account=000000000000 api="apigatewayv2:GetApis" cache=hit region=ap-southeast-2
time="2026-08-30T19:17:33-06:00" level=info msg="AWS API call" account=000000000000 api="apigatewayv2:GetApis" cache=hit region=ap-southeast-2
time="2026-08-30T19:17:33-06:00" level=info msg="AWS API call" account=000000000000 api="apigatewayv2:GetDomainNames" cache=miss region=ap-southeast-2
time="2026-08-30T19:17:33-06:00" level=info msg="AWS API call" account=000000000000 api="rds:DescribeDBInstances" cache=hit region=ap-south-1
time="2026-08-30T19:17:33-06:00" level=info msg="AWS API call" account=000000000000 api="opensearch:ListDomainNames" cache=hit region=ap-northeast-1
time="2026-08-30T19:17:33-06:00" level=info msg="AWS API call" account=000000000000 api="rds:DescribeDBInstances" cache=hit region=ap-southeast-2
time="2026-08-30T19:17:33-06:00" level=info msg="AWS API call" account=000000000000 api="redshift:DescribeClusters" cache=hit region=ap-south-1
time="2026-08-30T19:17:33-06:00" level=info msg="AWS API call" account=000000000000 api="redshift:DescribeClusters" cache=hit region=ap-southeast-2
time="2026-08-30T19:17:33-06:00" level=info msg="AWS API call" account=000000000000 api="apprunner:ListServices" cache=hit region=ap-south-1
time="2026-08-30T19:17:33-06:00" level=info msg="AWS API call" account=000000000000 api="apprunner:ListServices" cache=hit region=ap-southeast-2
time="2026-08-30T19:17:33-06:00" level=info msg="AWS API call" account=000000000000 api="grafana:ListWorkspaces" cache=hit region=ap-northeast-1
time="2026-08-30T19:17:33-06:00" level=info msg="AWS API call" account=000000000000 api="lightsail:GetContainerServices" cache=hit region=ap-southeast-2
time="2026-08-30T19:17:33-06:00" level=info msg="AWS API call" account=000000000000 api="lightsail:GetContainerServices" cache=hit region=ap-south-1
time="2026-08-30T19:17:33-06:00" level=info msg="AWS API call" account=000000000000 api="elbv2:DescribeLoadBalancers" cache=hit region=ap-northeast-1
time="2026-08-30T19:17:33-06:00" level=info msg="AWS API call" account=000000000000 api="elb:DescribeLoadBalancers" cache=hit region=ap-northeast-1
time="2026-08-30T19:17:33-06:00" level=info msg="AWS API call" account=000000000000 api="apigateway:GetRestApis" cache=hit region=ap-northeast-1
time="2026-08-30T19:17:33-06:00" level=info msg="AWS API call" account=000000000000 api="apigateway:GetDomainNames" cache=miss region=ap-northeast-1
time="2026-08-30T19:17:33-06:00" level=info msg="AWS API call" account=000000000000 api="apigateway:GetRestApis" cache=hit region=ap-northeast-1
time="2026-08-30T19:17:33-06:00" level=info msg="AWS API call" account=000000000000 api="apigatewayv2:GetApis" cache=hit region=ap-northeast-1
time="2026-08-30T19:17:33-06:00" level=info msg="AWS API call" account=000000000000 api="rds:DescribeDBInstances" cache=hit region=ap-northeast-1
time="2026-08-30T19:17:33-06:00" level=info msg="AWS API call" account=000000000000 api="redshift:DescribeClusters" cache=hit region=ap-northeast-1
time="2026-08-30T19:17:33-06:00" level=info msg="AWS API call" account=000000000000 api="apigatewayv2:GetApis" cache=hit region=ap-northeast-1
time="2026-08-30T19:17:33-06:00" level=info msg="AWS API call" account=000000000000 api="apigatewayv2:GetDomainNames" cache=miss region=ap-northeast-1
time="2026-08-30T19:17:33-06:00" level=info msg="AWS API call" account=000000000000 api="apprunner:ListServices" cache=hit region=ap-northeast-1
time="2026-08-30T19:17:33-06:00" level=info msg="AWS API call" account=000000000000 api="lightsail:GetContainerServices" cache=hit region=ap-northeast-1
time="2026-08-30T19:17:33-06:00" level=info msg="AWS API call" account=000000000000 api="apigatewayv2:GetApis" cache=hit region=eu-west-3
time="2026-08-30T19:17:33-06:00" level=info msg="AWS API call" account=000000000000 api="apigatewayv2:GetDomainNames" cache=hit region=eu-west-3
time="2026-08-30T19:17:33-06:00" level=info msg="AWS API call" account=000000000000 api="apigateway:GetRestApis" cache=hit region=eu-west-3
time="2026-08-30T19:17:33-06:00" level=info msg="AWS API call" account=000000000000 api="apigateway:GetDomainNames" cache=hit region=eu-west-3
time="2026-08-30T19:17:33-06:00" level=info msg="AWS API call" account=000000000000 api="apigateway:GetRestApis" cache=hit region=eu-west-3
time="2026-08-30T19:17:33-06:00" level=info msg="AWS API call" account=000000000000 api="apigatewayv2:GetApis" cache=hit region=eu-west-3
time="2026-08-30T19:17:33-06:00" level=info msg="AWS API call" account=000000000000 api="apigatewayv2:GetApis" cache=hit region=ap-northeast-1
time="2026-08-30T19:17:33-06:00" level=info msg="AWS API call" account=000000000000 api="apigatewayv2:GetDomainNames" cache=hit region=ap-northeast-1
time="2026-08-30T19:17:33-06:00" level=info msg="AWS API call" account=000000000000 api="apigateway:GetRestApis" cache=hit region=ap-northeast-1
time="2026-08-30T19:17:33-06:00" level=info msg="AWS API call" account=000000000000 api="apigatewayv2:GetApis" cache=hit region=ap-northeast-1
time="2026-08-30T19:17:33-06:00" level=info msg="AWS API call" account=000000000000 api="apigateway:GetRestApis" cache=hit region=ap-northeast-1
time="2026-08-30T19:17:33-06:00" level=info msg="AWS API call" account=000000000000 api="apigateway:GetDomainNames" cache=hit region=ap-northeast-1
time="2026-08-30T19:17:33-06:00" level=info msg="AWS API call" account=000000000000 api="apigatewayv2:GetApis" cache=hit region=ap-northeast-2
time="2026-08-30T19:17:33-06:00" level=info msg="AWS API call" account=000000000000 api="apigatewayv2:GetDomainNames" cache=hit region=ap-northeast-2
time="2026-08-30T19:17:33-06:00" level=info msg="AWS API call" account=000000000000 api="apigateway:GetRestApis" cache=hit region=ap-northeast-2
time="2026-08-30T19:17:33-06:00" level=info msg="AWS API call" account=000000000000 api="apigatewayv2:GetApis" cache=hit region=ap-northeast-2
time="2026-08-30T19:17:33-06:00" level=info msg="AWS API call" account=000000000000 api="apigateway:GetRestApis" cache=hit region=ap-northeast-2
time="2026-08-30T19:17:33-06:00" level=info msg="AWS API call" account=000000000000 api="apigateway:GetDomainNames" cache=hit region=ap-northeast-2
time="2026-08-30T19:17:34-06:00" level=info msg="AWS API call" account=000000000000 api="apigatewayv2:GetApis" cache=hit region=ap-southeast-1
time="2026-08-30T19:17:34-06:00" level=info msg="AWS API call" account=000000000000 api="apigatewayv2:GetDomainNames" cache=hit region=ap-southeast-1
time="2026-08-30T19:17:34-06:00" level=info msg="AWS API call" account=000000000000 api="apigateway:GetRestApis" cache=hit region=ap-southeast-1
time="2026-08-30T19:17:34-06:00" level=info msg="AWS API call" account=000000000000 api="apigateway:GetDomainNames" cache=hit region=ap-southeast-1
time="2026-08-30T19:17:34-06:00" level=info msg="AWS API call" account=000000000000 api="apigatewayv2:GetApis" cache=hit region=ap-southeast-1
time="2026-08-30T19:17:34-06:00" level=info msg="AWS API call" account=000000000000 api="apigateway:GetRestApis" cache=hit region=ap-southeast-1
time="2026-08-30T19:17:34-06:00" level=info msg="AWS API call" account=000000000000 api="apigatewayv2:GetApis" cache=hit region=eu-north-1
time="2026-08-30T19:17:34-06:00" level=info msg="AWS API call" account=000000000000 api="apigatewayv2:GetDomainNames" cache=hit region=eu-north-1
time="2026-08-30T19:17:34-06:00" level=info msg="AWS API call" account=000000000000 api="apigatewayv2:GetApis" cache=hit region=eu-north-1
time="2026-08-30T19:17:34-06:00" level=info msg="AWS API call" account=000000000000 api="apigateway:GetRestApis" cache=hit region=eu-north-1
time="2026-08-30T19:17:34-06:00" level=info msg="AWS API call" account=000000000000 api="apigateway:GetRestApis" cache=hit region=eu-north-1
time="2026-08-30T19:17:34-06:00" level=info msg="AWS API call" account=000000000000 api="apigateway:GetDomainNames" cache=hit region=eu-north-1
time="2026-08-30T19:17:34-06:00" level=info msg="AWS API call" account=000000000000 api="apigatewayv2:GetApis" cache=hit region=eu-west-2
time="2026-08-30T19:17:34-06:00" level=info msg="AWS API call" account=000000000000 api="apigatewayv2:GetDomainNames" cache=hit region=eu-west-2
time="2026-08-30T19:17:34-06:00" level=info msg="AWS API call" account=000000000000 api="apigateway:GetRestApis" cache=hit region=eu-west-2
time="2026-08-30T19:17:34-06:00" level=info msg="AWS API call" account=000000000000 api="apigatewayv2:GetApis" cache=hit region=eu-west-2
time="2026-08-30T19:17:34-06:00" level=info msg="AWS API call" account=000000000000 api="apigateway:GetRestApis" cache=hit region=eu-west-2
time="2026-08-30T19:17:34-06:00" level=info msg="AWS API call" account=000000000000 api="apigateway:GetDomainNames" cache=hit region=eu-west-2
time="2026-08-30T19:17:34-06:00" level=info msg="AWS API call" account=000000000000 api="apigatewayv2:GetApis" cache=hit region=sa-east-1
time="2026-08-30T19:17:34-06:00" level=info msg="AWS API call" account=000000000000 api="apigatewayv2:GetDomainNames" cache=hit region=sa-east-1
time="2026-08-30T19:17:34-06:00" level=info msg="AWS API call" account=000000000000 api="apigateway:GetRestApis" cache=hit region=sa-east-1
time="2026-08-30T19:17:34-06:00" level=info msg="AWS API call" account=000000000000 api="apigatewayv2:GetApis" cache=hit region=sa-east-1
time="2026-08-30T19:17:34-06:00" level=info msg="AWS API call" account=000000000000 api="apigateway:GetRestApis" cache=hit region=sa-east-1
time="2026-08-30T19:17:34-06:00" level=info msg="AWS API call" account=000000000000 api="apigateway:GetDomainNames" cache=hit region=sa-east-1
time="2026-08-30T19:17:34-06:00" level=info msg="AWS API call" account=000000000000 api="apigatewayv2:GetApis" cache=hit region=us-west-1
time="2026-08-30T19:17:34-06:00" level=info msg="AWS API call" account=000000000000 api="apigatewayv2:GetDomainNames" cache=hit region=us-west-1
time="2026-08-30T19:17:34-06:00" level=info msg="AWS API call" account=000000000000 api="apigateway:GetRestApis" cache=hit region=us-west-1
time="2026-08-30T19:17:34-06:00" level=info msg="AWS API call" account=000000000000 api="apigateway:GetDomainNames" cache=hit region=us-west-1
time="2026-08-30T19:17:34-06:00" level=info msg="AWS API call" account=000000000000 api="apigateway:GetRestApis" cache=hit region=us-west-1
time="2026-08-30T19:17:34-06:00" level=info msg="AWS API call" account=000000000000 api="apigatewayv2:GetApis" cache=hit region=us-west-1
time="2026-08-30T19:17:34-06:00" level=info msg="AWS API call" account=000000000000 api="apigatewayv2:GetApis" cache=hit region=us-east-2
time="2026-08-30T19:17:34-06:00" level=info msg="AWS API call" account=000000000000 api="apigatewayv2:GetDomainNames" cache=hit region=us-east-2
time="2026-08-30T19:17:34-06:00" level=info msg="AWS API call" account=000000000000 api="apigateway:GetRestApis" cache=hit region=us-east-2
time="2026-08-30T19:17:34-06:00" level=info msg="AWS API call" account=000000000000 api="apigateway:GetRestApis" cache=hit region=us-east-2
time="2026-08-30T19:17:34-06:00" level=info msg="AWS API call" account=000000000000 api="apigateway:GetDomainNames" cache=hit region=us-east-2
time="2026-08-30T19:17:34-06:00" level=info msg="AWS API call" account=000000000000 api="apigatewayv2:GetApis" cache=hit region=us-east-2
time="2026-08-30T19:17:34-06:00" level=info msg="AWS API call" account=000000000000 api="apigatewayv2:GetApis" cache=hit region=eu-central-1
time="2026-08-30T19:17:34-06:00" level=info msg="AWS API call" account=000000000000 api="apigatewayv2:GetDomainNames" cache=hit region=eu-central-1
time="2026-08-30T19:17:34-06:00" level=info msg="AWS API call" account=000000000000 api="apigatewayv2:GetApis" cache=hit region=eu-central-1
time="2026-08-30T19:17:34-06:00" level=info msg="AWS API call" account=000000000000 api="apigateway:GetRestApis" cache=hit region=eu-central-1
time="2026-08-30T19:17:34-06:00" level=info msg="AWS API call" account=000000000000 api="apigateway:GetRestApis" cache=hit region=eu-central-1
time="2026-08-30T19:17:34-06:00" level=info msg="AWS API call" account=000000000000 api="apigateway:GetDomainNames" cache=hit region=eu-central-1
time="2026-08-30T19:17:34-06:00" level=info msg="AWS API call" account=000000000000 api="apigatewayv2:GetApis" cache=hit region=ca-central-1
time="2026-08-30T19:17:34-06:00" level=info msg="AWS API call" account=000000000000 api="apigateway:GetRestApis" cache=hit region=ca-central-1
time="2026-08-30T19:17:34-06:00" level=info msg="AWS API call" account=000000000000 api="apigateway:GetDomainNames" cache=hit region=ca-central-1
time="2026-08-30T19:17:34-06:00" level=info msg="AWS API call" account=000000000000 api="apigateway:GetRestApis" cache=hit region=ca-central-1
time="2026-08-30T19:17:34-06:00" level=info msg="AWS API call" account=000000000000 api="apigatewayv2:GetApis" cache=hit region=ca-central-1
time="2026-08-30T19:17:34-06:00" level=info msg="AWS API call" account=000000000000 api="apigatewayv2:GetDomainNames" cache=hit region=ca-central-1
time="2026-08-30T19:17:34-06:00" level=info msg="AWS API call" account=000000000000 api="apigatewayv2:GetApis" cache=hit region=ap-southeast-2
time="2026-08-30T19:17:34-06:00" level=info msg="AWS API call" account=000000000000 api="apigatewayv2:GetDomainNames" cache=hit region=ap-southeast-2
time="2026-08-30T19:17:34-06:00" level=info msg="AWS API call" account=000000000000 api="apigateway:GetRestApis" cache=hit region=ap-southeast-2
time="2026-08-30T19:17:34-06:00" level=info msg="AWS API call" account=000000000000 api="apigateway:GetRestApis" cache=hit region=ap-southeast-2
time="2026-08-30T19:17:34-06:00" level=info msg="AWS API call" account=000000000000 api="apigateway:GetDomainNames" cache=hit region=ap-southeast-2
time="2026-08-30T19:17:34-06:00" level=info msg="AWS API call" account=000000000000 api="apigatewayv2:GetApis" cache=hit region=ap-southeast-2
time="2026-08-30T19:17:34-06:00" level=info msg="AWS API call" account=000000000000 api="apigatewayv2:GetApis" cache=hit region=us-east-1
time="2026-08-30T19:17:34-06:00" level=info msg="AWS API call" account=000000000000 api="apigateway:GetRestApis" cache=hit region=us-east-1
time="2026-08-30T19:17:34-06:00" level=info msg="AWS API call" account=000000000000 api="apigatewayv2:GetApis" cache=hit region=us-east-1
time="2026-08-30T19:17:34-06:00" level=info msg="AWS API call" account=000000000000 api="apigatewayv2:GetDomainNames" cache=hit region=us-east-1
time="2026-08-30T19:17:34-06:00" level=info msg="AWS API call" account=000000000000 api="apigateway:GetRestApis" cache=hit region=us-east-1
time="2026-08-30T19:17:34-06:00" level=info msg="AWS API call" account=000000000000 api="apigateway:GetDomainNames" cache=hit region=us-east-1
time="2026-08-30T19:17:34-06:00" level=info msg="AWS API call" account=000000000000 api="apigatewayv2:GetApis" cache=hit region=us-west-2
time="2026-08-30T19:17:34-06:00" level=info msg="AWS API call" account=000000000000 api="apigatewayv2:GetDomainNames" cache=hit region=us-west-2
time="2026-08-30T19:17:34-06:00" level=info msg="AWS API call" account=000000000000 api="apigateway:GetRestApis" cache=hit region=us-west-2
time="2026-08-30T19:17:34-06:00" level=info msg="AWS API call" account=000000000000 api="apigateway:GetDomainNames" cache=hit region=us-west-2
time="2026-08-30T19:17:34-06:00" level=info msg="AWS API call" account=000000000000 api="apigateway:GetRestApis" cache=hit region=us-west-2
time="2026-08-30T19:17:34-06:00" level=info msg="AWS API call" account=000000000000 api="apigatewayv2:GetApis" cache=hit region=us-west-2
time="2026-08-30T19:17:34-06:00" level=info msg="AWS API call" account=000000000000 api="apigatewayv2:GetApis" cache=hit region=ap-south-1
time="2026-08-30T19:17:34-06:00" level=info msg="AWS API call" account=000000000000 api="apigatewayv2:GetApis" cache=hit region=ap-south-1
time="2026-08-30T19:17:34-06:00" level=info msg="AWS API call" account=000000000000 api="apigateway:GetRestApis" cache=hit region=ap-south-1
time="2026-08-30T19:17:34-06:00" level=info msg="AWS API call" account=000000000000 api="apigatewayv2:GetDomainNames" cache=hit region=ap-south-1
time="2026-08-30T19:17:34-06:00" level=info msg="AWS API call" account=000000000000 api="apigateway:GetRestApis" cache=hit region=ap-south-1
time="2026-08-30T19:17:34-06:00" level=info msg="AWS API call" account=000000000000 api="apigateway:GetDomainNames" cache=hit region=ap-south-1
time="2026-08-30T19:17:34-06:00" level=info msg="AWS API call" account=000000000000 api="apigatewayv2:GetApis" cache=hit region=ap-northeast-3
time="2026-08-30T19:17:34-06:00" level=info msg="AWS API call" account=000000000000 api="apigatewayv2:GetDomainNames" cache=hit region=ap-northeast-3
time="2026-08-30T19:17:34-06:00" level=info msg="AWS API call" account=000000000000 api="apigateway:GetRestApis" cache=hit region=ap-northeast-3
time="2026-08-30T19:17:34-06:00" level=info msg="AWS API call" account=000000000000 api="apigatewayv2:GetApis" cache=hit region=ap-northeast-3
time="2026-08-30T19:17:34-06:00" level=info msg="AWS API call" account=000000000000 api="apigateway:GetRestApis" cache=hit region=ap-northeast-3
time="2026-08-30T19:17:34-06:00" level=info msg="AWS API call" account=000000000000 api="apigateway:GetDomainNames" cache=hit region=ap-northeast-3
time="2026-08-30T19:17:34-06:00" level=info msg="AWS API call" account=000000000000 api="apigatewayv2:GetApis" cache=hit region=eu-west-1
time="2026-08-30T19:17:34-06:00" level=info msg="AWS API call" account=000000000000 api="apigatewayv2:GetApis" cache=hit region=eu-west-1
time="2026-08-30T19:17:34-06:00" level=info msg="AWS API call" account=000000000000 api="apigateway:GetRestApis" cache=hit region=eu-west-1
time="2026-08-30T19:17:34-06:00" level=info msg="AWS API call" account=000000000000 api="apigatewayv2:GetDomainNames" cache=hit region=eu-west-1
time="2026-08-30T19:17:34-06:00" level=info msg="AWS API call" account=000000000000 api="apigateway:GetRestApis" cache=hit region=eu-west-1
time="2026-08-30T19:17:34-06:00" level=info msg="AWS API call" account=000000000000 api="apigateway:GetDomainNames" cache=hit region=eu-west-1
time="2026-08-30T19:17:34-06:00" level=info msg="AWS API call" account=000000000000 api="rds:DescribeDBClusters" cache=miss region=ap-southeast-2
time="2026-08-30T19:17:34-06:00" level=info msg="AWS API call" account=000000000000 api="rds:DescribeDBInstances" cache=hit region=ap-southeast-2
time="2026-08-30T19:17:34-06:00" level=info msg="AWS API call" account=000000000000 api="redshift:DescribeClusters" cache=hit region=ap-southeast-2
time="2026-08-30T19:17:34-06:00" level=info msg="AWS API call" account=000000000000 api="dynamodb:ListTables" cache=hit region=ap-southeast-2
time="2026-08-30T19:17:34-06:00" level=info msg="AWS API call" account=000000000000 api="rds:DescribeDBClusters" cache=miss region=ca-central-1
time="2026-08-30T19:17:34-06:00" level=info msg="AWS API call" account=000000000000 api="rds:DescribeDBInstances" cache=hit region=ca-central-1
time="2026-08-30T19:17:34-06:00" level=info msg="AWS API call" account=000000000000 api="redshift:DescribeClusters" cache=hit region=ca-central-1
time="2026-08-30T19:17:34-06:00" level=info msg="AWS API call" account=000000000000 api="dynamodb:ListTables" cache=hit region=ca-central-1
time="2026-08-30T19:17:34-06:00" level=info msg="AWS API call" account=000000000000 api="rds:DescribeDBClusters" cache=miss region=us-east-1
time="2026-08-30T19:17:34-06:00" level=info msg="AWS API call" account=000000000000 api="rds:DescribeDBInstances" cache=hit region=us-east-1
time="2026-08-30T19:17:34-06:00" level=info msg="AWS API call" account=000000000000 api="redshift:DescribeClusters" cache=hit region=us-east-1
time="2026-08-30T19:17:34-06:00" level=info msg="AWS API call" account=000000000000 api="dynamodb:ListTables" cache=hit region=us-east-1
time="2026-08-30T19:17:34-06:00" level=info msg="AWS API call" account=000000000000 api="rds:DescribeDBClusters" cache=miss region=ap-south-1
time="2026-08-30T19:17:34-06:00" level=info msg="AWS API call" account=000000000000 api="rds:DescribeDBInstances" cache=hit region=ap-south-1
time="2026-08-30T19:17:34-06:00" level=info msg="AWS API call" account=000000000000 api="redshift:DescribeClusters" cache=hit region=ap-south-1
time="2026-08-30T19:17:34-06:00" level=info msg="AWS API call" account=000000000000 api="dynamodb:ListTables" cache=hit region=ap-south-1
time="2026-08-30T19:17:34-06:00" level=info msg="AWS API call" account=000000000000 api="rds:DescribeDBClusters" cache=miss region=eu-west-1
time="2026-08-30T19:17:34-06:00" level=info msg="AWS API call" account=000000000000 api="rds:DescribeDBInstances" cache=hit region=eu-west-1
time="2026-08-30T19:17:34-06:00" level=info msg="AWS API call" account=000000000000 api="redshift:DescribeClusters" cache=hit region=eu-west-1
time="2026-08-30T19:17:34-06:00" level=info msg="AWS API call" account=000000000000 api="dynamodb:ListTables" cache=hit region=eu-west-1
time="2026-08-30T19:17:34-06:00" level=info msg="AWS API call" account=000000000000 api="rds:DescribeDBClusters" cache=miss region=eu-central-1
time="2026-08-30T19:17:34-06:00" level=info msg="AWS API call" account=000000000000 api="rds:DescribeDBInstances" cache=hit region=eu-central-1
time="2026-08-30T19:17:34-06:00" level=info msg="AWS API call" account=000000000000 api="redshift:DescribeClusters" cache=hit region=eu-central-1
time="2026-08-30T19:17:34-06:00" level=info msg="AWS API call" account=000000000000 api="dynamodb:ListTables" cache=hit region=eu-central-1
time="2026-08-30T19:17:34-06:00" level=info msg="AWS API call" account=000000000000 api="rds:DescribeDBClusters" cache=miss region=eu-west-3
time="2026-08-30T19:17:34-06:00" level=info msg="AWS API call" account=000000000000 api="rds:DescribeDBInstances" cache=hit region=eu-west-3
time="2026-08-30T19:17:34-06:00" level=info msg="AWS API call" account=000000000000 api="redshift:DescribeClusters" cache=hit region=eu-west-3
time="2026-08-30T19:17:34-06:00" level=info msg="AWS API call" account=000000000000 api="dynamodb:ListTables" cache=hit region=eu-west-3
time="2026-08-30T19:17:34-06:00" level=info msg="AWS API call" account=000000000000 api="rds:DescribeDBClusters" cache=miss region=ap-northeast-3
time="2026-08-30T19:17:34-06:00" level=info msg="AWS API call" account=000000000000 api="rds:DescribeDBInstances" cache=hit region=ap-northeast-3
time="2026-08-30T19:17:34-06:00" level=info msg="AWS API call" account=000000000000 api="rds:DescribeDBClusters" cache=miss region=ap-northeast-2
time="2026-08-30T19:17:34-06:00" level=info msg="AWS API call" account=000000000000 api="redshift:DescribeClusters" cache=hit region=ap-northeast-3
time="2026-08-30T19:17:34-06:00" level=info msg="AWS API call" account=000000000000 api="dynamodb:ListTables" cache=hit region=ap-northeast-3
time="2026-08-30T19:17:34-06:00" level=info msg="AWS API call" account=000000000000 api="rds:DescribeDBInstances" cache=hit region=ap-northeast-2
time="2026-08-30T19:17:34-06:00" level=info msg="AWS API call" account=000000000000 api="redshift:DescribeClusters" cache=hit region=ap-northeast-2
time="2026-08-30T19:17:34-06:00" level=info msg="AWS API call" account=000000000000 api="dynamodb:ListTables" cache=hit region=ap-northeast-2
time="2026-08-30T19:17:34-06:00" level=info msg="AWS API call" account=000000000000 api="rds:DescribeDBClusters" cache=miss region=ap-northeast-1
time="2026-08-30T19:17:34-06:00" level=info msg="AWS API call" account=000000000000 api="rds:DescribeDBInstances" cache=hit region=ap-northeast-1
time="2026-08-30T19:17:34-06:00" level=info msg="AWS API call" account=000000000000 api="redshift:DescribeClusters" cache=hit region=ap-northeast-1
time="2026-08-30T19:17:34-06:00" level=info msg="AWS API call" account=000000000000 api="dynamodb:ListTables" cache=hit region=ap-northeast-1
time="2026-08-30T19:17:34-06:00" level=info msg="AWS API call" account=000000000000 api="rds:DescribeDBClusters" cache=miss region=us-west-1
time="2026-08-30T19:17:34-06:00" level=info msg="AWS API call" account=000000000000 api="rds:DescribeDBInstances" cache=hit region=us-west-1
time="2026-08-30T19:17:34-06:00" level=info msg="AWS API call" account=000000000000 api="redshift:DescribeClusters" cache=hit region=us-west-1
time="2026-08-30T19:17:34-06:00" level=info msg="AWS API call" account=000000000000 api="dynamodb:ListTables" cache=hit region=us-west-1
time="2026-08-30T19:17:34-06:00" level=info msg="AWS API call" account=000000000000 api="rds:DescribeDBClusters" cache=miss region=us-west-2
time="2026-08-30T19:17:34-06:00" level=info msg="AWS API call" account=000000000000 api="rds:DescribeDBInstances" cache=hit region=us-west-2
time="2026-08-30T19:17:34-06:00" level=info msg="AWS API call" account=000000000000 api="redshift:DescribeClusters" cache=hit region=us-west-2
time="2026-08-30T19:17:34-06:00" level=info msg="AWS API call" account=000000000000 api="dynamodb:ListTables" cache=hit region=us-west-2
time="2026-08-30T19:17:34-06:00" level=info msg="AWS API call" account=000000000000 api="rds:DescribeDBClusters" cache=miss region=eu-north-1
time="2026-08-30T19:17:34-06:00" level=info msg="AWS API call" account=000000000000 api="rds:DescribeDBInstances" cache=hit region=eu-north-1
time="2026-08-30T19:17:34-06:00" level=info msg="AWS API call" account=000000000000 api="redshift:DescribeClusters" cache=hit region=eu-north-1
time="2026-08-30T19:17:34-06:00" level=info msg="AWS API call" account=000000000000 api="dynamodb:ListTables" cache=hit region=eu-north-1
time="2026-08-30T19:17:34-06:00" level=info msg="AWS API call" account=000000000000 api="rds:DescribeDBClusters" cache=miss region=sa-east-1
time="2026-08-30T19:17:34-06:00" level=info msg="AWS API call" account=000000000000 api="rds:DescribeDBInstances" cache=hit region=sa-east-1
time="2026-08-30T19:17:34-06:00" level=info msg="AWS API call" account=000000000000 api="redshift:DescribeClusters" cache=hit region=sa-east-1
time="2026-08-30T19:17:34-06:00" level=info msg="AWS API call" account=000000000000 api="dynamodb:ListTables" cache=hit region=sa-east-1
time="2026-08-30T19:17:34-06:00" level=info msg="AWS API call" account=000000000000 api="rds:DescribeDBClusters" cache=miss region=us-east-2
time="2026-08-30T19:17:34-06:00" level=info msg="AWS API call" account=000000000000 api="rds:DescribeDBInstances" cache=hit region=us-east-2
time="2026-08-30T19:17:34-06:00" level=info msg="AWS API call" account=000000000000 api="redshift:DescribeClusters" cache=hit region=us-east-2
time="2026-08-30T19:17:34-06:00" level=info msg="AWS API call" account=000000000000 api="dynamodb:ListTables" cache=hit region=us-east-2
time="2026-08-30T19:17:34-06:00" level=info msg="AWS API call" account=000000000000 api="rds:DescribeDBClusters" cache=miss region=ap-southeast-1
time="2026-08-30T19:17:34-06:00" level=info msg="AWS API call" account=000000000000 api="rds:DescribeDBInstances" cache=hit region=ap-southeast-1
time="2026-08-30T19:17:34-06:00" level=info msg="AWS API call" account=000000000000 api="redshift:DescribeClusters" cache=hit region=ap-southeast-1
time="2026-08-30T19:17:34-06:00" level=info msg="AWS API call" account=000000000000 api="dynamodb:ListTables" cache=hit region=ap-southeast-1
time="2026-08-30T19:17:34-06:00" level=info msg="AWS API call" account=000000000000 api="rds:DescribeDBClusters" cache=miss region=eu-west-2
time="2026-08-30T19:17:34-06:00" level=info msg="AWS API call" account=000000000000 api="rds:DescribeDBInstances" cache=hit region=eu-west-2
time="2026-08-30T19:17:34-06:00" level=info msg="AWS API call" account=000000000000 api="redshift:DescribeClusters" cache=hit region=eu-west-2
time="2026-08-30T19:17:34-06:00" level=info msg="AWS API call" account=000000000000 api="dynamodb:ListTables" cache=hit region=eu-west-2
time="2026-08-30T19:17:34-06:00" level=info msg="AWS API call" account=000000000000 api="ecs:ListClusters" cache=hit region=ap-south-1
time="2026-08-30T19:17:34-06:00" level=info msg="AWS API call" account=000000000000 api="ecs:ListClusters" cache=hit region=eu-west-1
time="2026-08-30T19:17:35-06:00" level=info msg="AWS API call" account=000000000000 api="ecs:ListClusters" cache=hit region=ap-northeast-2
time="2026-08-30T19:17:35-06:00" level=info msg="AWS API call" account=000000000000 api="ecs:ListClusters" cache=hit region=eu-north-1
time="2026-08-30T19:17:35-06:00" level=info msg="AWS API call" account=000000000000 api="ecs:ListClusters" cache=hit region=us-east-2
time="2026-08-30T19:17:35-06:00" level=info msg="AWS API call" account=000000000000 api="ecs:ListClusters" cache=hit region=us-east-1
time="2026-08-30T19:17:35-06:00" level=info msg="AWS API call" account=000000000000 api="ecs:ListClusters" cache=hit region=eu-central-1
time="2026-08-30T19:17:35-06:00" level=info msg="AWS API call" account=000000000000 api="ecs:ListClusters" cache=hit region=ap-northeast-1
time="2026-08-30T19:17:35-06:00" level=info msg="AWS API call" account=000000000000 api="ecs:ListClusters" cache=hit region=us-west-2
time="2026-08-30T19:17:35-06:00" level=info msg="AWS API call" account=000000000000 api="ecs:ListClusters" cache=hit region=eu-west-3
time="2026-08-30T19:17:35-06:00" level=info msg="AWS API call" account=000000000000 api="ecs:ListClusters" cache=hit region=us-west-1
time="2026-08-30T19:17:35-06:00" level=info msg="AWS API call" account=000000000000 api="ecs:ListClusters" cache=hit region=ap-southeast-1
time="2026-08-30T19:17:35-06:00" level=info msg="AWS API call" account=000000000000 api="ecs:ListClusters" cache=hit region=sa-east-1
time="2026-08-30T19:17:35-06:00" level=info msg="AWS API call" account=000000000000 api="ecs:ListClusters" cache=hit region=ap-southeast-2
time="2026-08-30T19:17:35-06:00" level=info msg="AWS API call" account=000000000000 api="ecs:ListClusters" cache=hit region=ca-central-1
time="2026-08-30T19:17:35-06:00" level=info msg="AWS API call" account=000000000000 api="ecs:ListClusters" cache=hit region=eu-west-2
time="2026-08-30T19:17:35-06:00" level=info msg="AWS API call" account=000000000000 api="ecs:ListClusters" cache=hit region=ap-northeast-3
time="2026-08-30T19:17:35-06:00" level=info msg="AWS API call" account=000000000000 api="eks:ListClusters" cache=hit region=ap-northeast-1
time="2026-08-30T19:17:35-06:00" level=info msg="AWS API call" account=000000000000 api="eks:ListClusters" cache=hit region=eu-central-1
time="2026-08-30T19:17:35-06:00" level=info msg="AWS API call" account=000000000000 api="eks:ListClusters" cache=hit region=us-west-2
time="2026-08-30T19:17:35-06:00" level=info msg="AWS API call" account=000000000000 api="eks:ListClusters" cache=hit region=us-east-2
time="2026-08-30T19:17:35-06:00" level=info msg="AWS API call" account=000000000000 api="eks:ListClusters" cache=hit region=eu-north-1
time="2026-08-30T19:17:35-06:00" level=info msg="AWS API call" account=000000000000 api="eks:ListClusters" cache=hit region=ap-northeast-3
time="2026-08-30T19:17:35-06:00" level=info msg="AWS API call" account=000000000000 api="eks:ListClusters" cache=hit region=eu-west-2
time="2026-08-30T19:17:35-06:00" level=info msg="AWS API call" account=000000000000 api="eks:ListClusters" cache=hit region=eu-west-3
time="2026-08-30T19:17:35-06:00" level=info msg="AWS API call" account=000000000000 api="eks:ListClusters" cache=hit region=eu-west-1
time="2026-08-30T19:17:35-06:00" level=info msg="AWS API call" account=000000000000 api="eks:ListClusters" cache=hit region=ap-northeast-2
time="2026-08-30T19:17:35-06:00" level=info msg="AWS API call" account=000000000000 api="eks:ListClusters" cache=hit region=us-east-1
time="2026-08-30T19:17:35-06:00" level=info msg="AWS API call" account=000000000000 api="eks:ListClusters" cache=hit region=us-west-1
time="2026-08-30T19:17:35-06:00" level=info msg="AWS API call" account=000000000000 api="eks:ListClusters" cache=hit region=ca-central-1
time="2026-08-30T19:17:35-06:00" level=info msg="AWS API call" account=000000000000 api="eks:ListClusters" cache=hit region=sa-east-1
time="2026-08-30T19:17:35-06:00" level=info msg="AWS API call" account=000000000000 api="eks:ListClusters" cache=hit region=ap-south-1
time="2026-08-30T19:17:35-06:00" level=info msg="AWS API call" account=000000000000 api="eks:ListClusters" cache=hit region=ap-southeast-2
time="2026-08-30T19:17:35-06:00" level=info msg="AWS API call" account=000000000000 api="eks:ListClusters" cache=hit region=ap-southeast-1
time="2026-08-30T19:17:35-06:00" level=info msg="AWS API call" account=000000000000 api="ec2:DescribeNetworkInterfaces" cache=miss region=ap-northeast-1
time="2026-08-30T19:17:35-06:00" level=info msg="AWS API call" account=000000000000 api="ec2:DescribeNetworkInterfaces" cache=miss region=ap-south-1
time="2026-08-30T19:17:35-06:00" level=info msg="AWS API call" account=000000000000 api="ec2:DescribeNetworkInterfaces" cache=miss region=ap-northeast-2
time="2026-08-30T19:17:35-06:00" level=info msg="AWS API call" account=000000000000 api="ec2:DescribeNetworkInterfaces" cache=miss region=ap-northeast-3
time="2026-08-30T19:17:35-06:00" level=info msg="AWS API call" account=000000000000 api="ec2:DescribeNetworkInterfaces" cache=miss region=eu-west-2
time="2026-08-30T19:17:35-06:00" level=info msg="AWS API call" account=000000000000 api="ec2:DescribeNetworkInterfaces" cache=miss region=us-west-1
time="2026-08-30T19:17:35-06:00" level=info msg="AWS API call" account=000000000000 api="ec2:DescribeNetworkInterfaces" cache=miss region=sa-east-1
time="2026-08-30T19:17:35-06:00" level=info msg="AWS API call" account=000000000000 api="ec2:DescribeNetworkInterfaces" cache=miss region=ca-central-1
time="2026-08-30T19:17:35-06:00" level=info msg="AWS API call" account=000000000000 api="ec2:DescribeNetworkInterfaces" cache=miss region=us-east-1
time="2026-08-30T19:17:35-06:00" level=info msg="AWS API call" account=000000000000 api="ec2:DescribeNetworkInterfaces" cache=miss region=ap-southeast-1
time="2026-08-30T19:17:36-06:00" level=info msg="AWS API call" account=000000000000 api="ec2:DescribeNetworkInterfaces" cache=miss region=us-east-2
time="2026-08-30T19:17:36-06:00" level=info msg="AWS API call" account=000000000000 api="ec2:DescribeNetworkInterfaces" cache=miss region=eu-central-1
time="2026-08-30T19:17:36-06:00" level=info msg="AWS API call" account=000000000000 api="ec2:DescribeNetworkInterfaces" cache=miss region=eu-north-1
time="2026-08-30T19:17:36-06:00" level=info msg="AWS API call" account=000000000000 api="ec2:DescribeNetworkInterfaces" cache=miss region=eu-west-1
time="2026-08-30T19:17:36-06:00" level=info msg="AWS API call" account=000000000000 api="ec2:DescribeNetworkInterfaces" cache=miss region=ap-southeast-2
time="2026-08-30T19:17:36-06:00" level=info msg="AWS API call" account=000000000000 api="ec2:DescribeNetworkInterfaces" cache=miss region=eu-west-3
time="2026-08-30T19:17:36-06:00" level=info msg="AWS API call" account=000000000000 api="ec2:DescribeNetworkInterfaces" cache=miss region=us-west-2
time="2026-08-30T19:17:36-06:00" level=warning module=instances msg="ServiceMap is nil, creating new instance (this should not happen)" 
time="2026-08-30T19:17:36-06:00" level=warning module=instances msg="ServiceMap is nil, creating new instance (this should not happen)" 
time="2026-08-30T19:17:36-06:00" level=warning module=instances msg="ServiceMap is nil, creating new instance (this should not happen)" 
time="2026-08-30T19:17:36-06:00" level=warning module=instances msg="ServiceMap is nil, creating new instance (this should not happen)" 
time="2026-08-30T19:17:36-06:00" level=warning module=instances msg="ServiceMap is nil, creating new instance (this should not happen)" 
time="2026-08-30T19:17:36-06:00" level=warning module=instances msg="ServiceMap is nil, creating new instance (this should not happen)" 
time="2026-08-30T19:17:36-06:00" level=warning module=instances msg="ServiceMap is nil, creating new instance (this should not happen)" 
time="2026-08-30T19:17:36-06:00" level=warning module=instances msg="ServiceMap is nil, creating new instance (this should not happen)" 
time="2026-08-30T19:17:36-06:00" level=warning module=instances msg="ServiceMap is nil, creating new instance (this should not happen)" 
time="2026-08-30T19:17:36-06:00" level=warning module=instances msg="ServiceMap is nil, creating new instance (this should not happen)" 
time="2026-08-30T19:17:36-06:00" level=warning module=instances msg="ServiceMap is nil, creating new instance (this should not happen)" 
time="2026-08-30T19:17:36-06:00" level=warning module=instances msg="ServiceMap is nil, creating new instance (this should not happen)" 
time="2026-08-30T19:17:36-06:00" level=warning module=instances msg="ServiceMap is nil, creating new instance (this should not happen)" 
time="2026-08-30T19:17:36-06:00" level=warning module=instances msg="ServiceMap is nil, creating new instance (this should not happen)" 
time="2026-08-30T19:17:36-06:00" level=warning module=instances msg="ServiceMap is nil, creating new instance (this should not happen)" 
time="2026-08-30T19:17:36-06:00" level=warning module=instances msg="ServiceMap is nil, creating new instance (this should not happen)" 
time="2026-08-30T19:17:36-06:00" level=warning module=instances msg="ServiceMap is nil, creating new instance (this should not happen)" 
time="2026-08-30T19:17:36-06:00" level=info msg="AWS API call" account=000000000000 api="ec2:DescribeInstances" cache=hit region=eu-west-2
time="2026-08-30T19:17:36-06:00" level=info msg="AWS API call" account=000000000000 api="ec2:DescribeInstances" cache=hit region=ap-northeast-1
time="2026-08-30T19:17:36-06:00" level=info msg="AWS API call" account=000000000000 api="ec2:DescribeInstances" cache=hit region=ap-south-1
time="2026-08-30T19:17:36-06:00" level=info msg="AWS API call" account=000000000000 api="ec2:DescribeInstances" cache=hit region=ap-southeast-2
time="2026-08-30T19:17:36-06:00" level=info msg="AWS API call" account=000000000000 api="ec2:DescribeInstances" cache=hit region=us-east-1
time="2026-08-30T19:17:36-06:00" level=info msg="AWS API call" account=000000000000 api="ec2:DescribeInstances" cache=hit region=ap-northeast-2
time="2026-08-30T19:17:36-06:00" level=info msg="AWS API call" account=000000000000 api="ec2:DescribeInstances" cache=hit region=eu-central-1
time="2026-08-30T19:17:36-06:00" level=info msg="AWS API call" account=000000000000 api="ec2:DescribeInstances" cache=hit region=eu-north-1
time="2026-08-30T19:17:36-06:00" level=info msg="AWS API call" account=000000000000 api="ec2:DescribeInstances" cache=hit region=us-west-2
time="2026-08-30T19:17:36-06:00" level=info msg="AWS API call" account=000000000000 api="ec2:DescribeInstances" cache=hit region=eu-west-3
time="2026-08-30T19:17:36-06:00" level=info msg="AWS API call" account=000000000000 api="ec2:DescribeInstances" cache=hit region=ap-southeast-1
time="2026-08-30T19:17:36-06:00" level=info msg="AWS API call" account=000000000000 api="ec2:DescribeInstances" cache=hit region=sa-east-1
time="2026-08-30T19:17:36-06:00" level=info msg="AWS API call" account=000000000000 api="ec2:DescribeInstances" cache=hit region=eu-west-1
time="2026-08-30T19:17:36-06:00" level=info msg="AWS API call" account=000000000000 api="ec2:DescribeInstances" cache=hit region=us-east-2
time="2026-08-30T19:17:36-06:00" level=info msg="AWS API call" account=000000000000 api="ec2:DescribeInstances" cache=hit region=ca-central-1
time="2026-08-30T19:17:36-06:00" level=info msg="AWS API call" account=000000000000 api="ec2:DescribeInstances" cache=hit region=ap-northeast-3
time="2026-08-30T19:17:36-06:00" level=info msg="AWS API call" account=000000000000 api="ec2:DescribeInstances" cache=hit region=us-west-1
time="2026-08-30T19:17:37-06:00" level=info msg="AWS API call" account=000000000000 api="lambda:ListFunctions" cache=hit region=us-west-2
time="2026-08-30T19:17:37-06:00" level=info msg="AWS API call" account=000000000000 api="apprunner:ListServices" cache=hit region=us-west-2
time="2026-08-30T19:17:37-06:00" level=info msg="AWS API call" account=000000000000 api="lightsail:GetContainerServices" cache=hit region=us-west-2
time="2026-08-30T19:17:37-06:00" level=info msg="AWS API call" account=000000000000 api="lambda:ListFunctions" cache=hit region=ca-central-1
time="2026-08-30T19:17:37-06:00" level=info msg="AWS API call" account=000000000000 api="apprunner:ListServices" cache=miss region=ca-central-1
time="2026-08-30T19:17:37-06:00" level=info msg="AWS API call" account=000000000000 api="lightsail:GetContainerServices" cache=hit region=ca-central-1
time="2026-08-30T19:17:37-06:00" level=info msg="AWS API call" account=000000000000 api="lambda:ListFunctions" cache=hit region=ap-northeast-2
time="2026-08-30T19:17:37-06:00" level=info msg="AWS API call" account=000000000000 api="apprunner:ListServices" cache=miss region=ap-northeast-2
time="2026-08-30T19:17:37-06:00" level=info msg="AWS API call" account=000000000000 api="lightsail:GetContainerServices" cache=hit region=ap-northeast-2
time="2026-08-30T19:17:37-06:00" level=info msg="AWS API call" account=000000000000 api="lambda:ListFunctions" cache=hit region=us-east-2
time="2026-08-30T19:17:37-06:00" level=info msg="AWS API call" account=000000000000 api="apprunner:ListServices" cache=hit region=us-east-2
time="2026-08-30T19:17:37-06:00" level=info msg="AWS API call" account=000000000000 api="lightsail:GetContainerServices" cache=hit region=us-east-2
time="2026-08-30T19:17:37-06:00" level=info msg="AWS API call" account=000000000000 api="apprunner:ListServices" cache=miss region=us-west-1
time="2026-08-30T19:17:37-06:00" level=info msg="AWS API call" account=000000000000 api="lambda:ListFunctions" cache=hit region=us-west-1
time="2026-08-30T19:17:37-06:00" level=info msg="AWS API call" account=000000000000 api="lambda:ListFunctions" cache=hit region=eu-west-1
time="2026-08-30T19:17:37-06:00" level=info msg="AWS API call" account=000000000000 api="apprunner:ListServices" cache=hit region=eu-west-1
time="2026-08-30T19:17:37-06:00" level=info msg="AWS API call" account=000000000000 api="lightsail:GetContainerServices" cache=hit region=eu-west-1
time="2026-08-30T19:17:37-06:00" level=info msg="AWS API call" account=000000000000 api="lambda:ListFunctions" cache=hit region=eu-north-1
time="2026-08-30T19:17:37-06:00" level=info msg="AWS API call" account=000000000000 api="apprunner:ListServices" cache=miss region=eu-north-1
time="2026-08-30T19:17:37-06:00" level=info msg="AWS API call" account=000000000000 api="lightsail:GetContainerServices" cache=hit region=eu-north-1
time="2026-08-30T19:17:37-06:00" level=info msg="AWS API call" account=000000000000 api="lambda:ListFunctions" cache=hit region=us-east-1
time="2026-08-30T19:17:37-06:00" level=info msg="AWS API call" account=000000000000 api="apprunner:ListServices" cache=hit region=us-east-1
time="2026-08-30T19:17:37-06:00" level=info msg="AWS API call" account=000000000000 api="lightsail:GetContainerServices" cache=hit region=us-east-1
time="2026-08-30T19:17:37-06:00" level=info msg="AWS API call" account=000000000000 api="lambda:ListFunctions" cache=hit region=ap-southeast-2
time="2026-08-30T19:17:37-06:00" level=info msg="AWS API call" account=000000000000 api="apprunner:ListServices" cache=hit region=ap-southeast-2
time="2026-08-30T19:17:37-06:00" level=info msg="AWS API call" account=000000000000 api="lightsail:GetContainerServices" cache=hit region=ap-southeast-2
time="2026-08-30T19:17:37-06:00" level=info msg="AWS API call" account=000000000000 api="apprunner:ListServices" cache=hit region=ap-south-1
time="2026-08-30T19:17:37-06:00" level=info msg="AWS API call" account=000000000000 api="lightsail:GetContainerServices" cache=hit region=ap-south-1
time="2026-08-30T19:17:37-06:00" level=info msg="AWS API call" account=000000000000 api="lambda:ListFunctions" cache=hit region=ap-south-1
time="2026-08-30T19:17:37-06:00" level=info msg="AWS API call" account=000000000000 api="lambda:ListFunctions" cache=hit region=eu-west-3
time="2026-08-30T19:17:37-06:00" level=info msg="AWS API call" account=000000000000 api="apprunner:ListServices" cache=hit region=eu-west-3
time="2026-08-30T19:17:37-06:00" level=info msg="AWS API call" account=000000000000 api="lightsail:GetContainerServices" cache=hit region=eu-west-3
time="2026-08-30T19:17:37-06:00" level=info msg="AWS API call" account=000000000000 api="lambda:ListFunctions" cache=hit region=eu-west-2
time="2026-08-30T19:17:37-06:00" level=info msg="AWS API call" account=000000000000 api="apprunner:ListServices" cache=hit region=eu-west-2
time="2026-08-30T19:17:37-06:00" level=info msg="AWS API call" account=000000000000 api="lightsail:GetContainerServices" cache=hit region=eu-west-2
time="2026-08-30T19:17:37-06:00" level=info msg="AWS API call" account=000000000000 api="lambda:ListFunctions" cache=hit region=sa-east-1
time="2026-08-30T19:17:37-06:00" level=info msg="AWS API call" account=000000000000 api="apprunner:ListServices" cache=miss region=sa-east-1
time="2026-08-30T19:17:37-06:00" level=info msg="AWS API call" account=000000000000 api="lambda:ListFunctions" cache=hit region=ap-southeast-1
time="2026-08-30T19:17:37-06:00" level=info msg="AWS API call" account=000000000000 api="lightsail:GetContainerServices" cache=hit region=sa-east-1
time="2026-08-30T19:17:37-06:00" level=info msg="AWS API call" account=000000000000 api="apprunner:ListServices" cache=hit region=ap-southeast-1
time="2026-08-30T19:17:37-06:00" level=info msg="AWS API call" account=000000000000 api="lightsail:GetContainerServices" cache=hit region=ap-southeast-1
time="2026-08-30T19:17:37-06:00" level=info msg="AWS API call" account=000000000000 api="lambda:ListFunctions" cache=hit region=ap-northeast-3
time="2026-08-30T19:17:37-06:00" level=info msg="AWS API call" account=000000000000 api="apprunner:ListServices" cache=miss region=ap-northeast-3
time="2026-08-30T19:17:37-06:00" level=info msg="AWS API call" account=000000000000 api="lambda:ListFunctions" cache=hit region=eu-central-1
time="2026-08-30T19:17:37-06:00" level=info msg="AWS API call" account=000000000000 api="apprunner:ListServices" cache=hit region=eu-central-1
time="2026-08-30T19:17:37-06:00" level=info msg="AWS API call" account=000000000000 api="lightsail:GetContainerServices" cache=hit region=eu-central-1
time="2026-08-30T19:17:37-06:00" level=info msg="AWS API call" account=000000000000 api="lambda:ListFunctions" cache=hit region=ap-northeast-1
time="2026-08-30T19:17:37-06:00" level=info msg="AWS API call" account=000000000000 api="apprunner:ListServices" cache=hit region=ap-northeast-1
time="2026-08-30T19:17:37-06:00" level=info msg="AWS API call" account=000000000000 api="lightsail:GetContainerServices" cache=hit region=ap-northeast-1
time="2026-08-30T19:17:39-06:00" level=info msg="AWS API call" account=000000000000 api="cloudformation:DescribeStacks" cache=miss region=eu-north-1
time="2026-08-30T19:17:39-06:00" level=info msg="AWS API call" account=000000000000 api="cloudformation:DescribeStacks" cache=miss region=us-west-2
time="2026-08-30T19:17:39-06:00" level=info msg="AWS API call" account=000000000000 api="cloudformation:DescribeStacks" cache=miss region=us-east-1
time="2026-08-30T19:17:39-06:00" level=info msg="AWS API call" account=000000000000 api="cloudformation:DescribeStacks" cache=miss region=eu-west-1
time="2026-08-30T19:17:39-06:00" level=info msg="AWS API call" account=000000000000 api="cloudformation:DescribeStacks" cache=miss region=eu-west-3
time="2026-08-30T19:17:39-06:00" level=info msg="AWS API call" account=000000000000 api="cloudformation:DescribeStacks" cache=miss region=ap-northeast-3
time="2026-08-30T19:17:39-06:00" level=info msg="AWS API call" account=000000000000 api="cloudformation:DescribeStacks" cache=miss region=ap-southeast-2
time="2026-08-30T19:17:39-06:00" level=info msg="AWS API call" account=000000000000 api="cloudformation:DescribeStacks" cache=miss region=ap-northeast-2
time="2026-08-30T19:17:39-06:00" level=info msg="AWS API call" account=000000000000 api="cloudformation:DescribeStacks" cache=miss region=ca-central-1
time="2026-08-30T19:17:39-06:00" level=info msg="AWS API call" account=000000000000 api="cloudformation:DescribeStacks" cache=miss region=us-west-1
time="2026-08-30T19:17:39-06:00" level=info msg="AWS API call" account=000000000000 api="cloudformation:DescribeStacks" cache=miss region=us-east-2
time="2026-08-30T19:17:39-06:00" level=info msg="AWS API call" account=000000000000 api="cloudformation:DescribeStacks" cache=miss region=ap-southeast-1
time="2026-08-30T19:17:39-06:00" level=info msg="AWS API call" account=000000000000 api="cloudformation:DescribeStacks" cache=miss region=eu-central-1
time="2026-08-30T19:17:39-06:00" level=info msg="AWS API call" account=000000000000 api="cloudformation:DescribeStacks" cache=miss region=sa-east-1
time="2026-08-30T19:17:39-06:00" level=info msg="AWS API call" account=000000000000 api="cloudformation:DescribeStacks" cache=miss region=eu-west-2
time="2026-08-30T19:17:39-06:00" level=info msg="AWS API call" account=000000000000 api="cloudformation:DescribeStacks" cache=miss region=ap-south-1
time="2026-08-30T19:17:39-06:00" level=info msg="AWS API call" account=000000000000 api="cloudformation:DescribeStacks" cache=miss region=ap-northeast-1
time="2026-08-30T19:17:40-06:00" level=info msg="AWS API call" account=000000000000 api="s3:ListBuckets" cache=hit
time="2026-08-30T19:17:41-06:00" level=info msg="AWS API call" account=000000000000 api="ecr:DescribeRepositories" cache=hit region=us-east-2
time="2026-08-30T19:17:41-06:00" level=info msg="AWS API call" account=000000000000 api="ecr:DescribeRepositories" cache=hit region=eu-north-1
time="2026-08-30T19:17:41-06:00" level=info msg="AWS API call" account=000000000000 api="ecr:DescribeRepositories" cache=hit region=eu-west-1
time="2026-08-30T19:17:41-06:00" level=info msg="AWS API call" account=000000000000 api="ecr:DescribeRepositories" cache=hit region=ca-central-1
time="2026-08-30T19:17:41-06:00" level=info msg="AWS API call" account=000000000000 api="ecr:DescribeRepositories" cache=hit region=eu-west-2
time="2026-08-30T19:17:41-06:00" level=info msg="AWS API call" account=000000000000 api="ecr:DescribeRepositories" cache=hit region=ap-southeast-1
time="2026-08-30T19:17:41-06:00" level=info msg="AWS API call" account=000000000000 api="ecr:DescribeRepositories" cache=hit region=ap-south-1
time="2026-08-30T19:17:41-06:00" level=info msg="AWS API call" account=000000000000 api="ecr:DescribeRepositories" cache=hit region=sa-east-1
time="2026-08-30T19:17:41-06:00" level=info msg="AWS API call" account=000000000000 api="ecr:DescribeRepositories" cache=hit region=us-west-1
time="2026-08-30T19:17:41-06:00" level=info msg="AWS API call" account=000000000000 api="ecr:DescribeRepositories" cache=hit region=eu-west-3
time="2026-08-30T19:17:41-06:00" level=info msg="AWS API call" account=000000000000 api="ecr:DescribeRepositories" cache=hit region=ap-northeast-2
time="2026-08-30T19:17:41-06:00" level=info msg="AWS API call" account=000000000000 api="ecr:DescribeRepositories" cache=hit region=ap-northeast-1
time="2026-08-30T19:17:41-06:00" level=info msg="AWS API call" account=000000000000 api="ecr:DescribeRepositories" cache=hit region=ap-northeast-3
time="2026-08-30T19:17:41-06:00" level=info msg="AWS API call" account=000000000000 api="ecr:DescribeRepositories" cache=hit region=eu-central-1
time="2026-08-30T19:17:41-06:00" level=info msg="AWS API call" account=000000000000 api="ecr:DescribeRepositories" cache=hit region=us-west-2
time="2026-08-30T19:17:41-06:00" level=info msg="AWS API call" account=000000000000 api="ecr:DescribeRepositories" cache=hit region=us-east-1
time="2026-08-30T19:17:41-06:00" level=info msg="AWS API call" account=000000000000 api="ecr:DescribeRepositories" cache=hit region=ap-southeast-2
time="2026-08-30T19:17:51-06:00" level=info msg="AWS API call" account=000000000000 api="s3:ListBuckets" cache=hit
time="2026-08-30T19:17:52-06:00" level=info msg="AWS API call" account=000000000000 api="ecr:DescribeRepositories" cache=hit region=us-west-1
time="2026-08-30T19:17:52-06:00" level=info msg="AWS API call" account=000000000000 api="codebuild:ListProjects" cache=hit region=us-west-1
time="2026-08-30T19:17:52-06:00" level=info msg="AWS API call" account=000000000000 api="ecr:DescribeRepositories" cache=hit region=ca-central-1
time="2026-08-30T19:17:52-06:00" level=info msg="AWS API call" account=000000000000 api="codebuild:ListProjects" cache=hit region=ca-central-1
time="2026-08-30T19:17:52-06:00" level=info msg="AWS API call" account=000000000000 api="ecr:DescribeRepositories" cache=hit region=us-east-2
time="2026-08-30T19:17:52-06:00" level=info msg="AWS API call" account=000000000000 api="codebuild:ListProjects" cache=hit region=us-east-2
time="2026-08-30T19:17:52-06:00" level=info msg="AWS API call" account=000000000000 api="ecr:DescribeRepositories" cache=hit region=us-west-2
time="2026-08-30T19:17:52-06:00" level=info msg="AWS API call" account=000000000000 api="codebuild:ListProjects" cache=hit region=us-west-2
time="2026-08-30T19:17:52-06:00" level=info msg="AWS API call" account=000000000000 api="efs:DescribeFileSystems" cache=hit region=us-west-1
time="2026-08-30T19:17:52-06:00" level=info msg="AWS API call" account=000000000000 api="secretsmanager:ListSecrets" cache=hit region=us-west-1
time="2026-08-30T19:17:52-06:00" level=info msg="AWS API call" account=000000000000 api="glue:GetResourcePolicies" cache=miss region=us-west-1
time="2026-08-30T19:17:52-06:00" level=info msg="AWS API call" account=000000000000 api="ecr:DescribeRepositories" cache=hit region=us-east-1
time="2026-08-30T19:17:52-06:00" level=info msg="AWS API call" account=000000000000 api="codebuild:ListProjects" cache=hit region=us-east-1
time="2026-08-30T19:17:52-06:00" level=info msg="AWS API call" account=000000000000 api="efs:DescribeFileSystems" cache=hit region=us-east-2
time="2026-08-30T19:17:52-06:00" level=info msg="AWS API call" account=000000000000 api="secretsmanager:ListSecrets" cache=hit region=us-east-2
time="2026-08-30T19:17:52-06:00" level=info msg="AWS API call" account=000000000000 api="glue:GetResourcePolicies" cache=miss region=us-east-2
time="2026-08-30T19:17:52-06:00" level=info msg="AWS API call" account=000000000000 api="efs:DescribeFileSystems" cache=hit region=ca-central-1
time="2026-08-30T19:17:52-06:00" level=info msg="AWS API call" account=000000000000 api="secretsmanager:ListSecrets" cache=hit region=ca-central-1
time="2026-08-30T19:17:52-06:00" level=info msg="AWS API call" account=000000000000 api="glue:GetResourcePolicies" cache=miss region=ca-central-1
time="2026-08-30T19:17:52-06:00" level=info msg="AWS API call" account=000000000000 api="efs:DescribeFileSystems" cache=hit region=us-west-2
time="2026-08-30T19:17:52-06:00" level=info msg="AWS API call" account=000000000000 api="secretsmanager:ListSecrets" cache=hit region=us-west-2
time="2026-08-30T19:17:52-06:00" level=info msg="AWS API call" account=000000000000 api="glue:GetResourcePolicies" cache=miss region=us-west-2
time="2026-08-30T19:17:52-06:00" level=info msg="AWS API call" account=000000000000 api="ecr:DescribeRepositories" cache=hit region=eu-west-2
time="2026-08-30T19:17:52-06:00" level=info msg="AWS API call" account=000000000000 api="codebuild:ListProjects" cache=hit region=eu-west-2
time="2026-08-30T19:17:52-06:00" level=info msg="AWS API call" account=000000000000 api="ecr:DescribeRepositories" cache=hit region=eu-west-1
time="2026-08-30T19:17:52-06:00" level=info msg="AWS API call" account=000000000000 api="codebuild:ListProjects" cache=hit region=eu-west-1
time="2026-08-30T19:17:52-06:00" level=info msg="AWS API call" account=000000000000 api="ecr:DescribeRepositories" cache=hit region=eu-west-3
time="2026-08-30T19:17:52-06:00" level=info msg="AWS API call" account=000000000000 api="codebuild:ListProjects" cache=hit region=eu-west-3
time="2026-08-30T19:17:52-06:00" level=info msg="AWS API call" account=000000000000 api="apigateway:GetRestApis" cache=hit region=us-west-1
time="2026-08-30T19:17:52-06:00" level=info msg="AWS API call" account=000000000000 api="ec2:DescribeVpcEndpoints" cache=miss region=us-west-1
time="2026-08-30T19:17:52-06:00" level=info msg="AWS API call" account=000000000000 api="ecr:DescribeRepositories" cache=hit region=eu-central-1
time="2026-08-30T19:17:52-06:00" level=info msg="AWS API call" account=000000000000 api="codebuild:ListProjects" cache=hit region=eu-central-1
time="2026-08-30T19:17:52-06:00" level=info msg="AWS API call" account=000000000000 api="efs:DescribeFileSystems" cache=hit region=us-east-1
time="2026-08-30T19:17:52-06:00" level=info msg="AWS API call" account=000000000000 api="apigateway:GetRestApis" cache=hit region=us-east-2
time="2026-08-30T19:17:52-06:00" level=info msg="AWS API call" account=000000000000 api="ec2:DescribeVpcEndpoints" cache=miss region=us-east-2
time="2026-08-30T19:17:52-06:00" level=info msg="AWS API call" account=000000000000 api="secretsmanager:ListSecrets" cache=hit region=us-east-1
time="2026-08-30T19:17:52-06:00" level=info msg="AWS API call" account=000000000000 api="glue:GetResourcePolicies" cache=miss region=us-east-1
time="2026-08-30T19:17:53-06:00" level=info msg="AWS API call" account=000000000000 api="ecr:DescribeRepositories" cache=hit region=sa-east-1
time="2026-08-30T19:17:53-06:00" level=info msg="AWS API call" account=000000000000 api="codebuild:ListProjects" cache=hit region=sa-east-1
time="2026-08-30T19:17:53-06:00" level=info msg="AWS API call" account=000000000000 api="ecr:DescribeRepositories" cache=hit region=eu-north-1
time="2026-08-30T19:17:53-06:00" level=info msg="AWS API call" account=000000000000 api="codebuild:ListProjects" cache=hit region=eu-north-1
time="2026-08-30T19:17:53-06:00" level=info msg="AWS API call" account=000000000000 api="apigateway:GetRestApis" cache=hit region=ca-central-1
time="2026-08-30T19:17:53-06:00" level=info msg="AWS API call" account=000000000000 api="ec2:DescribeVpcEndpoints" cache=miss region=ca-central-1
time="2026-08-30T19:17:53-06:00" level=info msg="AWS API call" account=000000000000 api="apigateway:GetRestApis" cache=hit region=us-west-2
time="2026-08-30T19:17:53-06:00" level=info msg="AWS API call" account=000000000000 api="ec2:DescribeVpcEndpoints" cache=miss region=us-west-2
time="2026-08-30T19:17:53-06:00" level=info msg="AWS API call" account=000000000000 api="ecr:DescribeRepositories" cache=hit region=ap-northeast-3
time="2026-08-30T19:17:53-06:00" level=info msg="AWS API call" account=000000000000 api="codebuild:ListProjects" cache=hit region=ap-northeast-3
time="2026-08-30T19:17:53-06:00" level=info msg="AWS API call" account=000000000000 api="ecr:DescribeRepositories" cache=hit region=ap-southeast-2
time="2026-08-30T19:17:53-06:00" level=info msg="AWS API call" account=000000000000 api="codebuild:ListProjects" cache=hit region=ap-southeast-2
time="2026-08-30T19:17:53-06:00" level=info msg="AWS API call" account=000000000000 api="ecr:DescribeRepositories" cache=hit region=ap-northeast-1
time="2026-08-30T19:17:53-06:00" level=info msg="AWS API call" account=000000000000 api="codebuild:ListProjects" cache=hit region=ap-northeast-1
time="2026-08-30T19:17:53-06:00" level=info msg="AWS API call" account=000000000000 api="opensearch:ListDomainNames" cache=hit region=us-west-1
time="2026-08-30T19:17:53-06:00" level=info msg="AWS API call" account=000000000000 api="opensearch:ListDomainNames" cache=hit region=us-east-2
time="2026-08-30T19:17:53-06:00" level=info msg="AWS API call" account=000000000000 api="ecr:DescribeRepositories" cache=hit region=ap-northeast-2
time="2026-08-30T19:17:53-06:00" level=info msg="AWS API call" account=000000000000 api="codebuild:ListProjects" cache=hit region=ap-northeast-2
time="2026-08-30T19:17:53-06:00" level=info msg="AWS API call" account=000000000000 api="efs:DescribeFileSystems" cache=hit region=eu-west-2
time="2026-08-30T19:17:53-06:00" level=info msg="AWS API call" account=000000000000 api="secretsmanager:ListSecrets" cache=hit region=eu-west-2
time="2026-08-30T19:17:53-06:00" level=info msg="AWS API call" account=000000000000 api="glue:GetResourcePolicies" cache=miss region=eu-west-2
time="2026-08-30T19:17:53-06:00" level=info msg="AWS API call" account=000000000000 api="apigateway:GetRestApis" cache=hit region=us-east-1
time="2026-08-30T19:17:53-06:00" level=info msg="AWS API call" account=000000000000 api="ec2:DescribeVpcEndpoints" cache=miss region=us-east-1
time="2026-08-30T19:17:53-06:00" level=info msg="AWS API call" account=000000000000 api="efs:DescribeFileSystems" cache=hit region=eu-west-3
time="2026-08-30T19:17:53-06:00" level=info msg="AWS API call" account=000000000000 api="secretsmanager:ListSecrets" cache=hit region=eu-west-3
time="2026-08-30T19:17:53-06:00" level=info msg="AWS API call" account=000000000000 api="glue:GetResourcePolicies" cache=miss region=eu-west-3
time="2026-08-30T19:17:53-06:00" level=info msg="AWS API call" account=000000000000 api="efs:DescribeFileSystems" cache=hit region=eu-west-1
time="2026-08-30T19:17:53-06:00" level=info msg="AWS API call" account=000000000000 api="secretsmanager:ListSecrets" cache=hit region=eu-west-1
time="2026-08-30T19:17:53-06:00" level=info msg="AWS API call" account=000000000000 api="glue:GetResourcePolicies" cache=miss region=eu-west-1
time="2026-08-30T19:17:53-06:00" level=info msg="AWS API call" account=000000000000 api="opensearch:ListDomainNames" cache=hit region=us-west-2
time="2026-08-30T19:17:53-06:00" level=info msg="AWS API call" account=000000000000 api="opensearch:ListDomainNames" cache=hit region=ca-central-1
time="2026-08-30T19:17:53-06:00" level=info msg="AWS API call" account=000000000000 api="ecr:DescribeRepositories" cache=hit region=ap-southeast-1
time="2026-08-30T19:17:53-06:00" level=info msg="AWS API call" account=000000000000 api="codebuild:ListProjects" cache=hit region=ap-southeast-1
time="2026-08-30T19:17:53-06:00" level=info msg="AWS API call" account=000000000000 api="efs:DescribeFileSystems" cache=hit region=eu-central-1
time="2026-08-30T19:17:53-06:00" level=info msg="AWS API call" account=000000000000 api="secretsmanager:ListSecrets" cache=hit region=eu-central-1
time="2026-08-30T19:17:53-06:00" level=info msg="AWS API call" account=000000000000 api="glue:GetResourcePolicies" cache=miss region=eu-central-1
time="2026-08-30T19:17:53-06:00" level=info msg="AWS API call" account=000000000000 api="opensearch:ListDomainNames" cache=hit region=us-east-1
time="2026-08-30T19:17:53-06:00" level=info msg="AWS API call" account=000000000000 api="efs:DescribeFileSystems" cache=hit region=sa-east-1
time="2026-08-30T19:17:53-06:00" level=info msg="AWS API call" account=000000000000 api="ecr:DescribeRepositories" cache=hit region=ap-south-1
time="2026-08-30T19:17:53-06:00" level=info msg="AWS API call" account=000000000000 api="secretsmanager:ListSecrets" cache=hit region=sa-east-1
time="2026-08-30T19:17:53-06:00" level=info msg="AWS API call" account=000000000000 api="codebuild:ListProjects" cache=hit region=ap-south-1
time="2026-08-30T19:17:53-06:00" level=info msg="AWS API call" account=000000000000 api="glue:GetResourcePolicies" cache=miss region=sa-east-1
time="2026-08-30T19:17:53-06:00" level=info msg="AWS API call" account=000000000000 api="efs:DescribeFileSystems" cache=hit region=eu-north-1
time="2026-08-30T19:17:53-06:00" level=info msg="AWS API call" account=000000000000 api="secretsmanager:ListSecrets" cache=hit region=eu-north-1
time="2026-08-30T19:17:53-06:00" level=info msg="AWS API call" account=000000000000 api="glue:GetResourcePolicies" cache=miss region=eu-north-1
time="2026-08-30T19:17:53-06:00" level=info msg="AWS API call" account=000000000000 api="efs:DescribeFileSystems" cache=hit region=ap-northeast-3
time="2026-08-30T19:17:53-06:00" level=info msg="AWS API call" account=000000000000 api="secretsmanager:ListSecrets" cache=hit region=ap-northeast-3
time="2026-08-30T19:17:53-06:00" level=info msg="AWS API call" account=000000000000 api="glue:GetResourcePolicies" cache=miss region=ap-northeast-3
time="2026-08-30T19:17:53-06:00" level=info msg="AWS API call" account=000000000000 api="efs:DescribeFileSystems" cache=hit region=ap-northeast-1
time="2026-08-30T19:17:53-06:00" level=info msg="AWS API call" account=000000000000 api="secretsmanager:ListSecrets" cache=hit region=ap-northeast-1
time="2026-08-30T19:17:53-06:00" level=info msg="AWS API call" account=000000000000 api="glue:GetResourcePolicies" cache=miss region=ap-northeast-1
time="2026-08-30T19:17:53-06:00" level=info msg="AWS API call" account=000000000000 api="efs:DescribeFileSystems" cache=hit region=ap-southeast-2
time="2026-08-30T19:17:53-06:00" level=info msg="AWS API call" account=000000000000 api="secretsmanager:ListSecrets" cache=hit region=ap-southeast-2
time="2026-08-30T19:17:53-06:00" level=info msg="AWS API call" account=000000000000 api="glue:GetResourcePolicies" cache=miss region=ap-southeast-2
time="2026-08-30T19:17:53-06:00" level=info msg="AWS API call" account=000000000000 api="efs:DescribeFileSystems" cache=hit region=ap-northeast-2
time="2026-08-30T19:17:53-06:00" level=info msg="AWS API call" account=000000000000 api="secretsmanager:ListSecrets" cache=hit region=ap-northeast-2
time="2026-08-30T19:17:53-06:00" level=info msg="AWS API call" account=000000000000 api="glue:GetResourcePolicies" cache=miss region=ap-northeast-2
time="2026-08-30T19:17:53-06:00" level=info msg="AWS API call" account=000000000000 api="apigateway:GetRestApis" cache=hit region=eu-west-2
time="2026-08-30T19:17:53-06:00" level=info msg="AWS API call" account=000000000000 api="ec2:DescribeVpcEndpoints" cache=miss region=eu-west-2
time="2026-08-30T19:17:53-06:00" level=info msg="AWS API call" account=000000000000 api="apigateway:GetRestApis" cache=hit region=eu-west-3
time="2026-08-30T19:17:53-06:00" level=info msg="AWS API call" account=000000000000 api="ec2:DescribeVpcEndpoints" cache=miss region=eu-west-3
time="2026-08-30T19:17:54-06:00" level=info msg="AWS API call" account=000000000000 api="apigateway:GetRestApis" cache=hit region=eu-west-1
time="2026-08-30T19:17:54-06:00" level=info msg="AWS API call" account=000000000000 api="ec2:DescribeVpcEndpoints" cache=miss region=eu-west-1
time="2026-08-30T19:17:54-06:00" level=info msg="AWS API call" account=000000000000 api="apigateway:GetRestApis" cache=hit region=eu-central-1
time="2026-08-30T19:17:54-06:00" level=info msg="AWS API call" account=000000000000 api="ec2:DescribeVpcEndpoints" cache=miss region=eu-central-1
time="2026-08-30T19:17:54-06:00" level=info msg="AWS API call" account=000000000000 api="efs:DescribeFileSystems" cache=hit region=ap-southeast-1
time="2026-08-30T19:17:54-06:00" level=info msg="AWS API call" account=000000000000 api="secretsmanager:ListSecrets" cache=hit region=ap-southeast-1
time="2026-08-30T19:17:54-06:00" level=info msg="AWS API call" account=000000000000 api="glue:GetResourcePolicies" cache=miss region=ap-southeast-1
time="2026-08-30T19:17:54-06:00" level=info msg="AWS API call" account=000000000000 api="apigateway:GetRestApis" cache=hit region=sa-east-1
time="2026-08-30T19:17:54-06:00" level=info msg="AWS API call" account=000000000000 api="ec2:DescribeVpcEndpoints" cache=miss region=sa-east-1
time="2026-08-30T19:17:54-06:00" level=info msg="AWS API call" account=000000000000 api="opensearch:ListDomainNames" cache=hit region=eu-west-2
time="2026-08-30T19:17:54-06:00" level=info msg="AWS API call" account=000000000000 api="apigateway:GetRestApis" cache=hit region=eu-north-1
time="2026-08-30T19:17:54-06:00" level=info msg="AWS API call" account=000000000000 api="ec2:DescribeVpcEndpoints" cache=miss region=eu-north-1
time="2026-08-30T19:17:54-06:00" level=info msg="AWS API call" account=000000000000 api="opensearch:ListDomainNames" cache=hit region=eu-west-3
time="2026-08-30T19:17:54-06:00" level=info msg="AWS API call" account=000000000000 api="apigateway:GetRestApis" cache=hit region=ap-northeast-1
time="2026-08-30T19:17:54-06:00" level=info msg="AWS API call" account=000000000000 api="ec2:DescribeVpcEndpoints" cache=miss region=ap-northeast-1
time="2026-08-30T19:17:54-06:00" level=info msg="AWS API call" account=000000000000 api="efs:DescribeFileSystems" cache=hit region=ap-south-1
time="2026-08-30T19:17:54-06:00" level=info msg="AWS API call" account=000000000000 api="secretsmanager:ListSecrets" cache=hit region=ap-south-1
time="2026-08-30T19:17:54-06:00" level=info msg="AWS API call" account=000000000000 api="glue:GetResourcePolicies" cache=miss region=ap-south-1
time="2026-08-30T19:17:54-06:00" level=info msg="AWS API call" account=000000000000 api="apigateway:GetRestApis" cache=hit region=ap-northeast-3
time="2026-08-30T19:17:54-06:00" level=info msg="AWS API call" account=000000000000 api="ec2:DescribeVpcEndpoints" cache=miss region=ap-northeast-3
time="2026-08-30T19:17:54-06:00" level=info msg="AWS API call" account=000000000000 api="opensearch:ListDomainNames" cache=hit region=eu-west-1
time="2026-08-30T19:17:54-06:00" level=info msg="AWS API call" account=000000000000 api="opensearch:ListDomainNames" cache=hit region=eu-central-1
time="2026-08-30T19:17:54-06:00" level=info msg="AWS API call" account=000000000000 api="apigateway:GetRestApis" cache=hit region=ap-northeast-2
time="2026-08-30T19:17:54-06:00" level=info msg="AWS API call" account=000000000000 api="ec2:DescribeVpcEndpoints" cache=miss region=ap-northeast-2
time="2026-08-30T19:17:54-06:00" level=info msg="AWS API call" account=000000000000 api="apigateway:GetRestApis" cache=hit region=ap-southeast-2
time="2026-08-30T19:17:54-06:00" level=info msg="AWS API call" account=000000000000 api="ec2:DescribeVpcEndpoints" cache=miss region=ap-southeast-2
time="2026-08-30T19:17:54-06:00" level=info msg="AWS API call" account=000000000000 api="opensearch:ListDomainNames" cache=hit region=sa-east-1
time="2026-08-30T19:17:55-06:00" level=info msg="AWS API call" account=000000000000 api="opensearch:ListDomainNames" cache=hit region=eu-north-1
time="2026-08-30T19:17:55-06:00" level=info msg="AWS API call" account=000000000000 api="opensearch:ListDomainNames" cache=hit region=ap-northeast-1
time="2026-08-30T19:17:55-06:00" level=info msg="AWS API call" account=000000000000 api="opensearch:ListDomainNames" cache=hit region=ap-northeast-3
time="2026-08-30T19:17:55-06:00" level=info msg="AWS API call" account=000000000000 api="apigateway:GetRestApis" cache=hit region=ap-southeast-1
time="2026-08-30T19:17:55-06:00" level=info msg="AWS API call" account=000000000000 api="ec2:DescribeVpcEndpoints" cache=miss region=ap-southeast-1
time="2026-08-30T19:17:55-06:00" level=info msg="AWS API call" account=000000000000 api="opensearch:ListDomainNames" cache=hit region=ap-northeast-2
time="2026-08-30T19:17:55-06:00" level=info msg="AWS API call" account=000000000000 api="opensearch:ListDomainNames" cache=hit region=ap-southeast-2
time="2026-08-30T19:17:55-06:00" level=info msg="AWS API call" account=000000000000 api="apigateway:GetRestApis" cache=hit region=ap-south-1
time="2026-08-30T19:17:55-06:00" level=info msg="AWS API call" account=000000000000 api="ec2:DescribeVpcEndpoints" cache=miss region=ap-south-1
time="2026-08-30T19:17:56-06:00" level=info msg="AWS API call" account=000000000000 api="opensearch:ListDomainNames" cache=hit region=ap-southeast-1
time="2026-08-30T19:17:56-06:00" level=info msg="AWS API call" account=000000000000 api="opensearch:ListDomainNames" cache=hit region=ap-south-1
time="2026-08-30T19:17:57-06:00" level=info msg="AWS API call" account=000000000000 api="codebuild:ListProjects" cache=hit region=us-west-2
time="2026-08-30T19:17:57-06:00" level=info msg="AWS API call" account=000000000000 api="codebuild:ListProjects" cache=hit region=ap-northeast-1
time="2026-08-30T19:17:57-06:00" level=info msg="AWS API call" account=000000000000 api="codebuild:ListProjects" cache=hit region=ap-northeast-3
time="2026-08-30T19:17:57-06:00" level=info msg="AWS API call" account=000000000000 api="codebuild:ListProjects" cache=hit region=ca-central-1
time="2026-08-30T19:17:57-06:00" level=info msg="AWS API call" account=000000000000 api="codebuild:ListProjects" cache=hit region=ap-southeast-2
time="2026-08-30T19:17:57-06:00" level=info msg="AWS API call" account=000000000000 api="codebuild:ListProjects" cache=hit region=us-west-1
time="2026-08-30T19:17:57-06:00" level=info msg="AWS API call" account=000000000000 api="codebuild:ListProjects" cache=hit region=ap-south-1
time="2026-08-30T19:17:57-06:00" level=info msg="AWS API call" account=000000000000 api="codebuild:ListProjects" cache=hit region=eu-west-2
time="2026-08-30T19:17:57-06:00" level=info msg="AWS API call" account=000000000000 api="codebuild:ListProjects" cache=hit region=us-east-2
time="2026-08-30T19:17:57-06:00" level=info msg="AWS API call" account=000000000000 api="codebuild:ListProjects" cache=hit region=ap-southeast-1
time="2026-08-30T19:17:57-06:00" level=info msg="AWS API call" account=000000000000 api="codebuild:ListProjects" cache=hit region=ap-northeast-2
time="2026-08-30T19:17:57-06:00" level=info msg="AWS API call" account=000000000000 api="codebuild:ListProjects" cache=hit region=sa-east-1
time="2026-08-30T19:17:57-06:00" level=info msg="AWS API call" account=000000000000 api="codebuild:ListProjects" cache=hit region=us-east-1
time="2026-08-30T19:17:57-06:00" level=info msg="AWS API call" account=000000000000 api="codebuild:ListProjects" cache=hit region=eu-north-1
time="2026-08-30T19:17:57-06:00" level=info msg="AWS API call" account=000000000000 api="codebuild:ListProjects" cache=hit region=eu-central-1
time="2026-08-30T19:17:57-06:00" level=info msg="AWS API call" account=000000000000 api="codebuild:ListProjects" cache=hit region=eu-west-3
time="2026-08-30T19:17:57-06:00" level=info msg="AWS API call" account=000000000000 api="codebuild:ListProjects" cache=hit region=eu-west-1
time="2026-08-30T19:17:57-06:00" level=info msg="AWS API call" account=000000000000 api="iam:ListUsers" cache=hit
time="2026-08-30T19:17:57-06:00" level=info msg="AWS API call" account=000000000000 api="iam:ListRoles" cache=hit
time="2026-08-30T19:18:41-06:00" level=info msg="AWS API call" account=000000000000 api="iam:GetAccountAuthorizationDetails" cache=miss
time="2026-08-30T19:18:45-06:00" level=info msg="AWS API call" account=000000000000 api="iam:ListUsers" cache=hit
time="2026-08-30T19:18:45-06:00" level=info msg="AWS API call" account=000000000000 api="iam:ListAccessKeys" cache=hit userName=fn1-privesc3-partial-user
time="2026-08-30T19:18:45-06:00" level=info msg="AWS API call" account=000000000000 api="iam:ListAccessKeys" cache=hit userName=fn2-exploitableResourceConstraint-user
time="2026-08-30T19:18:45-06:00" level=info msg="AWS API call" account=000000000000 api="iam:ListAccessKeys" cache=hit userName=fn3-exploitableConditionConstraint-user
time="2026-08-30T19:18:45-06:00" level=info msg="AWS API call" account=000000000000 api="iam:ListAccessKeys" cache=hit userName=fn4-exploitableNotAction-user
time="2026-08-30T19:18:45-06:00" level=info msg="AWS API call" account=000000000000 api="iam:ListAccessKeys" cache=hit userName=fp1-allow-and-deny-user
time="2026-08-30T19:18:45-06:00" level=info msg="AWS API call" account=000000000000 api="iam:ListAccessKeys" cache=hit userName=fp2-allow-and-deny-multiple-policies-user
time="2026-08-30T19:18:45-06:00" level=info msg="AWS API call" account=000000000000 api="iam:ListAccessKeys" cache=hit userName=fp3-deny-iam-user
time="2026-08-30T19:18:45-06:00" level=info msg="AWS API call" account=000000000000 api="iam:ListAccessKeys" cache=hit userName=fp4-nonExploitableResourceConstraint-user
time="2026-08-30T19:18:45-06:00" level=info msg="AWS API call" account=000000000000 api="iam:ListAccessKeys" cache=hit userName=fp5-nonExploitableConditionConstraint-user
time="2026-08-30T19:18:45-06:00" level=info msg="AWS API call" account=000000000000 api="iam:ListAccessKeys" cache=hit userName=iamadmin
time="2026-08-30T19:18:45-06:00" level=info msg="AWS API call" account=000000000000 api="iam:ListAccessKeys" cache=hit userName=privesc-AssumeRole-start-user
time="2026-08-30T19:18:45-06:00" level=info msg="AWS API call" account=000000000000 api="iam:ListAccessKeys" cache=hit userName=privesc-CloudFormationUpdateStack-user
time="2026-08-30T19:18:45-06:00" level=info msg="AWS API call" account=000000000000 api="iam:ListAccessKeys" cache=hit userName=privesc-codeBuildCreateProjectPassRole-user
time="2026-08-30T19:18:45-06:00" level=info msg="AWS API call" account=000000000000 api="iam:ListAccessKeys" cache=hit userName=privesc-ec2InstanceConnect-user
time="2026-08-30T19:18:45-06:00" level=info msg="AWS API call" account=000000000000 api="iam:ListAccessKeys" cache=hit userName=privesc-sageMakerCreateNotebookPassRole-user
time="2026-08-30T19:18:45-06:00" level=info msg="AWS API call" account=000000000000 api="iam:ListAccessKeys" cache=hit userName=privesc-sageMakerCreatePresignedNotebookURL-user
time="2026-08-30T19:18:45-06:00" level=info msg="AWS API call" account=000000000000 api="iam:ListAccessKeys" cache=hit userName=privesc-sageMakerCreateProcessingJobPassRole-user
time="2026-08-30T19:18:45-06:00" level=info msg="AWS API call" account=000000000000 api="iam:ListAccessKeys" cache=hit userName=privesc-sageMakerCreateTrainingJobPassRole-user
time="2026-08-30T19:18:45-06:00" level=info msg="AWS API call" account=000000000000 api="iam:ListAccessKeys" cache=hit userName=privesc-sre-user
time="2026-08-30T19:18:45-06:00" level=info msg="AWS API call" account=000000000000 api="iam:ListAccessKeys" cache=hit userName=privesc-ssmSendCommand-user
time="2026-08-30T19:18:45-06:00" level=info msg="AWS API call" account=000000000000 api="iam:ListAccessKeys" cache=hit userName=privesc-ssmStartSession-user
time="2026-08-30T19:18:45-06:00" level=info msg="AWS API call" account=000000000000 api="iam:ListAccessKeys" cache=hit userName=privesc1-CreateNewPolicyVersion-user
time="2026-08-30T19:18:45-06:00" level=info msg="AWS API call" account=000000000000 api="iam:ListAccessKeys" cache=hit userName=privesc10-PutUserPolicy-user
time="2026-08-30T19:18:45-06:00" level=info msg="AWS API call" account=000000000000 api="iam:ListAccessKeys" cache=hit userName=privesc11-PutGroupPolicy-user
time="2026-08-30T19:18:45-06:00" level=info msg="AWS API call" account=000000000000 api="iam:ListAccessKeys" cache=hit userName=privesc12-PutRolePolicy-user
time="2026-08-30T19:18:45-06:00" level=info msg="AWS API call" account=000000000000 api="iam:ListAccessKeys" cache=hit userName=privesc13-AddUserToGroup-user
time="2026-08-30T19:18:45-06:00" level=info msg="AWS API call" account=000000000000 api="iam:ListAccessKeys" cache=hit userName=privesc14-UpdatingAssumeRolePolicy-user
time="2026-08-30T19:18:45-06:00" level=info msg="AWS API call" account=000000000000 api="iam:ListAccessKeys" cache=hit userName=privesc15-PassExistingRoleToNewLambdaThenInvoke-user
time="2026-08-30T19:18:45-06:00" level=info msg="AWS API call" account=000000000000 api="iam:ListAccessKeys" cache=hit userName=privesc16-PassRoleToNewLambdaThenTriggerWithNewDynamo-user
time="2026-08-30T19:18:45-06:00" level=info msg="AWS API call" account=000000000000 api="iam:ListAccessKeys" cache=hit userName=privesc17-EditExistingLambdaFunctionWithRole-user
time="2026-08-30T19:18:45-06:00" level=info msg="AWS API call" account=000000000000 api="iam:ListAccessKeys" cache=hit userName=privesc18-PassExistingRoleToNewGlueDevEndpoint-user
time="2026-08-30T19:18:45-06:00" level=info msg="AWS API call" account=000000000000 api="iam:ListAccessKeys" cache=hit userName=privesc19-UpdateExistingGlueDevEndpoint-user
time="2026-08-30T19:18:45-06:00" level=info msg="AWS API call" account=000000000000 api="iam:ListAccessKeys" cache=hit userName=privesc2-SetExistingDefaultPolicyVersion-user
time="2026-08-30T19:18:45-06:00" level=info msg="AWS API call" account=000000000000 api="iam:ListAccessKeys" cache=hit userName=privesc20-PassExistingRoleToCloudFormation-user
time="2026-08-30T19:18:45-06:00" level=info msg="AWS API call" account=000000000000 api="iam:ListAccessKeys" cache=hit userName=privesc21-PassExistingRoleToNewDataPipeline-user
time="2026-08-30T19:18:45-06:00" level=info msg="AWS API call" account=000000000000 api="iam:ListAccessKeys" cache=hit userName=privesc3-CreateEC2WithExistingInstanceProfile-user
time="2026-08-30T19:18:45-06:00" level=info msg="AWS API call" account=000000000000 api="iam:ListAccessKeys" cache=hit userName=privesc4-CreateAccessKey-user
time="2026-08-30T19:18:45-06:00" level=info msg="AWS API call" account=000000000000 api="iam:ListAccessKeys" cache=hit userName=privesc5-CreateLoginProfile-user
time="2026-08-30T19:18:45-06:00" level=info msg="AWS API call" account=000000000000 api="iam:ListAccessKeys" cache=hit userName=privesc6-UpdateLoginProfile-user
time="2026-08-30T19:18:45-06:00" level=info msg="AWS API call" account=000000000000 api="iam:ListAccessKeys" cache=hit userName=privesc7-AttachUserPolicy-user
time="2026-08-30T19:18:45-06:00" level=info msg="AWS API call" account=000000000000 api="iam:ListAccessKeys" cache=hit userName=privesc8-AttachGroupPolicy-user
time="2026-08-30T19:18:45-06:00" level=info msg="AWS API call" account=000000000000 api="iam:ListAccessKeys" cache=hit userName=privesc9-AttachRolePolicy-user
time="2026-08-30T19:18:45-06:00" level=info msg="AWS API call" account=000000000000 api="iam:ListRoles" cache=hit
time="2026-08-30T19:19:12-06:00" level=info msg="AWS API call" account=000000000000 api="iam:ListUsers" cache=hit
time="2026-08-30T19:19:13-06:00" level=info msg="AWS API call" account=000000000000 api="iam:SimulatePrincipalPolicy" cache=miss principal=fn1-privesc3-partial-user
time="2026-08-30T19:19:13-06:00" level=info msg="AWS API call" account=000000000000 api="iam:SimulatePrincipalPolicy" cache=miss principal=fn2-exploitableResourceConstraint-user
time="2026-08-30T19:19:14-06:00" level=info msg="AWS API call" account=000000000000 api="iam:SimulatePrincipalPolicy" cache=miss principal=fn3-exploitableConditionConstraint-user
time="2026-08-30T19:19:20-06:00" level=info msg="AWS API call" account=000000000000 api="iam:SimulatePrincipalPolicy" cache=miss principal=fn4-exploitableNotAction-user
time="2026-08-30T19:19:20-06:00" level=info msg="AWS API call" account=000000000000 api="iam:SimulatePrincipalPolicy" cache=miss principal=fp1-allow-and-deny-user
time="2026-08-30T19:19:21-06:00" level=info msg="AWS API call" account=000000000000 api="iam:SimulatePrincipalPolicy" cache=miss principal=fp2-allow-and-deny-multiple-policies-user
time="2026-08-30T19:19:21-06:00" level=info msg="AWS API call" account=000000000000 api="iam:SimulatePrincipalPolicy" cache=miss principal=fp3-deny-iam-user
time="2026-08-30T19:19:21-06:00" level=info msg="AWS API call" account=000000000000 api="iam:SimulatePrincipalPolicy" cache=miss principal=fp4-nonExploitableResourceConstraint-user
time="2026-08-30T19:19:22-06:00" level=info msg="AWS API call" account=000000000000 api="iam:SimulatePrincipalPolicy" cache=miss principal=fp5-nonExploitableConditionConstraint-user
time="2026-08-30T19:19:24-06:00" level=info msg="AWS API call" account=000000000000 api="iam:SimulatePrincipalPolicy" cache=miss principal=privesc-AssumeRole-start-user
time="2026-08-30T19:19:25-06:00" level=info msg="AWS API call" account=000000000000 api="iam:SimulatePrincipalPolicy" cache=miss principal=privesc-CloudFormationUpdateStack-user
time="2026-08-30T19:19:30-06:00" level=info msg="AWS API call" account=000000000000 api="iam:SimulatePrincipalPolicy" cache=miss principal=privesc-codeBuildCreateProjectPassRole-user
time="2026-08-30T19:19:30-06:00" level=info msg="AWS API call" account=000000000000 api="iam:SimulatePrincipalPolicy" cache=miss principal=privesc-ec2InstanceConnect-user
time="2026-08-30T19:19:32-06:00" level=info msg="AWS API call" account=000000000000 api="iam:SimulatePrincipalPolicy" cache=miss principal=privesc-sageMakerCreateNotebookPassRole-user
time="2026-08-30T19:19:33-06:00" level=info msg="AWS API call" account=000000000000 api="iam:SimulatePrincipalPolicy" cache=miss principal=privesc-sageMakerCreatePresignedNotebookURL-user
time="2026-08-30T19:19:33-06:00" level=info msg="AWS API call" account=000000000000 api="iam:SimulatePrincipalPolicy" cache=miss principal=privesc-sageMakerCreateProcessingJobPassRole-user
time="2026-08-30T19:19:34-06:00" level=info msg="AWS API call" account=000000000000 api="iam:SimulatePrincipalPolicy" cache=miss principal=privesc-sageMakerCreateTrainingJobPassRole-user
time="2026-08-30T19:19:34-06:00" level=info msg="AWS API call" account=000000000000 api="iam:SimulatePrincipalPolicy" cache=miss principal=privesc-sre-user
time="2026-08-30T19:19:34-06:00" level=info msg="AWS API call" account=000000000000 api="iam:SimulatePrincipalPolicy" cache=miss principal=privesc-ssmSendCommand-user
time="2026-08-30T19:19:37-06:00" level=info msg="AWS API call" account=000000000000 api="iam:SimulatePrincipalPolicy" cache=miss principal=privesc-ssmStartSession-user
time="2026-08-30T19:19:37-06:00" level=info msg="AWS API call" account=000000000000 api="iam:SimulatePrincipalPolicy" cache=miss principal=privesc1-CreateNewPolicyVersion-user
time="2026-08-30T19:19:43-06:00" level=info msg="AWS API call" account=000000000000 api="iam:SimulatePrincipalPolicy" cache=miss principal=privesc10-PutUserPolicy-user
time="2026-08-30T19:19:43-06:00" level=info msg="AWS API call" account=000000000000 api="iam:SimulatePrincipalPolicy" cache=miss principal=privesc11-PutGroupPolicy-user
time="2026-08-30T19:19:43-06:00" level=info msg="AWS API call" account=000000000000 api="iam:SimulatePrincipalPolicy" cache=miss principal=privesc12-PutRolePolicy-user
time="2026-08-30T19:19:44-06:00" level=info msg="AWS API call" account=000000000000 api="iam:SimulatePrincipalPolicy" cache=miss principal=privesc13-AddUserToGroup-user
time="2026-08-30T19:19:44-06:00" level=info msg="AWS API call" account=000000000000 api="iam:SimulatePrincipalPolicy" cache=miss principal=privesc14-UpdatingAssumeRolePolicy-user
time="2026-08-30T19:19:47-06:00" level=info msg="AWS API call" account=000000000000 api="iam:SimulatePrincipalPolicy" cache=miss principal=privesc15-PassExistingRoleToNewLambdaThenInvoke-user
time="2026-08-30T19:19:47-06:00" level=info msg="AWS API call" account=000000000000 api="iam:SimulatePrincipalPolicy" cache=miss principal=privesc16-PassRoleToNewLambdaThenTriggerWithNewDynamo-user
time="2026-08-30T19:19:47-06:00" level=info msg="AWS API call" account=000000000000 api="iam:SimulatePrincipalPolicy" cache=miss principal=privesc17-EditExistingLambdaFunctionWithRole-user
time="2026-08-30T19:19:48-06:00" level=info msg="AWS API call" account=000000000000 api="iam:SimulatePrincipalPolicy" cache=miss principal=privesc18-PassExistingRoleToNewGlueDevEndpoint-user
time="2026-08-30T19:19:51-06:00" level=info msg="AWS API call" account=000000000000 api="iam:SimulatePrincipalPolicy" cache=miss principal=privesc19-UpdateExistingGlueDevEndpoint-user
time="2026-08-30T19:19:51-06:00" level=info msg="AWS API call" account=000000000000 api="iam:SimulatePrincipalPolicy" cache=miss principal=privesc2-SetExistingDefaultPolicyVersion-user
time="2026-08-30T19:19:52-06:00" level=info msg="AWS API call" account=000000000000 api="iam:SimulatePrincipalPolicy" cache=miss principal=privesc20-PassExistingRoleToCloudFormation-user
time="2026-08-30T19:19:54-06:00" level=info msg="AWS API call" account=000000000000 api="iam:SimulatePrincipalPolicy" cache=miss principal=privesc21-PassExistingRoleToNewDataPipeline-user
time="2026-08-30T19:19:56-06:00" level=info msg="AWS API call" account=000000000000 api="iam:SimulatePrincipalPolicy" cache=miss principal=privesc3-CreateEC2WithExistingInstanceProfile-user
time="2026-08-30T19:19:57-06:00" level=info msg="AWS API call" account=000000000000 api="iam:SimulatePrincipalPolicy" cache=miss principal=privesc4-CreateAccessKey-user
time="2026-08-30T19:19:57-06:00" level=info msg="AWS API call" account=000000000000 api="iam:SimulatePrincipalPolicy" cache=miss principal=privesc5-CreateLoginProfile-user
time="2026-08-30T19:19:57-06:00" level=info msg="AWS API call" account=000000000000 api="iam:SimulatePrincipalPolicy" cache=miss principal=privesc6-UpdateLoginProfile-user
time="2026-08-30T19:20:01-06:00" level=info msg="AWS API call" account=000000000000 api="iam:SimulatePrincipalPolicy" cache=miss principal=privesc7-AttachUserPolicy-user
time="2026-08-30T19:20:01-06:00" level=info msg="AWS API call" account=000000000000 api="iam:SimulatePrincipalPolicy" cache=miss principal=privesc8-AttachGroupPolicy-user
time="2026-08-30T19:20:02-06:00" level=info msg="AWS API call" account=000000000000 api="iam:SimulatePrincipalPolicy" cache=miss principal=privesc9-AttachRolePolicy-user
time="2026-08-30T19:20:02-06:00" level=info msg="AWS API call" account=000000000000 api="iam:ListRoles" cache=hit
time="2026-08-30T19:20:04-06:00" level=info msg="AWS API call" account=000000000000 api="iam:SimulatePrincipalPolicy" cache=miss principal=AWSServiceRoleForAmazonGuardDuty
time="2026-08-30T19:20:06-06:00" level=info msg="AWS API call" account=000000000000 api="iam:SimulatePrincipalPolicy" cache=miss principal=AWSServiceRoleForAmazonGuardDutyMalwareProtection
time="2026-08-30T19:20:07-06:00" level=info msg="AWS API call" account=000000000000 api="iam:SimulatePrincipalPolicy" cache=miss principal=AWSServiceRoleForResourceExplorer
time="2026-08-30T19:20:08-06:00" level=info msg="AWS API call" account=000000000000 api="iam:SimulatePrincipalPolicy" cache=miss principal=AWSServiceRoleForSupport
time="2026-08-30T19:20:08-06:00" level=info msg="AWS API call" account=000000000000 api="iam:SimulatePrincipalPolicy" cache=miss principal=AWSServiceRoleForTrustedAdvisor
time="2026-08-30T19:20:08-06:00" level=info msg="AWS API call" account=000000000000 api="iam:SimulatePrincipalPolicy" cache=miss principal=EC2-AutoRemediation-role-h3s42wj1
time="2026-08-30T19:20:10-06:00" level=info msg="AWS API call" account=000000000000 api="iam:SimulatePrincipalPolicy" cache=miss principal=EC2CloudWatchAgentRole
time="2026-08-30T19:20:10-06:00" level=info msg="AWS API call" account=000000000000 api="iam:SimulatePrincipalPolicy" cache=miss principal=fn1-privesc3-partial-role
time="2026-08-30T19:20:13-06:00" level=info msg="AWS API call" account=000000000000 api="iam:SimulatePrincipalPolicy" cache=miss principal=fn2-exploitableResourceConstraint-role
time="2026-08-30T19:20:13-06:00" level=info msg="AWS API call" account=000000000000 api="iam:SimulatePrincipalPolicy" cache=miss principal=fn3-exploitableConditionConstraint-role
time="2026-08-30T19:20:14-06:00" level=info msg="AWS API call" account=000000000000 api="iam:SimulatePrincipalPolicy" cache=miss principal=fn4-exploitableNotAction-role
time="2026-08-30T19:20:14-06:00" level=info msg="AWS API call" account=000000000000 api="iam:SimulatePrincipalPolicy" cache=miss principal=fp1-allow-and-deny-role
time="2026-08-30T19:20:15-06:00" level=info msg="AWS API call" account=000000000000 api="iam:SimulatePrincipalPolicy" cache=miss principal=fp2-allow-and-deny-multiple-policies-role
time="2026-08-30T19:20:16-06:00" level=info msg="AWS API call" account=000000000000 api="iam:SimulatePrincipalPolicy" cache=miss principal=fp3-deny-iam-role
time="2026-08-30T19:20:19-06:00" level=info msg="AWS API call" account=000000000000 api="iam:SimulatePrincipalPolicy" cache=miss principal=fp4-nonExploitableResourceConstraint-role
time="2026-08-30T19:20:20-06:00" level=info msg="AWS API call" account=000000000000 api="iam:SimulatePrincipalPolicy" cache=miss principal=fp5-nonExploitableConditionConstraint-role
time="2026-08-30T19:20:20-06:00" level=info msg="AWS API call" account=000000000000 api="iam:SimulatePrincipalPolicy" cache=miss principal=privesc-AssumeRole-intermediate-role
time="2026-08-30T19:20:21-06:00" level=info msg="AWS API call" account=000000000000 api="iam:SimulatePrincipalPolicy" cache=miss principal=privesc-AssumeRole-starting-role
time="2026-08-30T19:20:21-06:00" level=info msg="AWS API call" account=000000000000 api="iam:SimulatePrincipalPolicy" cache=miss principal=privesc-CloudFormationUpdateStack-role
time="2026-08-30T19:20:23-06:00" level=info msg="AWS API call" account=000000000000 api="iam:SimulatePrincipalPolicy" cache=miss principal=privesc-codeBuildCreateProjectPassRole-role
time="2026-08-30T19:20:25-06:00" level=info msg="AWS API call" account=000000000000 api="iam:SimulatePrincipalPolicy" cache=miss principal=privesc-ec2InstanceConnect-role
time="2026-08-30T19:20:26-06:00" level=info msg="AWS API call" account=000000000000 api="iam:SimulatePrincipalPolicy" cache=miss principal=privesc-permissive-role-trust
time="2026-08-30T19:20:26-06:00" level=info msg="AWS API call" account=000000000000 api="iam:SimulatePrincipalPolicy" cache=miss principal=privesc-sageMakerCreateNotebookPassRole-role
time="2026-08-30T19:20:32-06:00" level=info msg="AWS API call" account=000000000000 api="iam:SimulatePrincipalPolicy" cache=miss principal=privesc-sageMakerCreatePresignedNotebookURL-role
time="2026-08-30T19:20:32-06:00" level=info msg="AWS API call" account=000000000000 api="iam:SimulatePrincipalPolicy" cache=miss principal=privesc-sageMakerCreateProcessingJobPassRole-role
time="2026-08-30T19:20:33-06:00" level=info msg="AWS API call" account=000000000000 api="iam:SimulatePrincipalPolicy" cache=miss principal=privesc-sageMakerCreateTrainingJobPassRole-role
time="2026-08-30T19:20:33-06:00" level=info msg="AWS API call" account=000000000000 api="iam:SimulatePrincipalPolicy" cache=miss principal=privesc-sre-role
time="2026-08-30T19:20:34-06:00" level=info msg="AWS API call" account=000000000000 api="iam:SimulatePrincipalPolicy" cache=miss principal=privesc-ssmSendCommand-role
time="2026-08-30T19:20:34-06:00" level=info msg="AWS API call" account=000000000000 api="iam:SimulatePrincipalPolicy" cache=miss principal=privesc-ssmStartSession-role
time="2026-08-30T19:20:36-06:00" level=info msg="AWS API call" account=000000000000 api="iam:SimulatePrincipalPolicy" cache=miss principal=privesc1-CreateNewPolicyVersion-role
time="2026-08-30T19:20:37-06:00" level=info msg="AWS API call" account=000000000000 api="iam:SimulatePrincipalPolicy" cache=miss principal=privesc10-PutUserPolicy-role
time="2026-08-30T19:20:42-06:00" level=info msg="AWS API call" account=000000000000 api="iam:SimulatePrincipalPolicy" cache=miss principal=privesc11-PutGroupPolicy-role
time="2026-08-30T19:20:42-06:00" level=info msg="AWS API call" account=000000000000 api="iam:SimulatePrincipalPolicy" cache=miss principal=privesc12-PutRolePolicy-role
time="2026-08-30T19:20:43-06:00" level=info msg="AWS API call" account=000000000000 api="iam:SimulatePrincipalPolicy" cache=miss principal=privesc13-AddUserToGroup-role
time="2026-08-30T19:20:43-06:00" level=info msg="AWS API call" account=000000000000 api="iam:SimulatePrincipalPolicy" cache=miss principal=privesc14-UpdatingAssumeRolePolicy-role
time="2026-08-30T19:20:43-06:00" level=info msg="AWS API call" account=000000000000 api="iam:SimulatePrincipalPolicy" cache=miss principal=privesc15-PassExistingRoleToNewLambdaThenInvoke-role
time="2026-08-30T19:20:44-06:00" level=info msg="AWS API call" account=000000000000 api="iam:SimulatePrincipalPolicy" cache=miss principal=privesc16-PassRoleToNewLambdaThenTriggerWithNewDynamo-role
time="2026-08-30T19:20:45-06:00" level=info msg="AWS API call" account=000000000000 api="iam:SimulatePrincipalPolicy" cache=miss principal=privesc17-EditExistingLambdaFunctionWithRole-role
time="2026-08-30T19:20:46-06:00" level=info msg="AWS API call" account=000000000000 api="iam:SimulatePrincipalPolicy" cache=miss principal=privesc18-PassExistingRoleToNewGlueDevEndpoint-role
time="2026-08-30T19:20:48-06:00" level=info msg="AWS API call" account=000000000000 api="iam:SimulatePrincipalPolicy" cache=miss principal=privesc19-UpdateExistingGlueDevEndpoint-role
time="2026-08-30T19:20:49-06:00" level=info msg="AWS API call" account=000000000000 api="iam:SimulatePrincipalPolicy" cache=miss principal=privesc2-SetExistingDefaultPolicyVersion-role
time="2026-08-30T19:20:50-06:00" level=info msg="AWS API call" account=000000000000 api="iam:SimulatePrincipalPolicy" cache=miss principal=privesc20-PassExistingRoleToCloudFormation-role
time="2026-08-30T19:20:51-06:00" level=info msg="AWS API call" account=000000000000 api="iam:SimulatePrincipalPolicy" cache=miss principal=privesc21-PassExistingRoleToNewDataPipeline-role
time="2026-08-30T19:20:53-06:00" level=info msg="AWS API call" account=000000000000 api="iam:SimulatePrincipalPolicy" cache=miss principal=privesc3-CreateEC2WithExistingInstanceProfile-role
time="2026-08-30T19:20:53-06:00" level=info msg="AWS API call" account=000000000000 api="iam:SimulatePrincipalPolicy" cache=miss principal=privesc4-CreateAccessKey-role
time="2026-08-30T19:20:54-06:00" level=info msg="AWS API call" account=000000000000 api="iam:SimulatePrincipalPolicy" cache=miss principal=privesc5-CreateLoginProfile-role
time="2026-08-30T19:20:54-06:00" level=info msg="AWS API call" account=000000000000 api="iam:SimulatePrincipalPolicy" cache=miss principal=privesc6-UpdateLoginProfile-role
time="2026-08-30T19:21:00-06:00" level=info msg="AWS API call" account=000000000000 api="iam:SimulatePrincipalPolicy" cache=miss principal=privesc7-AttachUserPolicy-role
time="2026-08-30T19:21:00-06:00" level=info msg="AWS API call" account=000000000000 api="iam:SimulatePrincipalPolicy" cache=miss principal=privesc8-AttachGroupPolicy-role
time="2026-08-30T19:21:00-06:00" level=info msg="AWS API call" account=000000000000 api="iam:SimulatePrincipalPolicy" cache=miss principal=privesc9-AttachRolePolicy-role
time="2026-08-30T19:21:02-06:00" level=info msg="AWS API call" account=000000000000 api="apprunner:ListServices" cache=miss region=us-west-1
time="2026-08-30T19:21:02-06:00" level=info msg="AWS API call" account=000000000000 api="ec2:DescribeInstances" cache=hit region=ap-northeast-1
time="2026-08-30T19:21:02-06:00" level=info msg="AWS API call" account=000000000000 api="ec2:DescribeInstances" cache=hit region=us-west-1
time="2026-08-30T19:21:02-06:00" level=info msg="AWS API call" account=000000000000 api="ecs:ListClusters" cache=hit region=us-west-1
time="2026-08-30T19:21:02-06:00" level=info msg="AWS API call" account=000000000000 api="lambda:ListFunctions" cache=hit region=us-west-1
time="2026-08-30T19:21:02-06:00" level=info msg="AWS API call" account=000000000000 api="ecs:ListClusters" cache=hit region=ap-northeast-1
time="2026-08-30T19:21:02-06:00" level=info msg="AWS API call" account=000000000000 api="apprunner:ListServices" cache=hit region=ap-northeast-1
time="2026-08-30T19:21:02-06:00" level=info msg="AWS API call" account=000000000000 api="lambda:ListFunctions" cache=hit region=ap-northeast-1
time="2026-08-30T19:21:02-06:00" level=info msg="AWS API call" account=000000000000 api="ec2:DescribeInstances" cache=hit region=us-east-1
time="2026-08-30T19:21:02-06:00" level=info msg="AWS API call" account=000000000000 api="apprunner:ListServices" cache=hit region=us-east-1
time="2026-08-30T19:21:02-06:00" level=info msg="AWS API call" account=000000000000 api="ecs:ListClusters" cache=hit region=us-east-1
time="2026-08-30T19:21:02-06:00" level=info msg="AWS API call" account=000000000000 api="lambda:ListFunctions" cache=hit region=us-east-1
time="2026-08-30T19:21:02-06:00" level=info msg="AWS API call" account=000000000000 api="ec2:DescribeInstances" cache=hit region=eu-west-2
time="2026-08-30T19:21:02-06:00" level=info msg="AWS API call" account=000000000000 api="ecs:ListClusters" cache=hit region=eu-west-2
time="2026-08-30T19:21:02-06:00" level=info msg="AWS API call" account=000000000000 api="apprunner:ListServices" cache=hit region=eu-west-2
time="2026-08-30T19:21:02-06:00" level=info msg="AWS API call" account=000000000000 api="lambda:ListFunctions" cache=hit region=eu-west-2
time="2026-08-30T19:21:02-06:00" level=info msg="AWS API call" account=000000000000 api="ec2:DescribeInstances" cache=hit region=sa-east-1
time="2026-08-30T19:21:02-06:00" level=info msg="AWS API call" account=000000000000 api="ecs:ListClusters" cache=hit region=sa-east-1
time="2026-08-30T19:21:02-06:00" level=info msg="AWS API call" account=000000000000 api="apprunner:ListServices" cache=miss region=sa-east-1
time="2026-08-30T19:21:02-06:00" level=info msg="AWS API call" account=000000000000 api="lambda:ListFunctions" cache=hit region=sa-east-1
time="2026-08-30T19:21:02-06:00" level=info msg="AWS API call" account=000000000000 api="ec2:DescribeInstances" cache=hit region=ap-southeast-2
time="2026-08-30T19:21:02-06:00" level=info msg="AWS API call" account=000000000000 api="ec2:DescribeInstances" cache=hit region=us-east-2
time="2026-08-30T19:21:02-06:00" level=info msg="AWS API call" account=000000000000 api="ec2:DescribeInstances" cache=hit region=eu-west-3
time="2026-08-30T19:21:02-06:00" level=info msg="AWS API call" account=000000000000 api="ecs:ListClusters" cache=hit region=ap-southeast-2
time="2026-08-30T19:21:02-06:00" level=info msg="AWS API call" account=000000000000 api="ecs:ListClusters" cache=hit region=us-east-2
time="2026-08-30T19:21:02-06:00" level=info msg="AWS API call" account=000000000000 api="apprunner:ListServices" cache=hit region=us-east-2
time="2026-08-30T19:21:02-06:00" level=info msg="AWS API call" account=000000000000 api="apprunner:ListServices" cache=hit region=ap-southeast-2
time="2026-08-30T19:21:02-06:00" level=info msg="AWS API call" account=000000000000 api="lambda:ListFunctions" cache=hit region=ap-southeast-2
time="2026-08-30T19:21:02-06:00" level=info msg="AWS API call" account=000000000000 api="lambda:ListFunctions" cache=hit region=us-east-2
time="2026-08-30T19:21:02-06:00" level=info msg="AWS API call" account=000000000000 api="ecs:ListClusters" cache=hit region=eu-west-3
time="2026-08-30T19:21:02-06:00" level=info msg="AWS API call" account=000000000000 api="ec2:DescribeInstances" cache=hit region=ca-central-1
time="2026-08-30T19:21:02-06:00" level=info msg="AWS API call" account=000000000000 api="apprunner:ListServices" cache=hit region=eu-west-3
time="2026-08-30T19:21:02-06:00" level=info msg="AWS API call" account=000000000000 api="ec2:DescribeInstances" cache=hit region=ap-northeast-2
time="2026-08-30T19:21:02-06:00" level=info msg="AWS API call" account=000000000000 api="lambda:ListFunctions" cache=hit region=eu-west-3
time="2026-08-30T19:21:02-06:00" level=info msg="AWS API call" account=000000000000 api="ec2:DescribeInstances" cache=hit region=us-west-2
time="2026-08-30T19:21:02-06:00" level=info msg="AWS API call" account=000000000000 api="ec2:DescribeInstances" cache=hit region=eu-north-1
time="2026-08-30T19:21:02-06:00" level=info msg="AWS API call" account=000000000000 api="ecs:ListClusters" cache=hit region=ca-central-1
time="2026-08-30T19:21:02-06:00" level=info msg="AWS API call" account=000000000000 api="ec2:DescribeInstances" cache=hit region=ap-northeast-3
time="2026-08-30T19:21:02-06:00" level=info msg="AWS API call" account=000000000000 api="ecs:ListClusters" cache=hit region=eu-north-1
time="2026-08-30T19:21:02-06:00" level=info msg="AWS API call" account=000000000000 api="ecs:ListClusters" cache=hit region=ap-northeast-2
time="2026-08-30T19:21:02-06:00" level=info msg="AWS API call" account=000000000000 api="lambda:ListFunctions" cache=hit region=eu-north-1
time="2026-08-30T19:21:02-06:00" level=info msg="AWS API call" account=000000000000 api="apprunner:ListServices" cache=miss region=eu-north-1
time="2026-08-30T19:21:02-06:00" level=info msg="AWS API call" account=000000000000 api="ec2:DescribeInstances" cache=hit region=eu-central-1
time="2026-08-30T19:21:02-06:00" level=info msg="AWS API call" account=000000000000 api="ecs:ListClusters" cache=hit region=us-west-2
time="2026-08-30T19:21:02-06:00" level=info msg="AWS API call" account=000000000000 api="lambda:ListFunctions" cache=hit region=ca-central-1
time="2026-08-30T19:21:02-06:00" level=info msg="AWS API call" account=000000000000 api="apprunner:ListServices" cache=miss region=ca-central-1
time="2026-08-30T19:21:02-06:00" level=info msg="AWS API call" account=000000000000 api="ecs:ListClusters" cache=hit region=ap-northeast-3
time="2026-08-30T19:21:02-06:00" level=info msg="AWS API call" account=000000000000 api="apprunner:ListServices" cache=miss region=ap-northeast-3
time="2026-08-30T19:21:02-06:00" level=info msg="AWS API call" account=000000000000 api="lambda:ListFunctions" cache=hit region=ap-northeast-3
time="2026-08-30T19:21:02-06:00" level=info msg="AWS API call" account=000000000000 api="lambda:ListFunctions" cache=hit region=ap-northeast-2
time="2026-08-30T19:21:02-06:00" level=info msg="AWS API call" account=000000000000 api="apprunner:ListServices" cache=miss region=ap-northeast-2
time="2026-08-30T19:21:02-06:00" level=info msg="AWS API call" account=000000000000 api="ecs:ListClusters" cache=hit region=eu-central-1
time="2026-08-30T19:21:02-06:00" level=info msg="AWS API call" account=000000000000 api="apprunner:ListServices" cache=hit region=us-west-2
time="2026-08-30T19:21:02-06:00" level=info msg="AWS API call" account=000000000000 api="lambda:ListFunctions" cache=hit region=us-west-2
time="2026-08-30T19:21:02-06:00" level=info msg="AWS API call" account=000000000000 api="apprunner:ListServices" cache=hit region=eu-central-1
time="2026-08-30T19:21:02-06:00" level=info msg="AWS API call" account=000000000000 api="lambda:ListFunctions" cache=hit region=eu-central-1
time="2026-08-30T19:21:02-06:00" level=info msg="AWS API call" account=000000000000 api="ec2:DescribeInstances" cache=hit region=eu-west-1
time="2026-08-30T19:21:02-06:00" level=info msg="AWS API call" account=000000000000 api="ecs:ListClusters" cache=hit region=eu-west-1
time="2026-08-30T19:21:02-06:00" level=info msg="AWS API call" account=000000000000 api="apprunner:ListServices" cache=hit region=eu-west-1
time="2026-08-30T19:21:02-06:00" level=info msg="AWS API call" account=000000000000 api="lambda:ListFunctions" cache=hit region=eu-west-1
time="2026-08-30T19:21:02-06:00" level=info msg="AWS API call" account=000000000000 api="ec2:DescribeInstances" cache=hit region=ap-south-1
time="2026-08-30T19:21:02-06:00" level=info msg="AWS API call" account=000000000000 api="ecs:ListClusters" cache=hit region=ap-south-1
time="2026-08-30T19:21:02-06:00" level=info msg="AWS API call" account=000000000000 api="apprunner:ListServices" cache=hit region=ap-south-1
time="2026-08-30T19:21:02-06:00" level=info msg="AWS API call" account=000000000000 api="lambda:ListFunctions" cache=hit region=ap-south-1
time="2026-08-30T19:21:02-06:00" level=info msg="AWS API call" account=000000000000 api="ec2:DescribeInstances" cache=hit region=ap-southeast-1
time="2026-08-30T19:21:02-06:00" level=info msg="AWS API call" account=000000000000 api="ecs:ListClusters" cache=hit region=ap-southeast-1
time="2026-08-30T19:21:02-06:00" level=info msg="AWS API call" account=000000000000 api="apprunner:ListServices" cache=hit region=ap-southeast-1
time="2026-08-30T19:21:02-06:00" level=info msg="AWS API call" account=000000000000 api="lambda:ListFunctions" cache=hit region=ap-southeast-1
