scenario_id,mechanism,scenario_class,target_absent,tool,context,flagset,grade,evidence,validation_status,note
privesc1-CreateNewPolicyVersion--role,privesc1-CreateNewPolicyVersion,privesc,no,pmapper,admin,default,M,raw-output/pmapper/admin-default-2026-08-31/output/01-graph-create.stderr.txt,validated,"Crash-M per rubric 4.7, tally separately from detection-Ms: 'graph create' terminated on an unhandled botocore ConnectTimeoutError (autoscaling_edges.py catches ClientError only) and no graph was written; all 7 downstream commands failed. No principal was evaluated."
privesc1-CreateNewPolicyVersion--role,privesc1-CreateNewPolicyVersion,privesc,no,pmapper,admin,"flagged (--include-regions, 17 opted-in regions)",D,raw-output/pmapper/admin-flagged-2026-08-31/output/04-query-preset-privesc.txt,inferred,"Admin-verdict form: preset privesc prints 'role/privesc1-CreateNewPolicyVersion-role is an administrative principal'. Names the principal and the resulting privilege but NOT the enabling permission. Graded D because neither lower grade fits its own definition: P requires a permission bound to a principal (absent here) and M requires nothing in the output pointing a reviewer at the principal (false). INFERRED: the claim that PMapper's admin verdict derives from this mechanism is a reading of its output, not of its source. Precedent: analysis/validation/privesc-sre--user.md."
privesc1-CreateNewPolicyVersion--role,privesc1-CreateNewPolicyVersion,privesc,no,cloudfox,admin,default,P,raw-output/cloudfox/admin-default-2026-08-31/cloudfox-outdir/cloudfox-output/aws/personal-000000000000/csv/permissions.csv,validated,"Rubric 3 P / 4.1: permissions.csv binds the enabling permission to this specific principal (1 grant row(s): Allow iam:CreatePolicyVersion) but names no target and does not characterise it as escalation. Search: grep ',privesc1-CreateNewPolicyVersion-role,' csv/permissions.csv."
privesc1-CreateNewPolicyVersion--role,privesc1-CreateNewPolicyVersion,privesc,no,cloudfox-path,admin,default,N/A,raw-output/cloudfox/admin-default-2026-08-31/cloudfox-outdir/cloudfox-output/aws/personal-000000000000/csv/principals.csv,validated,"Rubric 4.9. cloudfox's CanPrivEscToAdmin? column reads 'Skipping, no pmapper data' in every one of its 140 instances this run (94 principals + 44 role-trusts + 1 root-trust + 1 workload). cloudfox documents that it delegates path enumeration to PMapper: 'Cloudfox will not install or run pmapper for you, but because pmapper stores it's graph data in a predictable location, this CloudFox command will look to see if that data exists, and if it does, it give you a list of all of the principals that pmapper thinks can escalate to admin.' -- https://github.com/BishopFox/cloudfox/wiki/AWS-Commands#pmapper ; quoted and sourced in raw-output/cloudfox/admin-default-2026-08-31/run-metadata.md. Recorded, NOT scored as a miss. cloudfox's own surfaces are graded on the 'cloudfox' rows above."
privesc1-CreateNewPolicyVersion--user,privesc1-CreateNewPolicyVersion,privesc,no,pmapper,admin,default,M,raw-output/pmapper/admin-default-2026-08-31/output/01-graph-create.stderr.txt,validated,"Crash-M per rubric 4.7, tally separately from detection-Ms: 'graph create' terminated on an unhandled botocore ConnectTimeoutError (autoscaling_edges.py catches ClientError only) and no graph was written; all 7 downstream commands failed. No principal was evaluated."
privesc1-CreateNewPolicyVersion--user,privesc1-CreateNewPolicyVersion,privesc,no,pmapper,admin,"flagged (--include-regions, 17 opted-in regions)",D,raw-output/pmapper/admin-flagged-2026-08-31/output/04-query-preset-privesc.txt,inferred,"Admin-verdict form: preset privesc prints 'user/privesc1-CreateNewPolicyVersion-user is an administrative principal'. Names the principal and the resulting privilege but NOT the enabling permission. Graded D because neither lower grade fits its own definition: P requires a permission bound to a principal (absent here) and M requires nothing in the output pointing a reviewer at the principal (false). INFERRED: the claim that PMapper's admin verdict derives from this mechanism is a reading of its output, not of its source. Precedent: analysis/validation/privesc-sre--user.md."
privesc1-CreateNewPolicyVersion--user,privesc1-CreateNewPolicyVersion,privesc,no,cloudfox,admin,default,P,raw-output/cloudfox/admin-default-2026-08-31/cloudfox-outdir/cloudfox-output/aws/personal-000000000000/csv/permissions.csv,validated,"Rubric 3 P / 4.1: permissions.csv binds the enabling permission to this specific principal (1 grant row(s): Allow iam:CreatePolicyVersion) but names no target and does not characterise it as escalation. Search: grep ',privesc1-CreateNewPolicyVersion-user,' csv/permissions.csv."
privesc1-CreateNewPolicyVersion--user,privesc1-CreateNewPolicyVersion,privesc,no,cloudfox-path,admin,default,N/A,raw-output/cloudfox/admin-default-2026-08-31/cloudfox-outdir/cloudfox-output/aws/personal-000000000000/csv/principals.csv,validated,"Rubric 4.9. cloudfox's CanPrivEscToAdmin? column reads 'Skipping, no pmapper data' in every one of its 140 instances this run (94 principals + 44 role-trusts + 1 root-trust + 1 workload). cloudfox documents that it delegates path enumeration to PMapper: 'Cloudfox will not install or run pmapper for you, but because pmapper stores it's graph data in a predictable location, this CloudFox command will look to see if that data exists, and if it does, it give you a list of all of the principals that pmapper thinks can escalate to admin.' -- https://github.com/BishopFox/cloudfox/wiki/AWS-Commands#pmapper ; quoted and sourced in raw-output/cloudfox/admin-default-2026-08-31/run-metadata.md. Recorded, NOT scored as a miss. cloudfox's own surfaces are graded on the 'cloudfox' rows above."
privesc2-SetExistingDefaultPolicyVersion--role,privesc2-SetExistingDefaultPolicyVersion,privesc,yes,pmapper,admin,default,M,raw-output/pmapper/admin-default-2026-08-31/output/01-graph-create.stderr.txt,validated,"Crash-M per rubric 4.7, tally separately from detection-Ms: 'graph create' terminated on an unhandled botocore ConnectTimeoutError (autoscaling_edges.py catches ClientError only) and no graph was written; all 7 downstream commands failed. No principal was evaluated. Validation: analysis/validation/privesc2-SetExistingDefaultPolicyVersion--role.md."
privesc2-SetExistingDefaultPolicyVersion--role,privesc2-SetExistingDefaultPolicyVersion,privesc,yes,pmapper,admin,"flagged (--include-regions, 17 opted-in regions)",M,raw-output/pmapper/admin-flagged-2026-08-31/output/04-query-preset-privesc.txt,validated,Absent from 04-query-preset-privesc.txt and from 06-analysis-text.txt (exact-string search on the principal ARN suffix). Validation: analysis/validation/privesc2-SetExistingDefaultPolicyVersion--role.md.
privesc2-SetExistingDefaultPolicyVersion--role,privesc2-SetExistingDefaultPolicyVersion,privesc,yes,cloudfox,admin,default,P,raw-output/cloudfox/admin-default-2026-08-31/cloudfox-outdir/cloudfox-output/aws/personal-000000000000/csv/permissions.csv,validated,"Rubric 3 P / 4.1: permissions.csv binds the enabling permission to this specific principal (1 grant row(s): Allow iam:SetDefaultPolicyVersion) but names no target and does not characterise it as escalation. Search: grep ',privesc2-SetExistingDefaultPolicyVersion-role,' csv/permissions.csv. Validation: analysis/validation/privesc2-SetExistingDefaultPolicyVersion--role.md."
privesc2-SetExistingDefaultPolicyVersion--role,privesc2-SetExistingDefaultPolicyVersion,privesc,yes,cloudfox-path,admin,default,N/A,raw-output/cloudfox/admin-default-2026-08-31/cloudfox-outdir/cloudfox-output/aws/personal-000000000000/csv/principals.csv,validated,"Rubric 4.9. cloudfox's CanPrivEscToAdmin? column reads 'Skipping, no pmapper data' in every one of its 140 instances this run (94 principals + 44 role-trusts + 1 root-trust + 1 workload). cloudfox documents that it delegates path enumeration to PMapper: 'Cloudfox will not install or run pmapper for you, but because pmapper stores it's graph data in a predictable location, this CloudFox command will look to see if that data exists, and if it does, it give you a list of all of the principals that pmapper thinks can escalate to admin.' -- https://github.com/BishopFox/cloudfox/wiki/AWS-Commands#pmapper ; quoted and sourced in raw-output/cloudfox/admin-default-2026-08-31/run-metadata.md. Recorded, NOT scored as a miss. cloudfox's own surfaces are graded on the 'cloudfox' rows above."
privesc2-SetExistingDefaultPolicyVersion--user,privesc2-SetExistingDefaultPolicyVersion,privesc,yes,pmapper,admin,default,M,raw-output/pmapper/admin-default-2026-08-31/output/01-graph-create.stderr.txt,validated,"Crash-M per rubric 4.7, tally separately from detection-Ms: 'graph create' terminated on an unhandled botocore ConnectTimeoutError (autoscaling_edges.py catches ClientError only) and no graph was written; all 7 downstream commands failed. No principal was evaluated. Validation: analysis/validation/privesc2-SetExistingDefaultPolicyVersion--role.md."
privesc2-SetExistingDefaultPolicyVersion--user,privesc2-SetExistingDefaultPolicyVersion,privesc,yes,pmapper,admin,"flagged (--include-regions, 17 opted-in regions)",M,raw-output/pmapper/admin-flagged-2026-08-31/output/04-query-preset-privesc.txt,validated,Absent from 04-query-preset-privesc.txt and from 06-analysis-text.txt (exact-string search on the principal ARN suffix). Validation: analysis/validation/privesc2-SetExistingDefaultPolicyVersion--role.md.
privesc2-SetExistingDefaultPolicyVersion--user,privesc2-SetExistingDefaultPolicyVersion,privesc,yes,cloudfox,admin,default,P,raw-output/cloudfox/admin-default-2026-08-31/cloudfox-outdir/cloudfox-output/aws/personal-000000000000/csv/permissions.csv,validated,"Rubric 3 P / 4.1: permissions.csv binds the enabling permission to this specific principal (1 grant row(s): Allow iam:SetDefaultPolicyVersion) but names no target and does not characterise it as escalation. Search: grep ',privesc2-SetExistingDefaultPolicyVersion-user,' csv/permissions.csv. Validation: analysis/validation/privesc2-SetExistingDefaultPolicyVersion--role.md."
privesc2-SetExistingDefaultPolicyVersion--user,privesc2-SetExistingDefaultPolicyVersion,privesc,yes,cloudfox-path,admin,default,N/A,raw-output/cloudfox/admin-default-2026-08-31/cloudfox-outdir/cloudfox-output/aws/personal-000000000000/csv/principals.csv,validated,"Rubric 4.9. cloudfox's CanPrivEscToAdmin? column reads 'Skipping, no pmapper data' in every one of its 140 instances this run (94 principals + 44 role-trusts + 1 root-trust + 1 workload). cloudfox documents that it delegates path enumeration to PMapper: 'Cloudfox will not install or run pmapper for you, but because pmapper stores it's graph data in a predictable location, this CloudFox command will look to see if that data exists, and if it does, it give you a list of all of the principals that pmapper thinks can escalate to admin.' -- https://github.com/BishopFox/cloudfox/wiki/AWS-Commands#pmapper ; quoted and sourced in raw-output/cloudfox/admin-default-2026-08-31/run-metadata.md. Recorded, NOT scored as a miss. cloudfox's own surfaces are graded on the 'cloudfox' rows above."
privesc3-CreateEC2WithExistingInstanceProfile--role,privesc3-CreateEC2WithExistingInstanceProfile,privesc,no,pmapper,admin,default,M,raw-output/pmapper/admin-default-2026-08-31/output/01-graph-create.stderr.txt,validated,"Crash-M per rubric 4.7, tally separately from detection-Ms: 'graph create' terminated on an unhandled botocore ConnectTimeoutError (autoscaling_edges.py catches ClientError only) and no graph was written; all 7 downstream commands failed. No principal was evaluated."
privesc3-CreateEC2WithExistingInstanceProfile--role,privesc3-CreateEC2WithExistingInstanceProfile,privesc,no,pmapper,admin,"flagged (--include-regions, 17 opted-in regions)",D,raw-output/pmapper/admin-flagged-2026-08-31/output/04-query-preset-privesc.txt,validated,"preset privesc names principal, mechanism and administrative target: ""role/privesc3-CreateEC2WithExistingInstanceProfile-role can use EC2 to run an instance with an existing instance profile to access role/privesc-high-priv-service-role""."
privesc3-CreateEC2WithExistingInstanceProfile--role,privesc3-CreateEC2WithExistingInstanceProfile,privesc,no,cloudfox,admin,default,P,raw-output/cloudfox/admin-default-2026-08-31/cloudfox-outdir/cloudfox-output/aws/personal-000000000000/csv/permissions.csv,validated,"Rubric 3 P / 4.1: permissions.csv binds the enabling permission to this specific principal (5 grant row(s): Allow iam:PassRole; Allow ec2:DescribeInstances; Allow ec2:RunInstances; Allow ec2:CreateKeyPair ...) but names no target and does not characterise it as escalation. Search: grep ',privesc3-CreateEC2WithExistingInstanceProfile-role,' csv/permissions.csv. iam-simulator additionally reports: can iam:PassRole on *."
privesc3-CreateEC2WithExistingInstanceProfile--role,privesc3-CreateEC2WithExistingInstanceProfile,privesc,no,cloudfox-path,admin,default,N/A,raw-output/cloudfox/admin-default-2026-08-31/cloudfox-outdir/cloudfox-output/aws/personal-000000000000/csv/principals.csv,validated,"Rubric 4.9. cloudfox's CanPrivEscToAdmin? column reads 'Skipping, no pmapper data' in every one of its 140 instances this run (94 principals + 44 role-trusts + 1 root-trust + 1 workload). cloudfox documents that it delegates path enumeration to PMapper: 'Cloudfox will not install or run pmapper for you, but because pmapper stores it's graph data in a predictable location, this CloudFox command will look to see if that data exists, and if it does, it give you a list of all of the principals that pmapper thinks can escalate to admin.' -- https://github.com/BishopFox/cloudfox/wiki/AWS-Commands#pmapper ; quoted and sourced in raw-output/cloudfox/admin-default-2026-08-31/run-metadata.md. Recorded, NOT scored as a miss. cloudfox's own surfaces are graded on the 'cloudfox' rows above."
privesc3-CreateEC2WithExistingInstanceProfile--user,privesc3-CreateEC2WithExistingInstanceProfile,privesc,no,pmapper,admin,default,M,raw-output/pmapper/admin-default-2026-08-31/output/01-graph-create.stderr.txt,validated,"Crash-M per rubric 4.7, tally separately from detection-Ms: 'graph create' terminated on an unhandled botocore ConnectTimeoutError (autoscaling_edges.py catches ClientError only) and no graph was written; all 7 downstream commands failed. No principal was evaluated."
privesc3-CreateEC2WithExistingInstanceProfile--user,privesc3-CreateEC2WithExistingInstanceProfile,privesc,no,pmapper,admin,"flagged (--include-regions, 17 opted-in regions)",D,raw-output/pmapper/admin-flagged-2026-08-31/output/04-query-preset-privesc.txt,validated,"preset privesc names principal, mechanism and administrative target: ""user/privesc3-CreateEC2WithExistingInstanceProfile-user can use EC2 to run an instance with an existing instance profile to access role/privesc-high-priv-service-role""."
privesc3-CreateEC2WithExistingInstanceProfile--user,privesc3-CreateEC2WithExistingInstanceProfile,privesc,no,cloudfox,admin,default,P,raw-output/cloudfox/admin-default-2026-08-31/cloudfox-outdir/cloudfox-output/aws/personal-000000000000/csv/permissions.csv,validated,"Rubric 3 P / 4.1: permissions.csv binds the enabling permission to this specific principal (5 grant row(s): Allow iam:PassRole; Allow ec2:DescribeInstances; Allow ec2:RunInstances; Allow ec2:CreateKeyPair ...) but names no target and does not characterise it as escalation. Search: grep ',privesc3-CreateEC2WithExistingInstanceProfile-user,' csv/permissions.csv. iam-simulator additionally reports: can iam:PassRole on *."
privesc3-CreateEC2WithExistingInstanceProfile--user,privesc3-CreateEC2WithExistingInstanceProfile,privesc,no,cloudfox-path,admin,default,N/A,raw-output/cloudfox/admin-default-2026-08-31/cloudfox-outdir/cloudfox-output/aws/personal-000000000000/csv/principals.csv,validated,"Rubric 4.9. cloudfox's CanPrivEscToAdmin? column reads 'Skipping, no pmapper data' in every one of its 140 instances this run (94 principals + 44 role-trusts + 1 root-trust + 1 workload). cloudfox documents that it delegates path enumeration to PMapper: 'Cloudfox will not install or run pmapper for you, but because pmapper stores it's graph data in a predictable location, this CloudFox command will look to see if that data exists, and if it does, it give you a list of all of the principals that pmapper thinks can escalate to admin.' -- https://github.com/BishopFox/cloudfox/wiki/AWS-Commands#pmapper ; quoted and sourced in raw-output/cloudfox/admin-default-2026-08-31/run-metadata.md. Recorded, NOT scored as a miss. cloudfox's own surfaces are graded on the 'cloudfox' rows above."
privesc4-CreateAccessKey--role,privesc4-CreateAccessKey,privesc,no,pmapper,admin,default,M,raw-output/pmapper/admin-default-2026-08-31/output/01-graph-create.stderr.txt,validated,"Crash-M per rubric 4.7, tally separately from detection-Ms: 'graph create' terminated on an unhandled botocore ConnectTimeoutError (autoscaling_edges.py catches ClientError only) and no graph was written; all 7 downstream commands failed. No principal was evaluated. Validation: analysis/validation/privesc4-CreateAccessKey--role.md."
privesc4-CreateAccessKey--role,privesc4-CreateAccessKey,privesc,no,pmapper,admin,"flagged (--include-regions, 17 opted-in regions)",D,raw-output/pmapper/admin-flagged-2026-08-31/output/04-query-preset-privesc.txt,validated,"preset privesc names principal, mechanism and administrative target: ""role/privesc4-CreateAccessKey-role can create access keys to authenticate as user/fn2-exploitableResourceConstraint-user""."
privesc4-CreateAccessKey--role,privesc4-CreateAccessKey,privesc,no,cloudfox,admin,default,P,raw-output/cloudfox/admin-default-2026-08-31/cloudfox-outdir/cloudfox-output/aws/personal-000000000000/csv/permissions.csv,validated,"Rubric 3 P / 4.1: permissions.csv binds the enabling permission to this specific principal (1 grant row(s): Allow iam:CreateAccessKey) but names no target and does not characterise it as escalation. Search: grep ',privesc4-CreateAccessKey-role,' csv/permissions.csv. Validation: analysis/validation/privesc4-CreateAccessKey--role.md."
privesc4-CreateAccessKey--role,privesc4-CreateAccessKey,privesc,no,cloudfox-path,admin,default,N/A,raw-output/cloudfox/admin-default-2026-08-31/cloudfox-outdir/cloudfox-output/aws/personal-000000000000/csv/principals.csv,validated,"Rubric 4.9. cloudfox's CanPrivEscToAdmin? column reads 'Skipping, no pmapper data' in every one of its 140 instances this run (94 principals + 44 role-trusts + 1 root-trust + 1 workload). cloudfox documents that it delegates path enumeration to PMapper: 'Cloudfox will not install or run pmapper for you, but because pmapper stores it's graph data in a predictable location, this CloudFox command will look to see if that data exists, and if it does, it give you a list of all of the principals that pmapper thinks can escalate to admin.' -- https://github.com/BishopFox/cloudfox/wiki/AWS-Commands#pmapper ; quoted and sourced in raw-output/cloudfox/admin-default-2026-08-31/run-metadata.md. Recorded, NOT scored as a miss. cloudfox's own surfaces are graded on the 'cloudfox' rows above."
privesc4-CreateAccessKey--user,privesc4-CreateAccessKey,privesc,no,pmapper,admin,default,M,raw-output/pmapper/admin-default-2026-08-31/output/01-graph-create.stderr.txt,validated,"Crash-M per rubric 4.7, tally separately from detection-Ms: 'graph create' terminated on an unhandled botocore ConnectTimeoutError (autoscaling_edges.py catches ClientError only) and no graph was written; all 7 downstream commands failed. No principal was evaluated."
privesc4-CreateAccessKey--user,privesc4-CreateAccessKey,privesc,no,pmapper,admin,"flagged (--include-regions, 17 opted-in regions)",D,raw-output/pmapper/admin-flagged-2026-08-31/output/04-query-preset-privesc.txt,validated,"preset privesc names principal, mechanism and administrative target: ""user/privesc4-CreateAccessKey-user can create access keys to authenticate as user/fn2-exploitableResourceConstraint-user""."
privesc4-CreateAccessKey--user,privesc4-CreateAccessKey,privesc,no,cloudfox,admin,default,P,raw-output/cloudfox/admin-default-2026-08-31/cloudfox-outdir/cloudfox-output/aws/personal-000000000000/csv/permissions.csv,validated,"Rubric 3 P / 4.1: permissions.csv binds the enabling permission to this specific principal (1 grant row(s): Allow iam:CreateAccessKey) but names no target and does not characterise it as escalation. Search: grep ',privesc4-CreateAccessKey-user,' csv/permissions.csv."
privesc4-CreateAccessKey--user,privesc4-CreateAccessKey,privesc,no,cloudfox-path,admin,default,N/A,raw-output/cloudfox/admin-default-2026-08-31/cloudfox-outdir/cloudfox-output/aws/personal-000000000000/csv/principals.csv,validated,"Rubric 4.9. cloudfox's CanPrivEscToAdmin? column reads 'Skipping, no pmapper data' in every one of its 140 instances this run (94 principals + 44 role-trusts + 1 root-trust + 1 workload). cloudfox documents that it delegates path enumeration to PMapper: 'Cloudfox will not install or run pmapper for you, but because pmapper stores it's graph data in a predictable location, this CloudFox command will look to see if that data exists, and if it does, it give you a list of all of the principals that pmapper thinks can escalate to admin.' -- https://github.com/BishopFox/cloudfox/wiki/AWS-Commands#pmapper ; quoted and sourced in raw-output/cloudfox/admin-default-2026-08-31/run-metadata.md. Recorded, NOT scored as a miss. cloudfox's own surfaces are graded on the 'cloudfox' rows above."
privesc5-CreateLoginProfile--role,privesc5-CreateLoginProfile,privesc,no,pmapper,admin,default,M,raw-output/pmapper/admin-default-2026-08-31/output/01-graph-create.stderr.txt,validated,"Crash-M per rubric 4.7, tally separately from detection-Ms: 'graph create' terminated on an unhandled botocore ConnectTimeoutError (autoscaling_edges.py catches ClientError only) and no graph was written; all 7 downstream commands failed. No principal was evaluated."
privesc5-CreateLoginProfile--role,privesc5-CreateLoginProfile,privesc,no,pmapper,admin,"flagged (--include-regions, 17 opted-in regions)",D,raw-output/pmapper/admin-flagged-2026-08-31/output/04-query-preset-privesc.txt,validated,"preset privesc names principal, mechanism and administrative target: ""role/privesc5-CreateLoginProfile-role can set the password to authenticate as user/fn2-exploitableResourceConstraint-user""."
privesc5-CreateLoginProfile--role,privesc5-CreateLoginProfile,privesc,no,cloudfox,admin,default,P,raw-output/cloudfox/admin-default-2026-08-31/cloudfox-outdir/cloudfox-output/aws/personal-000000000000/csv/permissions.csv,validated,"Rubric 3 P / 4.1: permissions.csv binds the enabling permission to this specific principal (1 grant row(s): Allow iam:CreateLoginProfile) but names no target and does not characterise it as escalation. Search: grep ',privesc5-CreateLoginProfile-role,' csv/permissions.csv."
privesc5-CreateLoginProfile--role,privesc5-CreateLoginProfile,privesc,no,cloudfox-path,admin,default,N/A,raw-output/cloudfox/admin-default-2026-08-31/cloudfox-outdir/cloudfox-output/aws/personal-000000000000/csv/principals.csv,validated,"Rubric 4.9. cloudfox's CanPrivEscToAdmin? column reads 'Skipping, no pmapper data' in every one of its 140 instances this run (94 principals + 44 role-trusts + 1 root-trust + 1 workload). cloudfox documents that it delegates path enumeration to PMapper: 'Cloudfox will not install or run pmapper for you, but because pmapper stores it's graph data in a predictable location, this CloudFox command will look to see if that data exists, and if it does, it give you a list of all of the principals that pmapper thinks can escalate to admin.' -- https://github.com/BishopFox/cloudfox/wiki/AWS-Commands#pmapper ; quoted and sourced in raw-output/cloudfox/admin-default-2026-08-31/run-metadata.md. Recorded, NOT scored as a miss. cloudfox's own surfaces are graded on the 'cloudfox' rows above."
privesc5-CreateLoginProfile--user,privesc5-CreateLoginProfile,privesc,no,pmapper,admin,default,M,raw-output/pmapper/admin-default-2026-08-31/output/01-graph-create.stderr.txt,validated,"Crash-M per rubric 4.7, tally separately from detection-Ms: 'graph create' terminated on an unhandled botocore ConnectTimeoutError (autoscaling_edges.py catches ClientError only) and no graph was written; all 7 downstream commands failed. No principal was evaluated."
privesc5-CreateLoginProfile--user,privesc5-CreateLoginProfile,privesc,no,pmapper,admin,"flagged (--include-regions, 17 opted-in regions)",D,raw-output/pmapper/admin-flagged-2026-08-31/output/04-query-preset-privesc.txt,validated,"preset privesc names principal, mechanism and administrative target: ""user/privesc5-CreateLoginProfile-user can set the password to authenticate as user/fn2-exploitableResourceConstraint-user""."
privesc5-CreateLoginProfile--user,privesc5-CreateLoginProfile,privesc,no,cloudfox,admin,default,P,raw-output/cloudfox/admin-default-2026-08-31/cloudfox-outdir/cloudfox-output/aws/personal-000000000000/csv/permissions.csv,validated,"Rubric 3 P / 4.1: permissions.csv binds the enabling permission to this specific principal (1 grant row(s): Allow iam:CreateLoginProfile) but names no target and does not characterise it as escalation. Search: grep ',privesc5-CreateLoginProfile-user,' csv/permissions.csv."
privesc5-CreateLoginProfile--user,privesc5-CreateLoginProfile,privesc,no,cloudfox-path,admin,default,N/A,raw-output/cloudfox/admin-default-2026-08-31/cloudfox-outdir/cloudfox-output/aws/personal-000000000000/csv/principals.csv,validated,"Rubric 4.9. cloudfox's CanPrivEscToAdmin? column reads 'Skipping, no pmapper data' in every one of its 140 instances this run (94 principals + 44 role-trusts + 1 root-trust + 1 workload). cloudfox documents that it delegates path enumeration to PMapper: 'Cloudfox will not install or run pmapper for you, but because pmapper stores it's graph data in a predictable location, this CloudFox command will look to see if that data exists, and if it does, it give you a list of all of the principals that pmapper thinks can escalate to admin.' -- https://github.com/BishopFox/cloudfox/wiki/AWS-Commands#pmapper ; quoted and sourced in raw-output/cloudfox/admin-default-2026-08-31/run-metadata.md. Recorded, NOT scored as a miss. cloudfox's own surfaces are graded on the 'cloudfox' rows above."
privesc6-UpdateLoginProfile--role,privesc6-UpdateLoginProfile,privesc,no,pmapper,admin,default,M,raw-output/pmapper/admin-default-2026-08-31/output/01-graph-create.stderr.txt,validated,"Crash-M per rubric 4.7, tally separately from detection-Ms: 'graph create' terminated on an unhandled botocore ConnectTimeoutError (autoscaling_edges.py catches ClientError only) and no graph was written; all 7 downstream commands failed. No principal was evaluated."
privesc6-UpdateLoginProfile--role,privesc6-UpdateLoginProfile,privesc,no,pmapper,admin,"flagged (--include-regions, 17 opted-in regions)",D,raw-output/pmapper/admin-flagged-2026-08-31/output/04-query-preset-privesc.txt,validated,"preset privesc names principal, mechanism and administrative target: ""role/privesc6-UpdateLoginProfile-role can set the password to authenticate as user/iamadmin""."
privesc6-UpdateLoginProfile--role,privesc6-UpdateLoginProfile,privesc,no,cloudfox,admin,default,P,raw-output/cloudfox/admin-default-2026-08-31/cloudfox-outdir/cloudfox-output/aws/personal-000000000000/csv/permissions.csv,validated,"Rubric 3 P / 4.1: permissions.csv binds the enabling permission to this specific principal (1 grant row(s): Allow iam:UpdateLoginProfile) but names no target and does not characterise it as escalation. Search: grep ',privesc6-UpdateLoginProfile-role,' csv/permissions.csv."
privesc6-UpdateLoginProfile--role,privesc6-UpdateLoginProfile,privesc,no,cloudfox-path,admin,default,N/A,raw-output/cloudfox/admin-default-2026-08-31/cloudfox-outdir/cloudfox-output/aws/personal-000000000000/csv/principals.csv,validated,"Rubric 4.9. cloudfox's CanPrivEscToAdmin? column reads 'Skipping, no pmapper data' in every one of its 140 instances this run (94 principals + 44 role-trusts + 1 root-trust + 1 workload). cloudfox documents that it delegates path enumeration to PMapper: 'Cloudfox will not install or run pmapper for you, but because pmapper stores it's graph data in a predictable location, this CloudFox command will look to see if that data exists, and if it does, it give you a list of all of the principals that pmapper thinks can escalate to admin.' -- https://github.com/BishopFox/cloudfox/wiki/AWS-Commands#pmapper ; quoted and sourced in raw-output/cloudfox/admin-default-2026-08-31/run-metadata.md. Recorded, NOT scored as a miss. cloudfox's own surfaces are graded on the 'cloudfox' rows above."
privesc6-UpdateLoginProfile--user,privesc6-UpdateLoginProfile,privesc,no,pmapper,admin,default,M,raw-output/pmapper/admin-default-2026-08-31/output/01-graph-create.stderr.txt,validated,"Crash-M per rubric 4.7, tally separately from detection-Ms: 'graph create' terminated on an unhandled botocore ConnectTimeoutError (autoscaling_edges.py catches ClientError only) and no graph was written; all 7 downstream commands failed. No principal was evaluated."
privesc6-UpdateLoginProfile--user,privesc6-UpdateLoginProfile,privesc,no,pmapper,admin,"flagged (--include-regions, 17 opted-in regions)",D,raw-output/pmapper/admin-flagged-2026-08-31/output/04-query-preset-privesc.txt,validated,"preset privesc names principal, mechanism and administrative target: ""user/privesc6-UpdateLoginProfile-user can set the password to authenticate as user/iamadmin""."
privesc6-UpdateLoginProfile--user,privesc6-UpdateLoginProfile,privesc,no,cloudfox,admin,default,M,raw-output/cloudfox/admin-default-2026-08-31/cloudfox-logs/cloudfox-error.log,validated,"Crash-M per rubric 4.7 (tally separately): cloudfox's iam-simulator module gave up on this principal after 3 retries of 'IAM: SimulatePrincipalPolicy ... Throttling: Rate exceeded' (Failed to query actions). The failure is invisible in the output surface: the principal still prints with IsAdminRole?=No, indistinguishable from a negative result. Without rubric 4.7 this cell would be P: permissions.csv does bind the enabling permission to the principal. Rubric 4.6 also points down."
privesc6-UpdateLoginProfile--user,privesc6-UpdateLoginProfile,privesc,no,cloudfox-path,admin,default,N/A,raw-output/cloudfox/admin-default-2026-08-31/cloudfox-outdir/cloudfox-output/aws/personal-000000000000/csv/principals.csv,validated,"Rubric 4.9. cloudfox's CanPrivEscToAdmin? column reads 'Skipping, no pmapper data' in every one of its 140 instances this run (94 principals + 44 role-trusts + 1 root-trust + 1 workload). cloudfox documents that it delegates path enumeration to PMapper: 'Cloudfox will not install or run pmapper for you, but because pmapper stores it's graph data in a predictable location, this CloudFox command will look to see if that data exists, and if it does, it give you a list of all of the principals that pmapper thinks can escalate to admin.' -- https://github.com/BishopFox/cloudfox/wiki/AWS-Commands#pmapper ; quoted and sourced in raw-output/cloudfox/admin-default-2026-08-31/run-metadata.md. Recorded, NOT scored as a miss. cloudfox's own surfaces are graded on the 'cloudfox' rows above."
privesc7-AttachUserPolicy--role,privesc7-AttachUserPolicy,non-path,no,pmapper,admin,default,M,raw-output/pmapper/admin-default-2026-08-31/output/01-graph-create.stderr.txt,validated,"Crash-M per rubric 4.7. NOT CS: the rubric 9 amendment of 2026-08-31 requires a tool to have RUN AND PRODUCED OUTPUT to earn Correctly Silent, and this run produced none - 'graph create' died on an unhandled ConnectTimeoutError. Silence from a tool that never ran is vacuous, not correct behaviour. Counted in the crash-M tally, not in any CS total. Validation: analysis/validation/privesc7-AttachUserPolicy--role.md."
privesc7-AttachUserPolicy--role,privesc7-AttachUserPolicy,non-path,no,pmapper,admin,"flagged (--include-regions, 17 opted-in regions)",CS,raw-output/pmapper/admin-flagged-2026-08-31/output/04-query-preset-privesc.txt,validated,"Correctly Silent (rubric 9, 2026-08-31): absent from the privesc preset and from 'analysis'. This row has no escalation path to detect, so the D/P/M ladder does not apply; CS and FP are the only available outcomes and no escalation claim was emitted. Validation: analysis/validation/privesc7-AttachUserPolicy--role.md."
privesc7-AttachUserPolicy--role,privesc7-AttachUserPolicy,non-path,no,cloudfox,admin,default,CS,raw-output/cloudfox/admin-default-2026-08-31/cloudfox-outdir/cloudfox-output/aws/personal-000000000000/csv/permissions.csv,validated,"Correctly Silent (rubric 9, 2026-08-31). permissions.csv inventories the fixture's grants verbatim (Allow and Deny rows both present, resource and condition columns rendered) but makes no escalation claim, so no FP. NOTE: cloudfox's Condition column is a bare Yes/No and does not render the condition body, so the exploitable fn3 and the non-exploitable fp5 print identically as 'Allow iam:CreatePolicyVersion on * / Condition=Yes'. INFERRED: the tool emitted no escalation claim (read directly), but this fixture has no analysis/validation/ file, so the claim that silence is CORRECT here rests on scenarios.md, not on a manual check. Validation: analysis/validation/privesc7-AttachUserPolicy--role.md."
privesc7-AttachUserPolicy--role,privesc7-AttachUserPolicy,non-path,no,cloudfox-path,admin,default,N/A,raw-output/cloudfox/admin-default-2026-08-31/cloudfox-outdir/cloudfox-output/aws/personal-000000000000/csv/principals.csv,validated,"Rubric 4.9. cloudfox's CanPrivEscToAdmin? column reads 'Skipping, no pmapper data' in every one of its 140 instances this run (94 principals + 44 role-trusts + 1 root-trust + 1 workload). cloudfox documents that it delegates path enumeration to PMapper: 'Cloudfox will not install or run pmapper for you, but because pmapper stores it's graph data in a predictable location, this CloudFox command will look to see if that data exists, and if it does, it give you a list of all of the principals that pmapper thinks can escalate to admin.' -- https://github.com/BishopFox/cloudfox/wiki/AWS-Commands#pmapper ; quoted and sourced in raw-output/cloudfox/admin-default-2026-08-31/run-metadata.md. Recorded, NOT scored as a miss. cloudfox's own surfaces are graded on the 'cloudfox' rows above."
privesc7-AttachUserPolicy--user,privesc7-AttachUserPolicy,privesc,no,pmapper,admin,default,M,raw-output/pmapper/admin-default-2026-08-31/output/01-graph-create.stderr.txt,validated,"Crash-M per rubric 4.7, tally separately from detection-Ms: 'graph create' terminated on an unhandled botocore ConnectTimeoutError (autoscaling_edges.py catches ClientError only) and no graph was written; all 7 downstream commands failed. No principal was evaluated."
privesc7-AttachUserPolicy--user,privesc7-AttachUserPolicy,privesc,no,pmapper,admin,"flagged (--include-regions, 17 opted-in regions)",D,raw-output/pmapper/admin-flagged-2026-08-31/output/04-query-preset-privesc.txt,inferred,"Admin-verdict form: preset privesc prints 'user/privesc7-AttachUserPolicy-user is an administrative principal'. Names the principal and the resulting privilege but NOT the enabling permission. Graded D because neither lower grade fits its own definition: P requires a permission bound to a principal (absent here) and M requires nothing in the output pointing a reviewer at the principal (false). INFERRED: the claim that PMapper's admin verdict derives from this mechanism is a reading of its output, not of its source. Precedent: analysis/validation/privesc-sre--user.md."
privesc7-AttachUserPolicy--user,privesc7-AttachUserPolicy,privesc,no,cloudfox,admin,default,P,raw-output/cloudfox/admin-default-2026-08-31/cloudfox-outdir/cloudfox-output/aws/personal-000000000000/csv/permissions.csv,validated,"Rubric 3 P / 4.1: permissions.csv binds the enabling permission to this specific principal (1 grant row(s): Allow iam:AttachUserPolicy) but names no target and does not characterise it as escalation. Search: grep ',privesc7-AttachUserPolicy-user,' csv/permissions.csv."
privesc7-AttachUserPolicy--user,privesc7-AttachUserPolicy,privesc,no,cloudfox-path,admin,default,N/A,raw-output/cloudfox/admin-default-2026-08-31/cloudfox-outdir/cloudfox-output/aws/personal-000000000000/csv/principals.csv,validated,"Rubric 4.9. cloudfox's CanPrivEscToAdmin? column reads 'Skipping, no pmapper data' in every one of its 140 instances this run (94 principals + 44 role-trusts + 1 root-trust + 1 workload). cloudfox documents that it delegates path enumeration to PMapper: 'Cloudfox will not install or run pmapper for you, but because pmapper stores it's graph data in a predictable location, this CloudFox command will look to see if that data exists, and if it does, it give you a list of all of the principals that pmapper thinks can escalate to admin.' -- https://github.com/BishopFox/cloudfox/wiki/AWS-Commands#pmapper ; quoted and sourced in raw-output/cloudfox/admin-default-2026-08-31/run-metadata.md. Recorded, NOT scored as a miss. cloudfox's own surfaces are graded on the 'cloudfox' rows above."
privesc8-AttachGroupPolicy--role,privesc8-AttachGroupPolicy,non-path,no,pmapper,admin,default,M,raw-output/pmapper/admin-default-2026-08-31/output/01-graph-create.stderr.txt,validated,"Crash-M per rubric 4.7. NOT CS: the rubric 9 amendment of 2026-08-31 requires a tool to have RUN AND PRODUCED OUTPUT to earn Correctly Silent, and this run produced none - 'graph create' died on an unhandled ConnectTimeoutError. Silence from a tool that never ran is vacuous, not correct behaviour. Counted in the crash-M tally, not in any CS total. Validation: analysis/validation/privesc8-AttachGroupPolicy--role.md."
privesc8-AttachGroupPolicy--role,privesc8-AttachGroupPolicy,non-path,no,pmapper,admin,"flagged (--include-regions, 17 opted-in regions)",CS,raw-output/pmapper/admin-flagged-2026-08-31/output/04-query-preset-privesc.txt,validated,"Correctly Silent (rubric 9, 2026-08-31): absent from the privesc preset and from 'analysis'. This row has no escalation path to detect, so the D/P/M ladder does not apply; CS and FP are the only available outcomes and no escalation claim was emitted. Validation: analysis/validation/privesc8-AttachGroupPolicy--role.md."
privesc8-AttachGroupPolicy--role,privesc8-AttachGroupPolicy,non-path,no,cloudfox,admin,default,CS,raw-output/cloudfox/admin-default-2026-08-31/cloudfox-outdir/cloudfox-output/aws/personal-000000000000/csv/permissions.csv,validated,"Correctly Silent (rubric 9, 2026-08-31). permissions.csv inventories the fixture's grants verbatim (Allow and Deny rows both present, resource and condition columns rendered) but makes no escalation claim, so no FP. NOTE: cloudfox's Condition column is a bare Yes/No and does not render the condition body, so the exploitable fn3 and the non-exploitable fp5 print identically as 'Allow iam:CreatePolicyVersion on * / Condition=Yes'. INFERRED: the tool emitted no escalation claim (read directly), but this fixture has no analysis/validation/ file, so the claim that silence is CORRECT here rests on scenarios.md, not on a manual check. Validation: analysis/validation/privesc8-AttachGroupPolicy--role.md."
privesc8-AttachGroupPolicy--role,privesc8-AttachGroupPolicy,non-path,no,cloudfox-path,admin,default,N/A,raw-output/cloudfox/admin-default-2026-08-31/cloudfox-outdir/cloudfox-output/aws/personal-000000000000/csv/principals.csv,validated,"Rubric 4.9. cloudfox's CanPrivEscToAdmin? column reads 'Skipping, no pmapper data' in every one of its 140 instances this run (94 principals + 44 role-trusts + 1 root-trust + 1 workload). cloudfox documents that it delegates path enumeration to PMapper: 'Cloudfox will not install or run pmapper for you, but because pmapper stores it's graph data in a predictable location, this CloudFox command will look to see if that data exists, and if it does, it give you a list of all of the principals that pmapper thinks can escalate to admin.' -- https://github.com/BishopFox/cloudfox/wiki/AWS-Commands#pmapper ; quoted and sourced in raw-output/cloudfox/admin-default-2026-08-31/run-metadata.md. Recorded, NOT scored as a miss. cloudfox's own surfaces are graded on the 'cloudfox' rows above."
privesc8-AttachGroupPolicy--user,privesc8-AttachGroupPolicy,privesc,no,pmapper,admin,default,M,raw-output/pmapper/admin-default-2026-08-31/output/01-graph-create.stderr.txt,validated,"Crash-M per rubric 4.7, tally separately from detection-Ms: 'graph create' terminated on an unhandled botocore ConnectTimeoutError (autoscaling_edges.py catches ClientError only) and no graph was written; all 7 downstream commands failed. No principal was evaluated."
privesc8-AttachGroupPolicy--user,privesc8-AttachGroupPolicy,privesc,no,pmapper,admin,"flagged (--include-regions, 17 opted-in regions)",D,raw-output/pmapper/admin-flagged-2026-08-31/output/04-query-preset-privesc.txt,inferred,"Admin-verdict form: preset privesc prints 'user/privesc8-AttachGroupPolicy-user is an administrative principal'. Names the principal and the resulting privilege but NOT the enabling permission. Graded D because neither lower grade fits its own definition: P requires a permission bound to a principal (absent here) and M requires nothing in the output pointing a reviewer at the principal (false). INFERRED: the claim that PMapper's admin verdict derives from this mechanism is a reading of its output, not of its source. Precedent: analysis/validation/privesc-sre--user.md."
privesc8-AttachGroupPolicy--user,privesc8-AttachGroupPolicy,privesc,no,cloudfox,admin,default,P,raw-output/cloudfox/admin-default-2026-08-31/cloudfox-outdir/cloudfox-output/aws/personal-000000000000/csv/permissions.csv,validated,"Rubric 3 P / 4.1: permissions.csv binds the enabling permission to this specific principal (1 grant row(s): Allow iam:AttachGroupPolicy) but names no target and does not characterise it as escalation. Search: grep ',privesc8-AttachGroupPolicy-user,' csv/permissions.csv."
privesc8-AttachGroupPolicy--user,privesc8-AttachGroupPolicy,privesc,no,cloudfox-path,admin,default,N/A,raw-output/cloudfox/admin-default-2026-08-31/cloudfox-outdir/cloudfox-output/aws/personal-000000000000/csv/principals.csv,validated,"Rubric 4.9. cloudfox's CanPrivEscToAdmin? column reads 'Skipping, no pmapper data' in every one of its 140 instances this run (94 principals + 44 role-trusts + 1 root-trust + 1 workload). cloudfox documents that it delegates path enumeration to PMapper: 'Cloudfox will not install or run pmapper for you, but because pmapper stores it's graph data in a predictable location, this CloudFox command will look to see if that data exists, and if it does, it give you a list of all of the principals that pmapper thinks can escalate to admin.' -- https://github.com/BishopFox/cloudfox/wiki/AWS-Commands#pmapper ; quoted and sourced in raw-output/cloudfox/admin-default-2026-08-31/run-metadata.md. Recorded, NOT scored as a miss. cloudfox's own surfaces are graded on the 'cloudfox' rows above."
privesc9-AttachRolePolicy--role,privesc9-AttachRolePolicy,privesc,no,pmapper,admin,default,M,raw-output/pmapper/admin-default-2026-08-31/output/01-graph-create.stderr.txt,validated,"Crash-M per rubric 4.7, tally separately from detection-Ms: 'graph create' terminated on an unhandled botocore ConnectTimeoutError (autoscaling_edges.py catches ClientError only) and no graph was written; all 7 downstream commands failed. No principal was evaluated."
privesc9-AttachRolePolicy--role,privesc9-AttachRolePolicy,privesc,no,pmapper,admin,"flagged (--include-regions, 17 opted-in regions)",D,raw-output/pmapper/admin-flagged-2026-08-31/output/04-query-preset-privesc.txt,inferred,"Admin-verdict form: preset privesc prints 'role/privesc9-AttachRolePolicy-role is an administrative principal'. Names the principal and the resulting privilege but NOT the enabling permission. Graded D because neither lower grade fits its own definition: P requires a permission bound to a principal (absent here) and M requires nothing in the output pointing a reviewer at the principal (false). INFERRED: the claim that PMapper's admin verdict derives from this mechanism is a reading of its output, not of its source. Precedent: analysis/validation/privesc-sre--user.md."
privesc9-AttachRolePolicy--role,privesc9-AttachRolePolicy,privesc,no,cloudfox,admin,default,P,raw-output/cloudfox/admin-default-2026-08-31/cloudfox-outdir/cloudfox-output/aws/personal-000000000000/csv/permissions.csv,validated,"Rubric 3 P / 4.1: permissions.csv binds the enabling permission to this specific principal (1 grant row(s): Allow iam:AttachRolePolicy) but names no target and does not characterise it as escalation. Search: grep ',privesc9-AttachRolePolicy-role,' csv/permissions.csv."
privesc9-AttachRolePolicy--role,privesc9-AttachRolePolicy,privesc,no,cloudfox-path,admin,default,N/A,raw-output/cloudfox/admin-default-2026-08-31/cloudfox-outdir/cloudfox-output/aws/personal-000000000000/csv/principals.csv,validated,"Rubric 4.9. cloudfox's CanPrivEscToAdmin? column reads 'Skipping, no pmapper data' in every one of its 140 instances this run (94 principals + 44 role-trusts + 1 root-trust + 1 workload). cloudfox documents that it delegates path enumeration to PMapper: 'Cloudfox will not install or run pmapper for you, but because pmapper stores it's graph data in a predictable location, this CloudFox command will look to see if that data exists, and if it does, it give you a list of all of the principals that pmapper thinks can escalate to admin.' -- https://github.com/BishopFox/cloudfox/wiki/AWS-Commands#pmapper ; quoted and sourced in raw-output/cloudfox/admin-default-2026-08-31/run-metadata.md. Recorded, NOT scored as a miss. cloudfox's own surfaces are graded on the 'cloudfox' rows above."
privesc9-AttachRolePolicy--user,privesc9-AttachRolePolicy,non-path,no,pmapper,admin,default,M,raw-output/pmapper/admin-default-2026-08-31/output/01-graph-create.stderr.txt,validated,"Crash-M per rubric 4.7. NOT CS: the rubric 9 amendment of 2026-08-31 requires a tool to have RUN AND PRODUCED OUTPUT to earn Correctly Silent, and this run produced none - 'graph create' died on an unhandled ConnectTimeoutError. Silence from a tool that never ran is vacuous, not correct behaviour. Counted in the crash-M tally, not in any CS total. Validation: analysis/validation/privesc9-AttachRolePolicy--user.md."
privesc9-AttachRolePolicy--user,privesc9-AttachRolePolicy,non-path,no,pmapper,admin,"flagged (--include-regions, 17 opted-in regions)",CS,raw-output/pmapper/admin-flagged-2026-08-31/output/04-query-preset-privesc.txt,validated,"Correctly Silent (rubric 9, 2026-08-31): absent from the privesc preset and from 'analysis'. This row has no escalation path to detect, so the D/P/M ladder does not apply; CS and FP are the only available outcomes and no escalation claim was emitted. Validation: analysis/validation/privesc9-AttachRolePolicy--user.md."
privesc9-AttachRolePolicy--user,privesc9-AttachRolePolicy,non-path,no,cloudfox,admin,default,CS,raw-output/cloudfox/admin-default-2026-08-31/cloudfox-outdir/cloudfox-output/aws/personal-000000000000/csv/permissions.csv,validated,"Correctly Silent (rubric 9, 2026-08-31). permissions.csv inventories the fixture's grants verbatim (Allow and Deny rows both present, resource and condition columns rendered) but makes no escalation claim, so no FP. NOTE: cloudfox's Condition column is a bare Yes/No and does not render the condition body, so the exploitable fn3 and the non-exploitable fp5 print identically as 'Allow iam:CreatePolicyVersion on * / Condition=Yes'. INFERRED: the tool emitted no escalation claim (read directly), but this fixture has no analysis/validation/ file, so the claim that silence is CORRECT here rests on scenarios.md, not on a manual check. Validation: analysis/validation/privesc9-AttachRolePolicy--user.md."
privesc9-AttachRolePolicy--user,privesc9-AttachRolePolicy,non-path,no,cloudfox-path,admin,default,N/A,raw-output/cloudfox/admin-default-2026-08-31/cloudfox-outdir/cloudfox-output/aws/personal-000000000000/csv/principals.csv,validated,"Rubric 4.9. cloudfox's CanPrivEscToAdmin? column reads 'Skipping, no pmapper data' in every one of its 140 instances this run (94 principals + 44 role-trusts + 1 root-trust + 1 workload). cloudfox documents that it delegates path enumeration to PMapper: 'Cloudfox will not install or run pmapper for you, but because pmapper stores it's graph data in a predictable location, this CloudFox command will look to see if that data exists, and if it does, it give you a list of all of the principals that pmapper thinks can escalate to admin.' -- https://github.com/BishopFox/cloudfox/wiki/AWS-Commands#pmapper ; quoted and sourced in raw-output/cloudfox/admin-default-2026-08-31/run-metadata.md. Recorded, NOT scored as a miss. cloudfox's own surfaces are graded on the 'cloudfox' rows above."
privesc10-PutUserPolicy--role,privesc10-PutUserPolicy,non-path,no,pmapper,admin,default,M,raw-output/pmapper/admin-default-2026-08-31/output/01-graph-create.stderr.txt,validated,"Crash-M per rubric 4.7. NOT CS: the rubric 9 amendment of 2026-08-31 requires a tool to have RUN AND PRODUCED OUTPUT to earn Correctly Silent, and this run produced none - 'graph create' died on an unhandled ConnectTimeoutError. Silence from a tool that never ran is vacuous, not correct behaviour. Counted in the crash-M tally, not in any CS total. Validation: analysis/validation/privesc10-PutUserPolicy--role.md."
privesc10-PutUserPolicy--role,privesc10-PutUserPolicy,non-path,no,pmapper,admin,"flagged (--include-regions, 17 opted-in regions)",CS,raw-output/pmapper/admin-flagged-2026-08-31/output/04-query-preset-privesc.txt,validated,"Correctly Silent (rubric 9, 2026-08-31): absent from the privesc preset and from 'analysis'. This row has no escalation path to detect, so the D/P/M ladder does not apply; CS and FP are the only available outcomes and no escalation claim was emitted. Validation: analysis/validation/privesc10-PutUserPolicy--role.md."
privesc10-PutUserPolicy--role,privesc10-PutUserPolicy,non-path,no,cloudfox,admin,default,CS,raw-output/cloudfox/admin-default-2026-08-31/cloudfox-logs/cloudfox-error.log,validated,"Correctly Silent (rubric 9, 2026-08-31): no escalation claim emitted. SEPARATE rubric 4.7 event, which still counts in the maintenance tally: cloudfox's iam-simulator abandoned this principal after 3 retries of 'SimulatePrincipalPolicy ... Throttling: Rate exceeded' (Failed admin check), and the skip is invisible in the output surface. With the row reclassified non-path it no longer costs a detection grade. Validation: analysis/validation/privesc10-PutUserPolicy--role.md."
privesc10-PutUserPolicy--role,privesc10-PutUserPolicy,non-path,no,cloudfox-path,admin,default,N/A,raw-output/cloudfox/admin-default-2026-08-31/cloudfox-outdir/cloudfox-output/aws/personal-000000000000/csv/principals.csv,validated,"Rubric 4.9. cloudfox's CanPrivEscToAdmin? column reads 'Skipping, no pmapper data' in every one of its 140 instances this run (94 principals + 44 role-trusts + 1 root-trust + 1 workload). cloudfox documents that it delegates path enumeration to PMapper: 'Cloudfox will not install or run pmapper for you, but because pmapper stores it's graph data in a predictable location, this CloudFox command will look to see if that data exists, and if it does, it give you a list of all of the principals that pmapper thinks can escalate to admin.' -- https://github.com/BishopFox/cloudfox/wiki/AWS-Commands#pmapper ; quoted and sourced in raw-output/cloudfox/admin-default-2026-08-31/run-metadata.md. Recorded, NOT scored as a miss. cloudfox's own surfaces are graded on the 'cloudfox' rows above."
privesc10-PutUserPolicy--user,privesc10-PutUserPolicy,privesc,no,pmapper,admin,default,M,raw-output/pmapper/admin-default-2026-08-31/output/01-graph-create.stderr.txt,validated,"Crash-M per rubric 4.7, tally separately from detection-Ms: 'graph create' terminated on an unhandled botocore ConnectTimeoutError (autoscaling_edges.py catches ClientError only) and no graph was written; all 7 downstream commands failed. No principal was evaluated."
privesc10-PutUserPolicy--user,privesc10-PutUserPolicy,privesc,no,pmapper,admin,"flagged (--include-regions, 17 opted-in regions)",D,raw-output/pmapper/admin-flagged-2026-08-31/output/04-query-preset-privesc.txt,inferred,"Admin-verdict form: preset privesc prints 'user/privesc10-PutUserPolicy-user is an administrative principal'. Names the principal and the resulting privilege but NOT the enabling permission. Graded D because neither lower grade fits its own definition: P requires a permission bound to a principal (absent here) and M requires nothing in the output pointing a reviewer at the principal (false). INFERRED: the claim that PMapper's admin verdict derives from this mechanism is a reading of its output, not of its source. Precedent: analysis/validation/privesc-sre--user.md."
privesc10-PutUserPolicy--user,privesc10-PutUserPolicy,privesc,no,cloudfox,admin,default,P,raw-output/cloudfox/admin-default-2026-08-31/cloudfox-outdir/cloudfox-output/aws/personal-000000000000/csv/permissions.csv,validated,"Rubric 3 P / 4.1: permissions.csv binds the enabling permission to this specific principal (1 grant row(s): Allow iam:PutUserPolicy) but names no target and does not characterise it as escalation. Search: grep ',privesc10-PutUserPolicy-user,' csv/permissions.csv."
privesc10-PutUserPolicy--user,privesc10-PutUserPolicy,privesc,no,cloudfox-path,admin,default,N/A,raw-output/cloudfox/admin-default-2026-08-31/cloudfox-outdir/cloudfox-output/aws/personal-000000000000/csv/principals.csv,validated,"Rubric 4.9. cloudfox's CanPrivEscToAdmin? column reads 'Skipping, no pmapper data' in every one of its 140 instances this run (94 principals + 44 role-trusts + 1 root-trust + 1 workload). cloudfox documents that it delegates path enumeration to PMapper: 'Cloudfox will not install or run pmapper for you, but because pmapper stores it's graph data in a predictable location, this CloudFox command will look to see if that data exists, and if it does, it give you a list of all of the principals that pmapper thinks can escalate to admin.' -- https://github.com/BishopFox/cloudfox/wiki/AWS-Commands#pmapper ; quoted and sourced in raw-output/cloudfox/admin-default-2026-08-31/run-metadata.md. Recorded, NOT scored as a miss. cloudfox's own surfaces are graded on the 'cloudfox' rows above."
privesc11-PutGroupPolicy--role,privesc11-PutGroupPolicy,non-path,no,pmapper,admin,default,M,raw-output/pmapper/admin-default-2026-08-31/output/01-graph-create.stderr.txt,validated,"Crash-M per rubric 4.7. NOT CS: the rubric 9 amendment of 2026-08-31 requires a tool to have RUN AND PRODUCED OUTPUT to earn Correctly Silent, and this run produced none - 'graph create' died on an unhandled ConnectTimeoutError. Silence from a tool that never ran is vacuous, not correct behaviour. Counted in the crash-M tally, not in any CS total. Validation: analysis/validation/privesc11-PutGroupPolicy--role.md."
privesc11-PutGroupPolicy--role,privesc11-PutGroupPolicy,non-path,no,pmapper,admin,"flagged (--include-regions, 17 opted-in regions)",CS,raw-output/pmapper/admin-flagged-2026-08-31/output/04-query-preset-privesc.txt,validated,"Correctly Silent (rubric 9, 2026-08-31): absent from the privesc preset and from 'analysis'. This row has no escalation path to detect, so the D/P/M ladder does not apply; CS and FP are the only available outcomes and no escalation claim was emitted. Validation: analysis/validation/privesc11-PutGroupPolicy--role.md."
privesc11-PutGroupPolicy--role,privesc11-PutGroupPolicy,non-path,no,cloudfox,admin,default,CS,raw-output/cloudfox/admin-default-2026-08-31/cloudfox-outdir/cloudfox-output/aws/personal-000000000000/csv/permissions.csv,validated,"Correctly Silent (rubric 9, 2026-08-31). permissions.csv inventories the fixture's grants verbatim (Allow and Deny rows both present, resource and condition columns rendered) but makes no escalation claim, so no FP. NOTE: cloudfox's Condition column is a bare Yes/No and does not render the condition body, so the exploitable fn3 and the non-exploitable fp5 print identically as 'Allow iam:CreatePolicyVersion on * / Condition=Yes'. INFERRED: the tool emitted no escalation claim (read directly), but this fixture has no analysis/validation/ file, so the claim that silence is CORRECT here rests on scenarios.md, not on a manual check. Validation: analysis/validation/privesc11-PutGroupPolicy--role.md."
privesc11-PutGroupPolicy--role,privesc11-PutGroupPolicy,non-path,no,cloudfox-path,admin,default,N/A,raw-output/cloudfox/admin-default-2026-08-31/cloudfox-outdir/cloudfox-output/aws/personal-000000000000/csv/principals.csv,validated,"Rubric 4.9. cloudfox's CanPrivEscToAdmin? column reads 'Skipping, no pmapper data' in every one of its 140 instances this run (94 principals + 44 role-trusts + 1 root-trust + 1 workload). cloudfox documents that it delegates path enumeration to PMapper: 'Cloudfox will not install or run pmapper for you, but because pmapper stores it's graph data in a predictable location, this CloudFox command will look to see if that data exists, and if it does, it give you a list of all of the principals that pmapper thinks can escalate to admin.' -- https://github.com/BishopFox/cloudfox/wiki/AWS-Commands#pmapper ; quoted and sourced in raw-output/cloudfox/admin-default-2026-08-31/run-metadata.md. Recorded, NOT scored as a miss. cloudfox's own surfaces are graded on the 'cloudfox' rows above."
privesc11-PutGroupPolicy--user,privesc11-PutGroupPolicy,privesc,no,pmapper,admin,default,M,raw-output/pmapper/admin-default-2026-08-31/output/01-graph-create.stderr.txt,validated,"Crash-M per rubric 4.7, tally separately from detection-Ms: 'graph create' terminated on an unhandled botocore ConnectTimeoutError (autoscaling_edges.py catches ClientError only) and no graph was written; all 7 downstream commands failed. No principal was evaluated."
privesc11-PutGroupPolicy--user,privesc11-PutGroupPolicy,privesc,no,pmapper,admin,"flagged (--include-regions, 17 opted-in regions)",D,raw-output/pmapper/admin-flagged-2026-08-31/output/04-query-preset-privesc.txt,inferred,"Admin-verdict form: preset privesc prints 'user/privesc11-PutGroupPolicy-user is an administrative principal'. Names the principal and the resulting privilege but NOT the enabling permission. Graded D because neither lower grade fits its own definition: P requires a permission bound to a principal (absent here) and M requires nothing in the output pointing a reviewer at the principal (false). INFERRED: the claim that PMapper's admin verdict derives from this mechanism is a reading of its output, not of its source. Precedent: analysis/validation/privesc-sre--user.md."
privesc11-PutGroupPolicy--user,privesc11-PutGroupPolicy,privesc,no,cloudfox,admin,default,P,raw-output/cloudfox/admin-default-2026-08-31/cloudfox-outdir/cloudfox-output/aws/personal-000000000000/csv/permissions.csv,validated,"Rubric 3 P / 4.1: permissions.csv binds the enabling permission to this specific principal (1 grant row(s): Allow iam:PutGroupPolicy) but names no target and does not characterise it as escalation. Search: grep ',privesc11-PutGroupPolicy-user,' csv/permissions.csv."
privesc11-PutGroupPolicy--user,privesc11-PutGroupPolicy,privesc,no,cloudfox-path,admin,default,N/A,raw-output/cloudfox/admin-default-2026-08-31/cloudfox-outdir/cloudfox-output/aws/personal-000000000000/csv/principals.csv,validated,"Rubric 4.9. cloudfox's CanPrivEscToAdmin? column reads 'Skipping, no pmapper data' in every one of its 140 instances this run (94 principals + 44 role-trusts + 1 root-trust + 1 workload). cloudfox documents that it delegates path enumeration to PMapper: 'Cloudfox will not install or run pmapper for you, but because pmapper stores it's graph data in a predictable location, this CloudFox command will look to see if that data exists, and if it does, it give you a list of all of the principals that pmapper thinks can escalate to admin.' -- https://github.com/BishopFox/cloudfox/wiki/AWS-Commands#pmapper ; quoted and sourced in raw-output/cloudfox/admin-default-2026-08-31/run-metadata.md. Recorded, NOT scored as a miss. cloudfox's own surfaces are graded on the 'cloudfox' rows above."
privesc12-PutRolePolicy--role,privesc12-PutRolePolicy,privesc,no,pmapper,admin,default,M,raw-output/pmapper/admin-default-2026-08-31/output/01-graph-create.stderr.txt,validated,"Crash-M per rubric 4.7, tally separately from detection-Ms: 'graph create' terminated on an unhandled botocore ConnectTimeoutError (autoscaling_edges.py catches ClientError only) and no graph was written; all 7 downstream commands failed. No principal was evaluated."
privesc12-PutRolePolicy--role,privesc12-PutRolePolicy,privesc,no,pmapper,admin,"flagged (--include-regions, 17 opted-in regions)",D,raw-output/pmapper/admin-flagged-2026-08-31/output/04-query-preset-privesc.txt,inferred,"Admin-verdict form: preset privesc prints 'role/privesc12-PutRolePolicy-role is an administrative principal'. Names the principal and the resulting privilege but NOT the enabling permission. Graded D because neither lower grade fits its own definition: P requires a permission bound to a principal (absent here) and M requires nothing in the output pointing a reviewer at the principal (false). INFERRED: the claim that PMapper's admin verdict derives from this mechanism is a reading of its output, not of its source. Precedent: analysis/validation/privesc-sre--user.md."
privesc12-PutRolePolicy--role,privesc12-PutRolePolicy,privesc,no,cloudfox,admin,default,P,raw-output/cloudfox/admin-default-2026-08-31/cloudfox-outdir/cloudfox-output/aws/personal-000000000000/csv/permissions.csv,validated,"Rubric 3 P / 4.1: permissions.csv binds the enabling permission to this specific principal (1 grant row(s): Allow iam:PutRolePolicy) but names no target and does not characterise it as escalation. Search: grep ',privesc12-PutRolePolicy-role,' csv/permissions.csv."
privesc12-PutRolePolicy--role,privesc12-PutRolePolicy,privesc,no,cloudfox-path,admin,default,N/A,raw-output/cloudfox/admin-default-2026-08-31/cloudfox-outdir/cloudfox-output/aws/personal-000000000000/csv/principals.csv,validated,"Rubric 4.9. cloudfox's CanPrivEscToAdmin? column reads 'Skipping, no pmapper data' in every one of its 140 instances this run (94 principals + 44 role-trusts + 1 root-trust + 1 workload). cloudfox documents that it delegates path enumeration to PMapper: 'Cloudfox will not install or run pmapper for you, but because pmapper stores it's graph data in a predictable location, this CloudFox command will look to see if that data exists, and if it does, it give you a list of all of the principals that pmapper thinks can escalate to admin.' -- https://github.com/BishopFox/cloudfox/wiki/AWS-Commands#pmapper ; quoted and sourced in raw-output/cloudfox/admin-default-2026-08-31/run-metadata.md. Recorded, NOT scored as a miss. cloudfox's own surfaces are graded on the 'cloudfox' rows above."
privesc12-PutRolePolicy--user,privesc12-PutRolePolicy,non-path,no,pmapper,admin,default,M,raw-output/pmapper/admin-default-2026-08-31/output/01-graph-create.stderr.txt,validated,"Crash-M per rubric 4.7. NOT CS: the rubric 9 amendment of 2026-08-31 requires a tool to have RUN AND PRODUCED OUTPUT to earn Correctly Silent, and this run produced none - 'graph create' died on an unhandled ConnectTimeoutError. Silence from a tool that never ran is vacuous, not correct behaviour. Counted in the crash-M tally, not in any CS total. Validation: analysis/validation/privesc12-PutRolePolicy--user.md."
privesc12-PutRolePolicy--user,privesc12-PutRolePolicy,non-path,no,pmapper,admin,"flagged (--include-regions, 17 opted-in regions)",CS,raw-output/pmapper/admin-flagged-2026-08-31/output/04-query-preset-privesc.txt,validated,"Correctly Silent (rubric 9, 2026-08-31): absent from the privesc preset and from 'analysis'. This row has no escalation path to detect, so the D/P/M ladder does not apply; CS and FP are the only available outcomes and no escalation claim was emitted. Validation: analysis/validation/privesc12-PutRolePolicy--user.md."
privesc12-PutRolePolicy--user,privesc12-PutRolePolicy,non-path,no,cloudfox,admin,default,CS,raw-output/cloudfox/admin-default-2026-08-31/cloudfox-outdir/cloudfox-output/aws/personal-000000000000/csv/permissions.csv,validated,"Correctly Silent (rubric 9, 2026-08-31). permissions.csv inventories the fixture's grants verbatim (Allow and Deny rows both present, resource and condition columns rendered) but makes no escalation claim, so no FP. NOTE: cloudfox's Condition column is a bare Yes/No and does not render the condition body, so the exploitable fn3 and the non-exploitable fp5 print identically as 'Allow iam:CreatePolicyVersion on * / Condition=Yes'. INFERRED: the tool emitted no escalation claim (read directly), but this fixture has no analysis/validation/ file, so the claim that silence is CORRECT here rests on scenarios.md, not on a manual check. Validation: analysis/validation/privesc12-PutRolePolicy--user.md."
privesc12-PutRolePolicy--user,privesc12-PutRolePolicy,non-path,no,cloudfox-path,admin,default,N/A,raw-output/cloudfox/admin-default-2026-08-31/cloudfox-outdir/cloudfox-output/aws/personal-000000000000/csv/principals.csv,validated,"Rubric 4.9. cloudfox's CanPrivEscToAdmin? column reads 'Skipping, no pmapper data' in every one of its 140 instances this run (94 principals + 44 role-trusts + 1 root-trust + 1 workload). cloudfox documents that it delegates path enumeration to PMapper: 'Cloudfox will not install or run pmapper for you, but because pmapper stores it's graph data in a predictable location, this CloudFox command will look to see if that data exists, and if it does, it give you a list of all of the principals that pmapper thinks can escalate to admin.' -- https://github.com/BishopFox/cloudfox/wiki/AWS-Commands#pmapper ; quoted and sourced in raw-output/cloudfox/admin-default-2026-08-31/run-metadata.md. Recorded, NOT scored as a miss. cloudfox's own surfaces are graded on the 'cloudfox' rows above."
privesc13-AddUserToGroup--role,privesc13-AddUserToGroup,privesc,no,pmapper,admin,default,M,raw-output/pmapper/admin-default-2026-08-31/output/01-graph-create.stderr.txt,validated,"Crash-M per rubric 4.7, tally separately from detection-Ms: 'graph create' terminated on an unhandled botocore ConnectTimeoutError (autoscaling_edges.py catches ClientError only) and no graph was written; all 7 downstream commands failed. No principal was evaluated. Validation: analysis/validation/privesc13-AddUserToGroup--role.md."
privesc13-AddUserToGroup--role,privesc13-AddUserToGroup,privesc,no,pmapper,admin,"flagged (--include-regions, 17 opted-in regions)",M,raw-output/pmapper/admin-flagged-2026-08-31/output/04-query-preset-privesc.txt,validated,Absent from 04-query-preset-privesc.txt and from 06-analysis-text.txt (exact-string search on the principal ARN suffix). Validation: analysis/validation/privesc13-AddUserToGroup--role.md.
privesc13-AddUserToGroup--role,privesc13-AddUserToGroup,privesc,no,cloudfox,admin,default,P,raw-output/cloudfox/admin-default-2026-08-31/cloudfox-outdir/cloudfox-output/aws/personal-000000000000/csv/permissions.csv,validated,"Rubric 3 P / 4.1: permissions.csv binds the enabling permission to this specific principal (1 grant row(s): Allow iam:AddUserToGroup) but names no target and does not characterise it as escalation. Search: grep ',privesc13-AddUserToGroup-role,' csv/permissions.csv. Validation: analysis/validation/privesc13-AddUserToGroup--role.md."
privesc13-AddUserToGroup--role,privesc13-AddUserToGroup,privesc,no,cloudfox-path,admin,default,N/A,raw-output/cloudfox/admin-default-2026-08-31/cloudfox-outdir/cloudfox-output/aws/personal-000000000000/csv/principals.csv,validated,"Rubric 4.9. cloudfox's CanPrivEscToAdmin? column reads 'Skipping, no pmapper data' in every one of its 140 instances this run (94 principals + 44 role-trusts + 1 root-trust + 1 workload). cloudfox documents that it delegates path enumeration to PMapper: 'Cloudfox will not install or run pmapper for you, but because pmapper stores it's graph data in a predictable location, this CloudFox command will look to see if that data exists, and if it does, it give you a list of all of the principals that pmapper thinks can escalate to admin.' -- https://github.com/BishopFox/cloudfox/wiki/AWS-Commands#pmapper ; quoted and sourced in raw-output/cloudfox/admin-default-2026-08-31/run-metadata.md. Recorded, NOT scored as a miss. cloudfox's own surfaces are graded on the 'cloudfox' rows above."
privesc13-AddUserToGroup--user,privesc13-AddUserToGroup,privesc,no,pmapper,admin,default,M,raw-output/pmapper/admin-default-2026-08-31/output/01-graph-create.stderr.txt,validated,"Crash-M per rubric 4.7, tally separately from detection-Ms: 'graph create' terminated on an unhandled botocore ConnectTimeoutError (autoscaling_edges.py catches ClientError only) and no graph was written; all 7 downstream commands failed. No principal was evaluated."
privesc13-AddUserToGroup--user,privesc13-AddUserToGroup,privesc,no,pmapper,admin,"flagged (--include-regions, 17 opted-in regions)",M,raw-output/pmapper/admin-flagged-2026-08-31/output/04-query-preset-privesc.txt,validated,Absent from 04-query-preset-privesc.txt and from 06-analysis-text.txt (exact-string search on the principal ARN suffix).
privesc13-AddUserToGroup--user,privesc13-AddUserToGroup,privesc,no,cloudfox,admin,default,P,raw-output/cloudfox/admin-default-2026-08-31/cloudfox-outdir/cloudfox-output/aws/personal-000000000000/csv/permissions.csv,validated,"Rubric 3 P / 4.1: permissions.csv binds the enabling permission to this specific principal (1 grant row(s): Allow iam:AddUserToGroup) but names no target and does not characterise it as escalation. Search: grep ',privesc13-AddUserToGroup-user,' csv/permissions.csv."
privesc13-AddUserToGroup--user,privesc13-AddUserToGroup,privesc,no,cloudfox-path,admin,default,N/A,raw-output/cloudfox/admin-default-2026-08-31/cloudfox-outdir/cloudfox-output/aws/personal-000000000000/csv/principals.csv,validated,"Rubric 4.9. cloudfox's CanPrivEscToAdmin? column reads 'Skipping, no pmapper data' in every one of its 140 instances this run (94 principals + 44 role-trusts + 1 root-trust + 1 workload). cloudfox documents that it delegates path enumeration to PMapper: 'Cloudfox will not install or run pmapper for you, but because pmapper stores it's graph data in a predictable location, this CloudFox command will look to see if that data exists, and if it does, it give you a list of all of the principals that pmapper thinks can escalate to admin.' -- https://github.com/BishopFox/cloudfox/wiki/AWS-Commands#pmapper ; quoted and sourced in raw-output/cloudfox/admin-default-2026-08-31/run-metadata.md. Recorded, NOT scored as a miss. cloudfox's own surfaces are graded on the 'cloudfox' rows above."
privesc14-UpdatingAssumeRolePolicy--role,privesc14-UpdatingAssumeRolePolicy,privesc,no,pmapper,admin,default,M,raw-output/pmapper/admin-default-2026-08-31/output/01-graph-create.stderr.txt,validated,"Crash-M per rubric 4.7, tally separately from detection-Ms: 'graph create' terminated on an unhandled botocore ConnectTimeoutError (autoscaling_edges.py catches ClientError only) and no graph was written; all 7 downstream commands failed. No principal was evaluated."
privesc14-UpdatingAssumeRolePolicy--role,privesc14-UpdatingAssumeRolePolicy,privesc,no,pmapper,admin,"flagged (--include-regions, 17 opted-in regions)",D,raw-output/pmapper/admin-flagged-2026-08-31/output/04-query-preset-privesc.txt,inferred,"preset privesc names principal, mechanism and administrative target: ""role/privesc14-UpdatingAssumeRolePolicy-role can update the trust document to access role/fn2-exploitableResourceConstraint-role"". Target divergence: PMapper reaches role/fn2-exploitableResourceConstraint-role, not the scenarios.md intended target privesc-sre-role. Rubric 4.3 scores a divergent but working target as D; not separately validated, so the divergence is recorded, not confirmed."
privesc14-UpdatingAssumeRolePolicy--role,privesc14-UpdatingAssumeRolePolicy,privesc,no,cloudfox,admin,default,P,raw-output/cloudfox/admin-default-2026-08-31/cloudfox-outdir/cloudfox-output/aws/personal-000000000000/csv/permissions.csv,validated,"Rubric 3 P / 4.1: permissions.csv binds the enabling permission to this specific principal (2 grant row(s): Allow iam:UpdateAssumeRolePolicy; Allow sts:AssumeRole) but names no target and does not characterise it as escalation. Search: grep ',privesc14-UpdatingAssumeRolePolicy-role,' csv/permissions.csv. iam-simulator additionally reports: can sts:AssumeRole on *."
privesc14-UpdatingAssumeRolePolicy--role,privesc14-UpdatingAssumeRolePolicy,privesc,no,cloudfox-path,admin,default,N/A,raw-output/cloudfox/admin-default-2026-08-31/cloudfox-outdir/cloudfox-output/aws/personal-000000000000/csv/principals.csv,validated,"Rubric 4.9. cloudfox's CanPrivEscToAdmin? column reads 'Skipping, no pmapper data' in every one of its 140 instances this run (94 principals + 44 role-trusts + 1 root-trust + 1 workload). cloudfox documents that it delegates path enumeration to PMapper: 'Cloudfox will not install or run pmapper for you, but because pmapper stores it's graph data in a predictable location, this CloudFox command will look to see if that data exists, and if it does, it give you a list of all of the principals that pmapper thinks can escalate to admin.' -- https://github.com/BishopFox/cloudfox/wiki/AWS-Commands#pmapper ; quoted and sourced in raw-output/cloudfox/admin-default-2026-08-31/run-metadata.md. Recorded, NOT scored as a miss. cloudfox's own surfaces are graded on the 'cloudfox' rows above."
privesc14-UpdatingAssumeRolePolicy--user,privesc14-UpdatingAssumeRolePolicy,privesc,no,pmapper,admin,default,M,raw-output/pmapper/admin-default-2026-08-31/output/01-graph-create.stderr.txt,validated,"Crash-M per rubric 4.7, tally separately from detection-Ms: 'graph create' terminated on an unhandled botocore ConnectTimeoutError (autoscaling_edges.py catches ClientError only) and no graph was written; all 7 downstream commands failed. No principal was evaluated."
privesc14-UpdatingAssumeRolePolicy--user,privesc14-UpdatingAssumeRolePolicy,privesc,no,pmapper,admin,"flagged (--include-regions, 17 opted-in regions)",D,raw-output/pmapper/admin-flagged-2026-08-31/output/04-query-preset-privesc.txt,inferred,"preset privesc names principal, mechanism and administrative target: ""user/privesc14-UpdatingAssumeRolePolicy-user can update the trust document to access role/fn2-exploitableResourceConstraint-role"". Target divergence: PMapper reaches role/fn2-exploitableResourceConstraint-role, not the scenarios.md intended target privesc-sre-role. Rubric 4.3 scores a divergent but working target as D; not separately validated, so the divergence is recorded, not confirmed."
privesc14-UpdatingAssumeRolePolicy--user,privesc14-UpdatingAssumeRolePolicy,privesc,no,cloudfox,admin,default,P,raw-output/cloudfox/admin-default-2026-08-31/cloudfox-outdir/cloudfox-output/aws/personal-000000000000/csv/permissions.csv,validated,"Rubric 3 P / 4.1: permissions.csv binds the enabling permission to this specific principal (2 grant row(s): Allow iam:UpdateAssumeRolePolicy; Allow sts:AssumeRole) but names no target and does not characterise it as escalation. Search: grep ',privesc14-UpdatingAssumeRolePolicy-user,' csv/permissions.csv. iam-simulator additionally reports: can sts:AssumeRole on *."
privesc14-UpdatingAssumeRolePolicy--user,privesc14-UpdatingAssumeRolePolicy,privesc,no,cloudfox-path,admin,default,N/A,raw-output/cloudfox/admin-default-2026-08-31/cloudfox-outdir/cloudfox-output/aws/personal-000000000000/csv/principals.csv,validated,"Rubric 4.9. cloudfox's CanPrivEscToAdmin? column reads 'Skipping, no pmapper data' in every one of its 140 instances this run (94 principals + 44 role-trusts + 1 root-trust + 1 workload). cloudfox documents that it delegates path enumeration to PMapper: 'Cloudfox will not install or run pmapper for you, but because pmapper stores it's graph data in a predictable location, this CloudFox command will look to see if that data exists, and if it does, it give you a list of all of the principals that pmapper thinks can escalate to admin.' -- https://github.com/BishopFox/cloudfox/wiki/AWS-Commands#pmapper ; quoted and sourced in raw-output/cloudfox/admin-default-2026-08-31/run-metadata.md. Recorded, NOT scored as a miss. cloudfox's own surfaces are graded on the 'cloudfox' rows above."
privesc15-PassExistingRoleToNewLambdaThenInvoke--role,privesc15-PassExistingRoleToNewLambdaThenInvoke,privesc,no,pmapper,admin,default,M,raw-output/pmapper/admin-default-2026-08-31/output/01-graph-create.stderr.txt,validated,"Crash-M per rubric 4.7, tally separately from detection-Ms: 'graph create' terminated on an unhandled botocore ConnectTimeoutError (autoscaling_edges.py catches ClientError only) and no graph was written; all 7 downstream commands failed. No principal was evaluated."
privesc15-PassExistingRoleToNewLambdaThenInvoke--role,privesc15-PassExistingRoleToNewLambdaThenInvoke,privesc,no,pmapper,admin,"flagged (--include-regions, 17 opted-in regions)",D,raw-output/pmapper/admin-flagged-2026-08-31/output/04-query-preset-privesc.txt,validated,"preset privesc names principal, mechanism and administrative target: ""role/privesc15-PassExistingRoleToNewLambdaThenInvoke-role can use Lambda to create a new function with arbitrary code, then pass and access role/privesc-high-priv-service-role""."
privesc15-PassExistingRoleToNewLambdaThenInvoke--role,privesc15-PassExistingRoleToNewLambdaThenInvoke,privesc,no,cloudfox,admin,default,P,raw-output/cloudfox/admin-default-2026-08-31/cloudfox-outdir/cloudfox-output/aws/personal-000000000000/csv/permissions.csv,validated,"Rubric 3 P / 4.1: permissions.csv binds the enabling permission to this specific principal (3 grant row(s): Allow iam:PassRole; Allow lambda:CreateFunction; Allow lambda:InvokeFunction) but names no target and does not characterise it as escalation. Search: grep ',privesc15-PassExistingRoleToNewLambdaThenInvoke-role,' csv/permissions.csv. iam-simulator additionally reports: can iam:PassRole on *."
privesc15-PassExistingRoleToNewLambdaThenInvoke--role,privesc15-PassExistingRoleToNewLambdaThenInvoke,privesc,no,cloudfox-path,admin,default,N/A,raw-output/cloudfox/admin-default-2026-08-31/cloudfox-outdir/cloudfox-output/aws/personal-000000000000/csv/principals.csv,validated,"Rubric 4.9. cloudfox's CanPrivEscToAdmin? column reads 'Skipping, no pmapper data' in every one of its 140 instances this run (94 principals + 44 role-trusts + 1 root-trust + 1 workload). cloudfox documents that it delegates path enumeration to PMapper: 'Cloudfox will not install or run pmapper for you, but because pmapper stores it's graph data in a predictable location, this CloudFox command will look to see if that data exists, and if it does, it give you a list of all of the principals that pmapper thinks can escalate to admin.' -- https://github.com/BishopFox/cloudfox/wiki/AWS-Commands#pmapper ; quoted and sourced in raw-output/cloudfox/admin-default-2026-08-31/run-metadata.md. Recorded, NOT scored as a miss. cloudfox's own surfaces are graded on the 'cloudfox' rows above."
privesc15-PassExistingRoleToNewLambdaThenInvoke--user,privesc15-PassExistingRoleToNewLambdaThenInvoke,privesc,no,pmapper,admin,default,M,raw-output/pmapper/admin-default-2026-08-31/output/01-graph-create.stderr.txt,validated,"Crash-M per rubric 4.7, tally separately from detection-Ms: 'graph create' terminated on an unhandled botocore ConnectTimeoutError (autoscaling_edges.py catches ClientError only) and no graph was written; all 7 downstream commands failed. No principal was evaluated."
privesc15-PassExistingRoleToNewLambdaThenInvoke--user,privesc15-PassExistingRoleToNewLambdaThenInvoke,privesc,no,pmapper,admin,"flagged (--include-regions, 17 opted-in regions)",D,raw-output/pmapper/admin-flagged-2026-08-31/output/04-query-preset-privesc.txt,validated,"preset privesc names principal, mechanism and administrative target: ""user/privesc15-PassExistingRoleToNewLambdaThenInvoke-user can use Lambda to create a new function with arbitrary code, then pass and access role/privesc-high-priv-service-role""."
privesc15-PassExistingRoleToNewLambdaThenInvoke--user,privesc15-PassExistingRoleToNewLambdaThenInvoke,privesc,no,cloudfox,admin,default,P,raw-output/cloudfox/admin-default-2026-08-31/cloudfox-outdir/cloudfox-output/aws/personal-000000000000/csv/permissions.csv,validated,"Rubric 3 P / 4.1: permissions.csv binds the enabling permission to this specific principal (3 grant row(s): Allow iam:PassRole; Allow lambda:CreateFunction; Allow lambda:InvokeFunction) but names no target and does not characterise it as escalation. Search: grep ',privesc15-PassExistingRoleToNewLambdaThenInvoke-user,' csv/permissions.csv. iam-simulator additionally reports: can iam:PassRole on *."
privesc15-PassExistingRoleToNewLambdaThenInvoke--user,privesc15-PassExistingRoleToNewLambdaThenInvoke,privesc,no,cloudfox-path,admin,default,N/A,raw-output/cloudfox/admin-default-2026-08-31/cloudfox-outdir/cloudfox-output/aws/personal-000000000000/csv/principals.csv,validated,"Rubric 4.9. cloudfox's CanPrivEscToAdmin? column reads 'Skipping, no pmapper data' in every one of its 140 instances this run (94 principals + 44 role-trusts + 1 root-trust + 1 workload). cloudfox documents that it delegates path enumeration to PMapper: 'Cloudfox will not install or run pmapper for you, but because pmapper stores it's graph data in a predictable location, this CloudFox command will look to see if that data exists, and if it does, it give you a list of all of the principals that pmapper thinks can escalate to admin.' -- https://github.com/BishopFox/cloudfox/wiki/AWS-Commands#pmapper ; quoted and sourced in raw-output/cloudfox/admin-default-2026-08-31/run-metadata.md. Recorded, NOT scored as a miss. cloudfox's own surfaces are graded on the 'cloudfox' rows above."
privesc16-PassRoleToNewLambdaThenTriggerWithNewDynamo--role,privesc16-PassRoleToNewLambdaThenTriggerWithNewDynamo,privesc,no,pmapper,admin,default,M,raw-output/pmapper/admin-default-2026-08-31/output/01-graph-create.stderr.txt,validated,"Crash-M per rubric 4.7, tally separately from detection-Ms: 'graph create' terminated on an unhandled botocore ConnectTimeoutError (autoscaling_edges.py catches ClientError only) and no graph was written; all 7 downstream commands failed. No principal was evaluated."
privesc16-PassRoleToNewLambdaThenTriggerWithNewDynamo--role,privesc16-PassRoleToNewLambdaThenTriggerWithNewDynamo,privesc,no,pmapper,admin,"flagged (--include-regions, 17 opted-in regions)",D,raw-output/pmapper/admin-flagged-2026-08-31/output/04-query-preset-privesc.txt,validated,"preset privesc names principal, mechanism and administrative target: ""role/privesc16-PassRoleToNewLambdaThenTriggerWithNewDynamo-role can use Lambda to create a new function with arbitrary code, then pass and access role/privesc-high-priv-service-role""."
privesc16-PassRoleToNewLambdaThenTriggerWithNewDynamo--role,privesc16-PassRoleToNewLambdaThenTriggerWithNewDynamo,privesc,no,cloudfox,admin,default,P,raw-output/cloudfox/admin-default-2026-08-31/cloudfox-outdir/cloudfox-output/aws/personal-000000000000/csv/permissions.csv,validated,"Rubric 3 P / 4.1: permissions.csv binds the enabling permission to this specific principal (3 grant row(s): Allow lambda:CreateFunction; Allow iam:PassRole; Allow lambda:CreateEventSourceMapping) but names no target and does not characterise it as escalation. Search: grep ',privesc16-PassRoleToNewLambdaThenTriggerWithNewDynamo-role,' csv/permissions.csv. iam-simulator additionally reports: can iam:PassRole on *."
privesc16-PassRoleToNewLambdaThenTriggerWithNewDynamo--role,privesc16-PassRoleToNewLambdaThenTriggerWithNewDynamo,privesc,no,cloudfox-path,admin,default,N/A,raw-output/cloudfox/admin-default-2026-08-31/cloudfox-outdir/cloudfox-output/aws/personal-000000000000/csv/principals.csv,validated,"Rubric 4.9. cloudfox's CanPrivEscToAdmin? column reads 'Skipping, no pmapper data' in every one of its 140 instances this run (94 principals + 44 role-trusts + 1 root-trust + 1 workload). cloudfox documents that it delegates path enumeration to PMapper: 'Cloudfox will not install or run pmapper for you, but because pmapper stores it's graph data in a predictable location, this CloudFox command will look to see if that data exists, and if it does, it give you a list of all of the principals that pmapper thinks can escalate to admin.' -- https://github.com/BishopFox/cloudfox/wiki/AWS-Commands#pmapper ; quoted and sourced in raw-output/cloudfox/admin-default-2026-08-31/run-metadata.md. Recorded, NOT scored as a miss. cloudfox's own surfaces are graded on the 'cloudfox' rows above."
privesc16-PassRoleToNewLambdaThenTriggerWithNewDynamo--user,privesc16-PassRoleToNewLambdaThenTriggerWithNewDynamo,privesc,no,pmapper,admin,default,M,raw-output/pmapper/admin-default-2026-08-31/output/01-graph-create.stderr.txt,validated,"Crash-M per rubric 4.7, tally separately from detection-Ms: 'graph create' terminated on an unhandled botocore ConnectTimeoutError (autoscaling_edges.py catches ClientError only) and no graph was written; all 7 downstream commands failed. No principal was evaluated."
privesc16-PassRoleToNewLambdaThenTriggerWithNewDynamo--user,privesc16-PassRoleToNewLambdaThenTriggerWithNewDynamo,privesc,no,pmapper,admin,"flagged (--include-regions, 17 opted-in regions)",D,raw-output/pmapper/admin-flagged-2026-08-31/output/04-query-preset-privesc.txt,validated,"preset privesc names principal, mechanism and administrative target: ""user/privesc16-PassRoleToNewLambdaThenTriggerWithNewDynamo-user can use Lambda to create a new function with arbitrary code, then pass and access role/privesc-high-priv-service-role""."
privesc16-PassRoleToNewLambdaThenTriggerWithNewDynamo--user,privesc16-PassRoleToNewLambdaThenTriggerWithNewDynamo,privesc,no,cloudfox,admin,default,P,raw-output/cloudfox/admin-default-2026-08-31/cloudfox-outdir/cloudfox-output/aws/personal-000000000000/csv/permissions.csv,validated,"Rubric 3 P / 4.1: permissions.csv binds the enabling permission to this specific principal (3 grant row(s): Allow lambda:CreateFunction; Allow iam:PassRole; Allow lambda:CreateEventSourceMapping) but names no target and does not characterise it as escalation. Search: grep ',privesc16-PassRoleToNewLambdaThenTriggerWithNewDynamo-user,' csv/permissions.csv. iam-simulator additionally reports: can iam:PassRole on *."
privesc16-PassRoleToNewLambdaThenTriggerWithNewDynamo--user,privesc16-PassRoleToNewLambdaThenTriggerWithNewDynamo,privesc,no,cloudfox-path,admin,default,N/A,raw-output/cloudfox/admin-default-2026-08-31/cloudfox-outdir/cloudfox-output/aws/personal-000000000000/csv/principals.csv,validated,"Rubric 4.9. cloudfox's CanPrivEscToAdmin? column reads 'Skipping, no pmapper data' in every one of its 140 instances this run (94 principals + 44 role-trusts + 1 root-trust + 1 workload). cloudfox documents that it delegates path enumeration to PMapper: 'Cloudfox will not install or run pmapper for you, but because pmapper stores it's graph data in a predictable location, this CloudFox command will look to see if that data exists, and if it does, it give you a list of all of the principals that pmapper thinks can escalate to admin.' -- https://github.com/BishopFox/cloudfox/wiki/AWS-Commands#pmapper ; quoted and sourced in raw-output/cloudfox/admin-default-2026-08-31/run-metadata.md. Recorded, NOT scored as a miss. cloudfox's own surfaces are graded on the 'cloudfox' rows above."
privesc17-EditExistingLambdaFunctionWithRole--role,privesc17-EditExistingLambdaFunctionWithRole,privesc,no,pmapper,admin,default,M,raw-output/pmapper/admin-default-2026-08-31/output/01-graph-create.stderr.txt,validated,"Crash-M per rubric 4.7, tally separately from detection-Ms: 'graph create' terminated on an unhandled botocore ConnectTimeoutError (autoscaling_edges.py catches ClientError only) and no graph was written; all 7 downstream commands failed. No principal was evaluated. Validation: analysis/validation/privesc17-EditExistingLambdaFunctionWithRole--role.md."
privesc17-EditExistingLambdaFunctionWithRole--role,privesc17-EditExistingLambdaFunctionWithRole,privesc,no,pmapper,admin,"flagged (--include-regions, 17 opted-in regions)",M,raw-output/pmapper/admin-flagged-2026-08-31/output/04-query-preset-privesc.txt,validated,Absent from 04-query-preset-privesc.txt and from 06-analysis-text.txt (exact-string search on the principal ARN suffix). Validation: analysis/validation/privesc17-EditExistingLambdaFunctionWithRole--role.md.
privesc17-EditExistingLambdaFunctionWithRole--role,privesc17-EditExistingLambdaFunctionWithRole,privesc,no,cloudfox,admin,default,P,raw-output/cloudfox/admin-default-2026-08-31/cloudfox-outdir/cloudfox-output/aws/personal-000000000000/csv/permissions.csv,validated,"Rubric 3 P / 4.1: permissions.csv binds the enabling permission to this specific principal (2 grant row(s): Allow lambda:UpdateFunctionCode; Allow lambda:UpdateFunctionConfiguration) but names no target and does not characterise it as escalation. Search: grep ',privesc17-EditExistingLambdaFunctionWithRole-role,' csv/permissions.csv. Validation: analysis/validation/privesc17-EditExistingLambdaFunctionWithRole--role.md."
privesc17-EditExistingLambdaFunctionWithRole--role,privesc17-EditExistingLambdaFunctionWithRole,privesc,no,cloudfox-path,admin,default,N/A,raw-output/cloudfox/admin-default-2026-08-31/cloudfox-outdir/cloudfox-output/aws/personal-000000000000/csv/principals.csv,validated,"Rubric 4.9. cloudfox's CanPrivEscToAdmin? column reads 'Skipping, no pmapper data' in every one of its 140 instances this run (94 principals + 44 role-trusts + 1 root-trust + 1 workload). cloudfox documents that it delegates path enumeration to PMapper: 'Cloudfox will not install or run pmapper for you, but because pmapper stores it's graph data in a predictable location, this CloudFox command will look to see if that data exists, and if it does, it give you a list of all of the principals that pmapper thinks can escalate to admin.' -- https://github.com/BishopFox/cloudfox/wiki/AWS-Commands#pmapper ; quoted and sourced in raw-output/cloudfox/admin-default-2026-08-31/run-metadata.md. Recorded, NOT scored as a miss. cloudfox's own surfaces are graded on the 'cloudfox' rows above."
privesc17-EditExistingLambdaFunctionWithRole--user,privesc17-EditExistingLambdaFunctionWithRole,privesc,no,pmapper,admin,default,M,raw-output/pmapper/admin-default-2026-08-31/output/01-graph-create.stderr.txt,validated,"Crash-M per rubric 4.7, tally separately from detection-Ms: 'graph create' terminated on an unhandled botocore ConnectTimeoutError (autoscaling_edges.py catches ClientError only) and no graph was written; all 7 downstream commands failed. No principal was evaluated. Validation: analysis/validation/privesc17-EditExistingLambdaFunctionWithRole--role.md."
privesc17-EditExistingLambdaFunctionWithRole--user,privesc17-EditExistingLambdaFunctionWithRole,privesc,no,pmapper,admin,"flagged (--include-regions, 17 opted-in regions)",M,raw-output/pmapper/admin-flagged-2026-08-31/output/04-query-preset-privesc.txt,validated,Absent from 04-query-preset-privesc.txt and from 06-analysis-text.txt (exact-string search on the principal ARN suffix). Validation: analysis/validation/privesc17-EditExistingLambdaFunctionWithRole--role.md.
privesc17-EditExistingLambdaFunctionWithRole--user,privesc17-EditExistingLambdaFunctionWithRole,privesc,no,cloudfox,admin,default,P,raw-output/cloudfox/admin-default-2026-08-31/cloudfox-outdir/cloudfox-output/aws/personal-000000000000/csv/permissions.csv,validated,"Rubric 3 P / 4.1: permissions.csv binds the enabling permission to this specific principal (2 grant row(s): Allow lambda:UpdateFunctionCode; Allow lambda:UpdateFunctionConfiguration) but names no target and does not characterise it as escalation. Search: grep ',privesc17-EditExistingLambdaFunctionWithRole-user,' csv/permissions.csv. Validation: analysis/validation/privesc17-EditExistingLambdaFunctionWithRole--role.md."
privesc17-EditExistingLambdaFunctionWithRole--user,privesc17-EditExistingLambdaFunctionWithRole,privesc,no,cloudfox-path,admin,default,N/A,raw-output/cloudfox/admin-default-2026-08-31/cloudfox-outdir/cloudfox-output/aws/personal-000000000000/csv/principals.csv,validated,"Rubric 4.9. cloudfox's CanPrivEscToAdmin? column reads 'Skipping, no pmapper data' in every one of its 140 instances this run (94 principals + 44 role-trusts + 1 root-trust + 1 workload). cloudfox documents that it delegates path enumeration to PMapper: 'Cloudfox will not install or run pmapper for you, but because pmapper stores it's graph data in a predictable location, this CloudFox command will look to see if that data exists, and if it does, it give you a list of all of the principals that pmapper thinks can escalate to admin.' -- https://github.com/BishopFox/cloudfox/wiki/AWS-Commands#pmapper ; quoted and sourced in raw-output/cloudfox/admin-default-2026-08-31/run-metadata.md. Recorded, NOT scored as a miss. cloudfox's own surfaces are graded on the 'cloudfox' rows above."
privesc18-PassExistingRoleToNewGlueDevEndpoint--role,privesc18-PassExistingRoleToNewGlueDevEndpoint,privesc,yes,pmapper,admin,default,M,raw-output/pmapper/admin-default-2026-08-31/output/01-graph-create.stderr.txt,validated,"Crash-M per rubric 4.7, tally separately from detection-Ms: 'graph create' terminated on an unhandled botocore ConnectTimeoutError (autoscaling_edges.py catches ClientError only) and no graph was written; all 7 downstream commands failed. No principal was evaluated."
privesc18-PassExistingRoleToNewGlueDevEndpoint--role,privesc18-PassExistingRoleToNewGlueDevEndpoint,privesc,yes,pmapper,admin,"flagged (--include-regions, 17 opted-in regions)",M,raw-output/pmapper/admin-flagged-2026-08-31/output/04-query-preset-privesc.txt,validated,Absent from 04-query-preset-privesc.txt and from 06-analysis-text.txt (exact-string search on the principal ARN suffix).
privesc18-PassExistingRoleToNewGlueDevEndpoint--role,privesc18-PassExistingRoleToNewGlueDevEndpoint,privesc,yes,cloudfox,admin,default,P,raw-output/cloudfox/admin-default-2026-08-31/cloudfox-outdir/cloudfox-output/aws/personal-000000000000/csv/permissions.csv,validated,"Rubric 3 P / 4.1: permissions.csv binds the enabling permission to this specific principal (3 grant row(s): Allow glue:CreateDevEndpoint; Allow glue:GetDevEndpoint; Allow iam:PassRole) but names no target and does not characterise it as escalation. Search: grep ',privesc18-PassExistingRoleToNewGlueDevEndpoint-role,' csv/permissions.csv. iam-simulator additionally reports: can iam:PassRole on *."
privesc18-PassExistingRoleToNewGlueDevEndpoint--role,privesc18-PassExistingRoleToNewGlueDevEndpoint,privesc,yes,cloudfox-path,admin,default,N/A,raw-output/cloudfox/admin-default-2026-08-31/cloudfox-outdir/cloudfox-output/aws/personal-000000000000/csv/principals.csv,validated,"Rubric 4.9. cloudfox's CanPrivEscToAdmin? column reads 'Skipping, no pmapper data' in every one of its 140 instances this run (94 principals + 44 role-trusts + 1 root-trust + 1 workload). cloudfox documents that it delegates path enumeration to PMapper: 'Cloudfox will not install or run pmapper for you, but because pmapper stores it's graph data in a predictable location, this CloudFox command will look to see if that data exists, and if it does, it give you a list of all of the principals that pmapper thinks can escalate to admin.' -- https://github.com/BishopFox/cloudfox/wiki/AWS-Commands#pmapper ; quoted and sourced in raw-output/cloudfox/admin-default-2026-08-31/run-metadata.md. Recorded, NOT scored as a miss. cloudfox's own surfaces are graded on the 'cloudfox' rows above."
privesc18-PassExistingRoleToNewGlueDevEndpoint--user,privesc18-PassExistingRoleToNewGlueDevEndpoint,privesc,yes,pmapper,admin,default,M,raw-output/pmapper/admin-default-2026-08-31/output/01-graph-create.stderr.txt,validated,"Crash-M per rubric 4.7, tally separately from detection-Ms: 'graph create' terminated on an unhandled botocore ConnectTimeoutError (autoscaling_edges.py catches ClientError only) and no graph was written; all 7 downstream commands failed. No principal was evaluated."
privesc18-PassExistingRoleToNewGlueDevEndpoint--user,privesc18-PassExistingRoleToNewGlueDevEndpoint,privesc,yes,pmapper,admin,"flagged (--include-regions, 17 opted-in regions)",M,raw-output/pmapper/admin-flagged-2026-08-31/output/04-query-preset-privesc.txt,validated,Absent from 04-query-preset-privesc.txt and from 06-analysis-text.txt (exact-string search on the principal ARN suffix).
privesc18-PassExistingRoleToNewGlueDevEndpoint--user,privesc18-PassExistingRoleToNewGlueDevEndpoint,privesc,yes,cloudfox,admin,default,P,raw-output/cloudfox/admin-default-2026-08-31/cloudfox-outdir/cloudfox-output/aws/personal-000000000000/csv/permissions.csv,validated,"Rubric 3 P / 4.1: permissions.csv binds the enabling permission to this specific principal (3 grant row(s): Allow glue:CreateDevEndpoint; Allow glue:GetDevEndpoint; Allow iam:PassRole) but names no target and does not characterise it as escalation. Search: grep ',privesc18-PassExistingRoleToNewGlueDevEndpoint-user,' csv/permissions.csv. iam-simulator additionally reports: can iam:PassRole on *."
privesc18-PassExistingRoleToNewGlueDevEndpoint--user,privesc18-PassExistingRoleToNewGlueDevEndpoint,privesc,yes,cloudfox-path,admin,default,N/A,raw-output/cloudfox/admin-default-2026-08-31/cloudfox-outdir/cloudfox-output/aws/personal-000000000000/csv/principals.csv,validated,"Rubric 4.9. cloudfox's CanPrivEscToAdmin? column reads 'Skipping, no pmapper data' in every one of its 140 instances this run (94 principals + 44 role-trusts + 1 root-trust + 1 workload). cloudfox documents that it delegates path enumeration to PMapper: 'Cloudfox will not install or run pmapper for you, but because pmapper stores it's graph data in a predictable location, this CloudFox command will look to see if that data exists, and if it does, it give you a list of all of the principals that pmapper thinks can escalate to admin.' -- https://github.com/BishopFox/cloudfox/wiki/AWS-Commands#pmapper ; quoted and sourced in raw-output/cloudfox/admin-default-2026-08-31/run-metadata.md. Recorded, NOT scored as a miss. cloudfox's own surfaces are graded on the 'cloudfox' rows above."
privesc19-UpdateExistingGlueDevEndpoint--role,privesc19-UpdateExistingGlueDevEndpoint,privesc,yes,pmapper,admin,default,M,raw-output/pmapper/admin-default-2026-08-31/output/01-graph-create.stderr.txt,validated,"Crash-M per rubric 4.7, tally separately from detection-Ms: 'graph create' terminated on an unhandled botocore ConnectTimeoutError (autoscaling_edges.py catches ClientError only) and no graph was written; all 7 downstream commands failed. No principal was evaluated."
privesc19-UpdateExistingGlueDevEndpoint--role,privesc19-UpdateExistingGlueDevEndpoint,privesc,yes,pmapper,admin,"flagged (--include-regions, 17 opted-in regions)",M,raw-output/pmapper/admin-flagged-2026-08-31/output/04-query-preset-privesc.txt,validated,Absent from 04-query-preset-privesc.txt and from 06-analysis-text.txt (exact-string search on the principal ARN suffix).
privesc19-UpdateExistingGlueDevEndpoint--role,privesc19-UpdateExistingGlueDevEndpoint,privesc,yes,cloudfox,admin,default,P,raw-output/cloudfox/admin-default-2026-08-31/cloudfox-outdir/cloudfox-output/aws/personal-000000000000/csv/permissions.csv,validated,"Rubric 3 P / 4.1: permissions.csv binds the enabling permission to this specific principal (2 grant row(s): Allow glue:UpdateDevEndpoint; Allow glue:GetDevEndpoint) but names no target and does not characterise it as escalation. Search: grep ',privesc19-UpdateExistingGlueDevEndpoint-role,' csv/permissions.csv."
privesc19-UpdateExistingGlueDevEndpoint--role,privesc19-UpdateExistingGlueDevEndpoint,privesc,yes,cloudfox-path,admin,default,N/A,raw-output/cloudfox/admin-default-2026-08-31/cloudfox-outdir/cloudfox-output/aws/personal-000000000000/csv/principals.csv,validated,"Rubric 4.9. cloudfox's CanPrivEscToAdmin? column reads 'Skipping, no pmapper data' in every one of its 140 instances this run (94 principals + 44 role-trusts + 1 root-trust + 1 workload). cloudfox documents that it delegates path enumeration to PMapper: 'Cloudfox will not install or run pmapper for you, but because pmapper stores it's graph data in a predictable location, this CloudFox command will look to see if that data exists, and if it does, it give you a list of all of the principals that pmapper thinks can escalate to admin.' -- https://github.com/BishopFox/cloudfox/wiki/AWS-Commands#pmapper ; quoted and sourced in raw-output/cloudfox/admin-default-2026-08-31/run-metadata.md. Recorded, NOT scored as a miss. cloudfox's own surfaces are graded on the 'cloudfox' rows above."
privesc19-UpdateExistingGlueDevEndpoint--user,privesc19-UpdateExistingGlueDevEndpoint,privesc,yes,pmapper,admin,default,M,raw-output/pmapper/admin-default-2026-08-31/output/01-graph-create.stderr.txt,validated,"Crash-M per rubric 4.7, tally separately from detection-Ms: 'graph create' terminated on an unhandled botocore ConnectTimeoutError (autoscaling_edges.py catches ClientError only) and no graph was written; all 7 downstream commands failed. No principal was evaluated."
privesc19-UpdateExistingGlueDevEndpoint--user,privesc19-UpdateExistingGlueDevEndpoint,privesc,yes,pmapper,admin,"flagged (--include-regions, 17 opted-in regions)",M,raw-output/pmapper/admin-flagged-2026-08-31/output/04-query-preset-privesc.txt,validated,Absent from 04-query-preset-privesc.txt and from 06-analysis-text.txt (exact-string search on the principal ARN suffix).
privesc19-UpdateExistingGlueDevEndpoint--user,privesc19-UpdateExistingGlueDevEndpoint,privesc,yes,cloudfox,admin,default,P,raw-output/cloudfox/admin-default-2026-08-31/cloudfox-outdir/cloudfox-output/aws/personal-000000000000/csv/permissions.csv,validated,"Rubric 3 P / 4.1: permissions.csv binds the enabling permission to this specific principal (2 grant row(s): Allow glue:UpdateDevEndpoint; Allow glue:GetDevEndpoint) but names no target and does not characterise it as escalation. Search: grep ',privesc19-UpdateExistingGlueDevEndpoint-user,' csv/permissions.csv."
privesc19-UpdateExistingGlueDevEndpoint--user,privesc19-UpdateExistingGlueDevEndpoint,privesc,yes,cloudfox-path,admin,default,N/A,raw-output/cloudfox/admin-default-2026-08-31/cloudfox-outdir/cloudfox-output/aws/personal-000000000000/csv/principals.csv,validated,"Rubric 4.9. cloudfox's CanPrivEscToAdmin? column reads 'Skipping, no pmapper data' in every one of its 140 instances this run (94 principals + 44 role-trusts + 1 root-trust + 1 workload). cloudfox documents that it delegates path enumeration to PMapper: 'Cloudfox will not install or run pmapper for you, but because pmapper stores it's graph data in a predictable location, this CloudFox command will look to see if that data exists, and if it does, it give you a list of all of the principals that pmapper thinks can escalate to admin.' -- https://github.com/BishopFox/cloudfox/wiki/AWS-Commands#pmapper ; quoted and sourced in raw-output/cloudfox/admin-default-2026-08-31/run-metadata.md. Recorded, NOT scored as a miss. cloudfox's own surfaces are graded on the 'cloudfox' rows above."
privesc20-PassExistingRoleToCloudFormation--role,privesc20-PassExistingRoleToCloudFormation,privesc,no,pmapper,admin,default,M,raw-output/pmapper/admin-default-2026-08-31/output/01-graph-create.stderr.txt,validated,"Crash-M per rubric 4.7, tally separately from detection-Ms: 'graph create' terminated on an unhandled botocore ConnectTimeoutError (autoscaling_edges.py catches ClientError only) and no graph was written; all 7 downstream commands failed. No principal was evaluated."
privesc20-PassExistingRoleToCloudFormation--role,privesc20-PassExistingRoleToCloudFormation,privesc,no,pmapper,admin,"flagged (--include-regions, 17 opted-in regions)",D,raw-output/pmapper/admin-flagged-2026-08-31/output/04-query-preset-privesc.txt,validated,"preset privesc names principal, mechanism and administrative target: ""role/privesc20-PassExistingRoleToCloudFormation-role can create a stack in CloudFormation to access role/privesc-high-priv-service-role""."
privesc20-PassExistingRoleToCloudFormation--role,privesc20-PassExistingRoleToCloudFormation,privesc,no,cloudfox,admin,default,P,raw-output/cloudfox/admin-default-2026-08-31/cloudfox-outdir/cloudfox-output/aws/personal-000000000000/csv/permissions.csv,validated,"Rubric 3 P / 4.1: permissions.csv binds the enabling permission to this specific principal (3 grant row(s): Allow iam:PassRole; Allow cloudformation:CreateStack; Allow cloudformation:DescribeStacks) but names no target and does not characterise it as escalation. Search: grep ',privesc20-PassExistingRoleToCloudFormation-role,' csv/permissions.csv. iam-simulator additionally reports: can iam:PassRole on *."
privesc20-PassExistingRoleToCloudFormation--role,privesc20-PassExistingRoleToCloudFormation,privesc,no,cloudfox-path,admin,default,N/A,raw-output/cloudfox/admin-default-2026-08-31/cloudfox-outdir/cloudfox-output/aws/personal-000000000000/csv/principals.csv,validated,"Rubric 4.9. cloudfox's CanPrivEscToAdmin? column reads 'Skipping, no pmapper data' in every one of its 140 instances this run (94 principals + 44 role-trusts + 1 root-trust + 1 workload). cloudfox documents that it delegates path enumeration to PMapper: 'Cloudfox will not install or run pmapper for you, but because pmapper stores it's graph data in a predictable location, this CloudFox command will look to see if that data exists, and if it does, it give you a list of all of the principals that pmapper thinks can escalate to admin.' -- https://github.com/BishopFox/cloudfox/wiki/AWS-Commands#pmapper ; quoted and sourced in raw-output/cloudfox/admin-default-2026-08-31/run-metadata.md. Recorded, NOT scored as a miss. cloudfox's own surfaces are graded on the 'cloudfox' rows above."
privesc20-PassExistingRoleToCloudFormation--user,privesc20-PassExistingRoleToCloudFormation,privesc,no,pmapper,admin,default,M,raw-output/pmapper/admin-default-2026-08-31/output/01-graph-create.stderr.txt,validated,"Crash-M per rubric 4.7, tally separately from detection-Ms: 'graph create' terminated on an unhandled botocore ConnectTimeoutError (autoscaling_edges.py catches ClientError only) and no graph was written; all 7 downstream commands failed. No principal was evaluated."
privesc20-PassExistingRoleToCloudFormation--user,privesc20-PassExistingRoleToCloudFormation,privesc,no,pmapper,admin,"flagged (--include-regions, 17 opted-in regions)",D,raw-output/pmapper/admin-flagged-2026-08-31/output/04-query-preset-privesc.txt,validated,"preset privesc names principal, mechanism and administrative target: ""user/privesc20-PassExistingRoleToCloudFormation-user can create a stack in CloudFormation to access role/privesc-high-priv-service-role""."
privesc20-PassExistingRoleToCloudFormation--user,privesc20-PassExistingRoleToCloudFormation,privesc,no,cloudfox,admin,default,P,raw-output/cloudfox/admin-default-2026-08-31/cloudfox-outdir/cloudfox-output/aws/personal-000000000000/csv/permissions.csv,validated,"Rubric 3 P / 4.1: permissions.csv binds the enabling permission to this specific principal (3 grant row(s): Allow iam:PassRole; Allow cloudformation:CreateStack; Allow cloudformation:DescribeStacks) but names no target and does not characterise it as escalation. Search: grep ',privesc20-PassExistingRoleToCloudFormation-user,' csv/permissions.csv. iam-simulator additionally reports: can iam:PassRole on *."
privesc20-PassExistingRoleToCloudFormation--user,privesc20-PassExistingRoleToCloudFormation,privesc,no,cloudfox-path,admin,default,N/A,raw-output/cloudfox/admin-default-2026-08-31/cloudfox-outdir/cloudfox-output/aws/personal-000000000000/csv/principals.csv,validated,"Rubric 4.9. cloudfox's CanPrivEscToAdmin? column reads 'Skipping, no pmapper data' in every one of its 140 instances this run (94 principals + 44 role-trusts + 1 root-trust + 1 workload). cloudfox documents that it delegates path enumeration to PMapper: 'Cloudfox will not install or run pmapper for you, but because pmapper stores it's graph data in a predictable location, this CloudFox command will look to see if that data exists, and if it does, it give you a list of all of the principals that pmapper thinks can escalate to admin.' -- https://github.com/BishopFox/cloudfox/wiki/AWS-Commands#pmapper ; quoted and sourced in raw-output/cloudfox/admin-default-2026-08-31/run-metadata.md. Recorded, NOT scored as a miss. cloudfox's own surfaces are graded on the 'cloudfox' rows above."
privesc21-PassExistingRoleToNewDataPipeline--role,privesc21-PassExistingRoleToNewDataPipeline,privesc,no,pmapper,admin,default,M,raw-output/pmapper/admin-default-2026-08-31/output/01-graph-create.stderr.txt,validated,"Crash-M per rubric 4.7, tally separately from detection-Ms: 'graph create' terminated on an unhandled botocore ConnectTimeoutError (autoscaling_edges.py catches ClientError only) and no graph was written; all 7 downstream commands failed. No principal was evaluated."
privesc21-PassExistingRoleToNewDataPipeline--role,privesc21-PassExistingRoleToNewDataPipeline,privesc,no,pmapper,admin,"flagged (--include-regions, 17 opted-in regions)",M,raw-output/pmapper/admin-flagged-2026-08-31/output/04-query-preset-privesc.txt,inferred,Absent from 04-query-preset-privesc.txt and from 06-analysis-text.txt (exact-string search on the principal ARN suffix). scenarios.md marks target_absent=no for this row BY INFERENCE (Data Pipeline is closed to new customers; creation was never attempted). Grade rests on unconfirmed ground truth.
privesc21-PassExistingRoleToNewDataPipeline--role,privesc21-PassExistingRoleToNewDataPipeline,privesc,no,cloudfox,admin,default,P,raw-output/cloudfox/admin-default-2026-08-31/cloudfox-outdir/cloudfox-output/aws/personal-000000000000/csv/permissions.csv,validated,"Rubric 3 P / 4.1: permissions.csv binds the enabling permission to this specific principal (4 grant row(s): Allow iam:PassRole; Allow datapipeline:CreatePipeline; Allow datapipeline:PutPipelineDefinition; Allow datapipeline:ActivatePipeline) but names no target and does not characterise it as escalation. Search: grep ',privesc21-PassExistingRoleToNewDataPipeline-role,' csv/permissions.csv. iam-simulator additionally reports: can iam:PassRole on *."
privesc21-PassExistingRoleToNewDataPipeline--role,privesc21-PassExistingRoleToNewDataPipeline,privesc,no,cloudfox-path,admin,default,N/A,raw-output/cloudfox/admin-default-2026-08-31/cloudfox-outdir/cloudfox-output/aws/personal-000000000000/csv/principals.csv,validated,"Rubric 4.9. cloudfox's CanPrivEscToAdmin? column reads 'Skipping, no pmapper data' in every one of its 140 instances this run (94 principals + 44 role-trusts + 1 root-trust + 1 workload). cloudfox documents that it delegates path enumeration to PMapper: 'Cloudfox will not install or run pmapper for you, but because pmapper stores it's graph data in a predictable location, this CloudFox command will look to see if that data exists, and if it does, it give you a list of all of the principals that pmapper thinks can escalate to admin.' -- https://github.com/BishopFox/cloudfox/wiki/AWS-Commands#pmapper ; quoted and sourced in raw-output/cloudfox/admin-default-2026-08-31/run-metadata.md. Recorded, NOT scored as a miss. cloudfox's own surfaces are graded on the 'cloudfox' rows above."
privesc21-PassExistingRoleToNewDataPipeline--user,privesc21-PassExistingRoleToNewDataPipeline,privesc,no,pmapper,admin,default,M,raw-output/pmapper/admin-default-2026-08-31/output/01-graph-create.stderr.txt,validated,"Crash-M per rubric 4.7, tally separately from detection-Ms: 'graph create' terminated on an unhandled botocore ConnectTimeoutError (autoscaling_edges.py catches ClientError only) and no graph was written; all 7 downstream commands failed. No principal was evaluated."
privesc21-PassExistingRoleToNewDataPipeline--user,privesc21-PassExistingRoleToNewDataPipeline,privesc,no,pmapper,admin,"flagged (--include-regions, 17 opted-in regions)",M,raw-output/pmapper/admin-flagged-2026-08-31/output/04-query-preset-privesc.txt,inferred,Absent from 04-query-preset-privesc.txt and from 06-analysis-text.txt (exact-string search on the principal ARN suffix). scenarios.md marks target_absent=no for this row BY INFERENCE (Data Pipeline is closed to new customers; creation was never attempted). Grade rests on unconfirmed ground truth.
privesc21-PassExistingRoleToNewDataPipeline--user,privesc21-PassExistingRoleToNewDataPipeline,privesc,no,cloudfox,admin,default,P,raw-output/cloudfox/admin-default-2026-08-31/cloudfox-outdir/cloudfox-output/aws/personal-000000000000/csv/permissions.csv,validated,"Rubric 3 P / 4.1: permissions.csv binds the enabling permission to this specific principal (4 grant row(s): Allow iam:PassRole; Allow datapipeline:CreatePipeline; Allow datapipeline:PutPipelineDefinition; Allow datapipeline:ActivatePipeline) but names no target and does not characterise it as escalation. Search: grep ',privesc21-PassExistingRoleToNewDataPipeline-user,' csv/permissions.csv. iam-simulator additionally reports: can iam:PassRole on *."
privesc21-PassExistingRoleToNewDataPipeline--user,privesc21-PassExistingRoleToNewDataPipeline,privesc,no,cloudfox-path,admin,default,N/A,raw-output/cloudfox/admin-default-2026-08-31/cloudfox-outdir/cloudfox-output/aws/personal-000000000000/csv/principals.csv,validated,"Rubric 4.9. cloudfox's CanPrivEscToAdmin? column reads 'Skipping, no pmapper data' in every one of its 140 instances this run (94 principals + 44 role-trusts + 1 root-trust + 1 workload). cloudfox documents that it delegates path enumeration to PMapper: 'Cloudfox will not install or run pmapper for you, but because pmapper stores it's graph data in a predictable location, this CloudFox command will look to see if that data exists, and if it does, it give you a list of all of the principals that pmapper thinks can escalate to admin.' -- https://github.com/BishopFox/cloudfox/wiki/AWS-Commands#pmapper ; quoted and sourced in raw-output/cloudfox/admin-default-2026-08-31/run-metadata.md. Recorded, NOT scored as a miss. cloudfox's own surfaces are graded on the 'cloudfox' rows above."
privesc-CloudFormationUpdateStack--role,privesc-CloudFormationUpdateStack,privesc,yes,pmapper,admin,default,M,raw-output/pmapper/admin-default-2026-08-31/output/01-graph-create.stderr.txt,validated,"Crash-M per rubric 4.7, tally separately from detection-Ms: 'graph create' terminated on an unhandled botocore ConnectTimeoutError (autoscaling_edges.py catches ClientError only) and no graph was written; all 7 downstream commands failed. No principal was evaluated."
privesc-CloudFormationUpdateStack--role,privesc-CloudFormationUpdateStack,privesc,yes,pmapper,admin,"flagged (--include-regions, 17 opted-in regions)",M,raw-output/pmapper/admin-flagged-2026-08-31/output/04-query-preset-privesc.txt,validated,Absent from 04-query-preset-privesc.txt and from 06-analysis-text.txt (exact-string search on the principal ARN suffix).
privesc-CloudFormationUpdateStack--role,privesc-CloudFormationUpdateStack,privesc,yes,cloudfox,admin,default,P,raw-output/cloudfox/admin-default-2026-08-31/cloudfox-outdir/cloudfox-output/aws/personal-000000000000/csv/permissions.csv,validated,"Rubric 3 P / 4.1: permissions.csv binds the enabling permission to this specific principal (2 grant row(s): Allow cloudformation:UpdateStack; Allow cloudformation:DescribeStacks) but names no target and does not characterise it as escalation. Search: grep ',privesc-CloudFormationUpdateStack-role,' csv/permissions.csv."
privesc-CloudFormationUpdateStack--role,privesc-CloudFormationUpdateStack,privesc,yes,cloudfox-path,admin,default,N/A,raw-output/cloudfox/admin-default-2026-08-31/cloudfox-outdir/cloudfox-output/aws/personal-000000000000/csv/principals.csv,validated,"Rubric 4.9. cloudfox's CanPrivEscToAdmin? column reads 'Skipping, no pmapper data' in every one of its 140 instances this run (94 principals + 44 role-trusts + 1 root-trust + 1 workload). cloudfox documents that it delegates path enumeration to PMapper: 'Cloudfox will not install or run pmapper for you, but because pmapper stores it's graph data in a predictable location, this CloudFox command will look to see if that data exists, and if it does, it give you a list of all of the principals that pmapper thinks can escalate to admin.' -- https://github.com/BishopFox/cloudfox/wiki/AWS-Commands#pmapper ; quoted and sourced in raw-output/cloudfox/admin-default-2026-08-31/run-metadata.md. Recorded, NOT scored as a miss. cloudfox's own surfaces are graded on the 'cloudfox' rows above."
privesc-CloudFormationUpdateStack--user,privesc-CloudFormationUpdateStack,privesc,yes,pmapper,admin,default,M,raw-output/pmapper/admin-default-2026-08-31/output/01-graph-create.stderr.txt,validated,"Crash-M per rubric 4.7, tally separately from detection-Ms: 'graph create' terminated on an unhandled botocore ConnectTimeoutError (autoscaling_edges.py catches ClientError only) and no graph was written; all 7 downstream commands failed. No principal was evaluated."
privesc-CloudFormationUpdateStack--user,privesc-CloudFormationUpdateStack,privesc,yes,pmapper,admin,"flagged (--include-regions, 17 opted-in regions)",M,raw-output/pmapper/admin-flagged-2026-08-31/output/04-query-preset-privesc.txt,validated,Absent from 04-query-preset-privesc.txt and from 06-analysis-text.txt (exact-string search on the principal ARN suffix).
privesc-CloudFormationUpdateStack--user,privesc-CloudFormationUpdateStack,privesc,yes,cloudfox,admin,default,P,raw-output/cloudfox/admin-default-2026-08-31/cloudfox-outdir/cloudfox-output/aws/personal-000000000000/csv/permissions.csv,validated,"Rubric 3 P / 4.1: permissions.csv binds the enabling permission to this specific principal (2 grant row(s): Allow cloudformation:UpdateStack; Allow cloudformation:DescribeStacks) but names no target and does not characterise it as escalation. Search: grep ',privesc-CloudFormationUpdateStack-user,' csv/permissions.csv."
privesc-CloudFormationUpdateStack--user,privesc-CloudFormationUpdateStack,privesc,yes,cloudfox-path,admin,default,N/A,raw-output/cloudfox/admin-default-2026-08-31/cloudfox-outdir/cloudfox-output/aws/personal-000000000000/csv/principals.csv,validated,"Rubric 4.9. cloudfox's CanPrivEscToAdmin? column reads 'Skipping, no pmapper data' in every one of its 140 instances this run (94 principals + 44 role-trusts + 1 root-trust + 1 workload). cloudfox documents that it delegates path enumeration to PMapper: 'Cloudfox will not install or run pmapper for you, but because pmapper stores it's graph data in a predictable location, this CloudFox command will look to see if that data exists, and if it does, it give you a list of all of the principals that pmapper thinks can escalate to admin.' -- https://github.com/BishopFox/cloudfox/wiki/AWS-Commands#pmapper ; quoted and sourced in raw-output/cloudfox/admin-default-2026-08-31/run-metadata.md. Recorded, NOT scored as a miss. cloudfox's own surfaces are graded on the 'cloudfox' rows above."
privesc-codeBuildCreateProjectPassRole--role,privesc-codeBuildCreateProjectPassRole,privesc,no,pmapper,admin,default,M,raw-output/pmapper/admin-default-2026-08-31/output/01-graph-create.stderr.txt,validated,"Crash-M per rubric 4.7, tally separately from detection-Ms: 'graph create' terminated on an unhandled botocore ConnectTimeoutError (autoscaling_edges.py catches ClientError only) and no graph was written; all 7 downstream commands failed. No principal was evaluated."
privesc-codeBuildCreateProjectPassRole--role,privesc-codeBuildCreateProjectPassRole,privesc,no,pmapper,admin,"flagged (--include-regions, 17 opted-in regions)",D,raw-output/pmapper/admin-flagged-2026-08-31/output/04-query-preset-privesc.txt,validated,"preset privesc names principal, mechanism and administrative target: ""role/privesc-codeBuildCreateProjectPassRole-role can create a project in CodeBuild to access role/privesc-high-priv-service-role""."
privesc-codeBuildCreateProjectPassRole--role,privesc-codeBuildCreateProjectPassRole,privesc,no,cloudfox,admin,default,P,raw-output/cloudfox/admin-default-2026-08-31/cloudfox-outdir/cloudfox-output/aws/personal-000000000000/csv/permissions.csv,validated,"Rubric 3 P / 4.1: permissions.csv binds the enabling permission to this specific principal (5 grant row(s): Allow codebuild:CreateProject; Allow codebuild:StartBuild; Allow codebuild:StartBuildBatch; Allow iam:PassRole ...) but names no target and does not characterise it as escalation. Search: grep ',privesc-codeBuildCreateProjectPassRole-role,' csv/permissions.csv. iam-simulator additionally reports: can iam:PassRole on *."
privesc-codeBuildCreateProjectPassRole--role,privesc-codeBuildCreateProjectPassRole,privesc,no,cloudfox-path,admin,default,N/A,raw-output/cloudfox/admin-default-2026-08-31/cloudfox-outdir/cloudfox-output/aws/personal-000000000000/csv/principals.csv,validated,"Rubric 4.9. cloudfox's CanPrivEscToAdmin? column reads 'Skipping, no pmapper data' in every one of its 140 instances this run (94 principals + 44 role-trusts + 1 root-trust + 1 workload). cloudfox documents that it delegates path enumeration to PMapper: 'Cloudfox will not install or run pmapper for you, but because pmapper stores it's graph data in a predictable location, this CloudFox command will look to see if that data exists, and if it does, it give you a list of all of the principals that pmapper thinks can escalate to admin.' -- https://github.com/BishopFox/cloudfox/wiki/AWS-Commands#pmapper ; quoted and sourced in raw-output/cloudfox/admin-default-2026-08-31/run-metadata.md. Recorded, NOT scored as a miss. cloudfox's own surfaces are graded on the 'cloudfox' rows above."
privesc-codeBuildCreateProjectPassRole--user,privesc-codeBuildCreateProjectPassRole,privesc,no,pmapper,admin,default,M,raw-output/pmapper/admin-default-2026-08-31/output/01-graph-create.stderr.txt,validated,"Crash-M per rubric 4.7, tally separately from detection-Ms: 'graph create' terminated on an unhandled botocore ConnectTimeoutError (autoscaling_edges.py catches ClientError only) and no graph was written; all 7 downstream commands failed. No principal was evaluated."
privesc-codeBuildCreateProjectPassRole--user,privesc-codeBuildCreateProjectPassRole,privesc,no,pmapper,admin,"flagged (--include-regions, 17 opted-in regions)",D,raw-output/pmapper/admin-flagged-2026-08-31/output/04-query-preset-privesc.txt,validated,"preset privesc names principal, mechanism and administrative target: ""user/privesc-codeBuildCreateProjectPassRole-user can create a project in CodeBuild to access role/privesc-high-priv-service-role""."
privesc-codeBuildCreateProjectPassRole--user,privesc-codeBuildCreateProjectPassRole,privesc,no,cloudfox,admin,default,M,raw-output/cloudfox/admin-default-2026-08-31/cloudfox-logs/cloudfox-error.log,validated,"Crash-M per rubric 4.7 (tally separately): cloudfox's iam-simulator module gave up on this principal after 3 retries of 'IAM: SimulatePrincipalPolicy ... Throttling: Rate exceeded' (Failed admin check). The failure is invisible in the output surface: the principal still prints with IsAdminRole?=No, indistinguishable from a negative result. Without rubric 4.7 this cell would be P: permissions.csv does bind the enabling permission to the principal. Rubric 4.6 also points down."
privesc-codeBuildCreateProjectPassRole--user,privesc-codeBuildCreateProjectPassRole,privesc,no,cloudfox-path,admin,default,N/A,raw-output/cloudfox/admin-default-2026-08-31/cloudfox-outdir/cloudfox-output/aws/personal-000000000000/csv/principals.csv,validated,"Rubric 4.9. cloudfox's CanPrivEscToAdmin? column reads 'Skipping, no pmapper data' in every one of its 140 instances this run (94 principals + 44 role-trusts + 1 root-trust + 1 workload). cloudfox documents that it delegates path enumeration to PMapper: 'Cloudfox will not install or run pmapper for you, but because pmapper stores it's graph data in a predictable location, this CloudFox command will look to see if that data exists, and if it does, it give you a list of all of the principals that pmapper thinks can escalate to admin.' -- https://github.com/BishopFox/cloudfox/wiki/AWS-Commands#pmapper ; quoted and sourced in raw-output/cloudfox/admin-default-2026-08-31/run-metadata.md. Recorded, NOT scored as a miss. cloudfox's own surfaces are graded on the 'cloudfox' rows above."
privesc-ec2InstanceConnect--role,privesc-ec2InstanceConnect,privesc,yes,pmapper,admin,default,M,raw-output/pmapper/admin-default-2026-08-31/output/01-graph-create.stderr.txt,validated,"Crash-M per rubric 4.7, tally separately from detection-Ms: 'graph create' terminated on an unhandled botocore ConnectTimeoutError (autoscaling_edges.py catches ClientError only) and no graph was written; all 7 downstream commands failed. No principal was evaluated."
privesc-ec2InstanceConnect--role,privesc-ec2InstanceConnect,privesc,yes,pmapper,admin,"flagged (--include-regions, 17 opted-in regions)",M,raw-output/pmapper/admin-flagged-2026-08-31/output/04-query-preset-privesc.txt,validated,Absent from 04-query-preset-privesc.txt and from 06-analysis-text.txt (exact-string search on the principal ARN suffix).
privesc-ec2InstanceConnect--role,privesc-ec2InstanceConnect,privesc,yes,cloudfox,admin,default,P,raw-output/cloudfox/admin-default-2026-08-31/cloudfox-outdir/cloudfox-output/aws/personal-000000000000/csv/permissions.csv,validated,"Rubric 3 P / 4.1: permissions.csv binds the enabling permission to this specific principal (3 grant row(s): Allow ec2:DescribeInstances; Allow ec2-instance-connect:SendSSHPublicKey; Allow ec2-instance-connect:SendSerialConsoleSSHPublicKey) but names no target and does not characterise it as escalation. Search: grep ',privesc-ec2InstanceConnect-role,' csv/permissions.csv."
privesc-ec2InstanceConnect--role,privesc-ec2InstanceConnect,privesc,yes,cloudfox-path,admin,default,N/A,raw-output/cloudfox/admin-default-2026-08-31/cloudfox-outdir/cloudfox-output/aws/personal-000000000000/csv/principals.csv,validated,"Rubric 4.9. cloudfox's CanPrivEscToAdmin? column reads 'Skipping, no pmapper data' in every one of its 140 instances this run (94 principals + 44 role-trusts + 1 root-trust + 1 workload). cloudfox documents that it delegates path enumeration to PMapper: 'Cloudfox will not install or run pmapper for you, but because pmapper stores it's graph data in a predictable location, this CloudFox command will look to see if that data exists, and if it does, it give you a list of all of the principals that pmapper thinks can escalate to admin.' -- https://github.com/BishopFox/cloudfox/wiki/AWS-Commands#pmapper ; quoted and sourced in raw-output/cloudfox/admin-default-2026-08-31/run-metadata.md. Recorded, NOT scored as a miss. cloudfox's own surfaces are graded on the 'cloudfox' rows above."
privesc-ec2InstanceConnect--user,privesc-ec2InstanceConnect,privesc,yes,pmapper,admin,default,M,raw-output/pmapper/admin-default-2026-08-31/output/01-graph-create.stderr.txt,validated,"Crash-M per rubric 4.7, tally separately from detection-Ms: 'graph create' terminated on an unhandled botocore ConnectTimeoutError (autoscaling_edges.py catches ClientError only) and no graph was written; all 7 downstream commands failed. No principal was evaluated."
privesc-ec2InstanceConnect--user,privesc-ec2InstanceConnect,privesc,yes,pmapper,admin,"flagged (--include-regions, 17 opted-in regions)",M,raw-output/pmapper/admin-flagged-2026-08-31/output/04-query-preset-privesc.txt,validated,Absent from 04-query-preset-privesc.txt and from 06-analysis-text.txt (exact-string search on the principal ARN suffix).
privesc-ec2InstanceConnect--user,privesc-ec2InstanceConnect,privesc,yes,cloudfox,admin,default,P,raw-output/cloudfox/admin-default-2026-08-31/cloudfox-outdir/cloudfox-output/aws/personal-000000000000/csv/permissions.csv,validated,"Rubric 3 P / 4.1: permissions.csv binds the enabling permission to this specific principal (3 grant row(s): Allow ec2:DescribeInstances; Allow ec2-instance-connect:SendSSHPublicKey; Allow ec2-instance-connect:SendSerialConsoleSSHPublicKey) but names no target and does not characterise it as escalation. Search: grep ',privesc-ec2InstanceConnect-user,' csv/permissions.csv."
privesc-ec2InstanceConnect--user,privesc-ec2InstanceConnect,privesc,yes,cloudfox-path,admin,default,N/A,raw-output/cloudfox/admin-default-2026-08-31/cloudfox-outdir/cloudfox-output/aws/personal-000000000000/csv/principals.csv,validated,"Rubric 4.9. cloudfox's CanPrivEscToAdmin? column reads 'Skipping, no pmapper data' in every one of its 140 instances this run (94 principals + 44 role-trusts + 1 root-trust + 1 workload). cloudfox documents that it delegates path enumeration to PMapper: 'Cloudfox will not install or run pmapper for you, but because pmapper stores it's graph data in a predictable location, this CloudFox command will look to see if that data exists, and if it does, it give you a list of all of the principals that pmapper thinks can escalate to admin.' -- https://github.com/BishopFox/cloudfox/wiki/AWS-Commands#pmapper ; quoted and sourced in raw-output/cloudfox/admin-default-2026-08-31/run-metadata.md. Recorded, NOT scored as a miss. cloudfox's own surfaces are graded on the 'cloudfox' rows above."
privesc-sageMakerCreateNotebookPassRole--role,privesc-sageMakerCreateNotebookPassRole,privesc,no,pmapper,admin,default,M,raw-output/pmapper/admin-default-2026-08-31/output/01-graph-create.stderr.txt,validated,"Crash-M per rubric 4.7, tally separately from detection-Ms: 'graph create' terminated on an unhandled botocore ConnectTimeoutError (autoscaling_edges.py catches ClientError only) and no graph was written; all 7 downstream commands failed. No principal was evaluated."
privesc-sageMakerCreateNotebookPassRole--role,privesc-sageMakerCreateNotebookPassRole,privesc,no,pmapper,admin,"flagged (--include-regions, 17 opted-in regions)",D,raw-output/pmapper/admin-flagged-2026-08-31/output/04-query-preset-privesc.txt,validated,"preset privesc names principal, mechanism and administrative target: ""role/privesc-sageMakerCreateNotebookPassRole-role can use SageMaker to launch a notebook and access role/privesc-high-priv-service-role""."
privesc-sageMakerCreateNotebookPassRole--role,privesc-sageMakerCreateNotebookPassRole,privesc,no,cloudfox,admin,default,P,raw-output/cloudfox/admin-default-2026-08-31/cloudfox-outdir/cloudfox-output/aws/personal-000000000000/csv/permissions.csv,validated,"Rubric 3 P / 4.1: permissions.csv binds the enabling permission to this specific principal (8 grant row(s): Allow sagemaker:CreateNotebookInstance; Allow sagemaker:CreatePresignedNotebookInstanceUrl; Allow sagemaker:ListNotebookInstances; Allow sagemaker:DescribeNotebookInstance ...) but names no target and does not characterise it as escalation. Search: grep ',privesc-sageMakerCreateNotebookPassRole-role,' csv/permissions.csv. iam-simulator additionally reports: can iam:PassRole on *."
privesc-sageMakerCreateNotebookPassRole--role,privesc-sageMakerCreateNotebookPassRole,privesc,no,cloudfox-path,admin,default,N/A,raw-output/cloudfox/admin-default-2026-08-31/cloudfox-outdir/cloudfox-output/aws/personal-000000000000/csv/principals.csv,validated,"Rubric 4.9. cloudfox's CanPrivEscToAdmin? column reads 'Skipping, no pmapper data' in every one of its 140 instances this run (94 principals + 44 role-trusts + 1 root-trust + 1 workload). cloudfox documents that it delegates path enumeration to PMapper: 'Cloudfox will not install or run pmapper for you, but because pmapper stores it's graph data in a predictable location, this CloudFox command will look to see if that data exists, and if it does, it give you a list of all of the principals that pmapper thinks can escalate to admin.' -- https://github.com/BishopFox/cloudfox/wiki/AWS-Commands#pmapper ; quoted and sourced in raw-output/cloudfox/admin-default-2026-08-31/run-metadata.md. Recorded, NOT scored as a miss. cloudfox's own surfaces are graded on the 'cloudfox' rows above."
privesc-sageMakerCreateNotebookPassRole--user,privesc-sageMakerCreateNotebookPassRole,privesc,no,pmapper,admin,default,M,raw-output/pmapper/admin-default-2026-08-31/output/01-graph-create.stderr.txt,validated,"Crash-M per rubric 4.7, tally separately from detection-Ms: 'graph create' terminated on an unhandled botocore ConnectTimeoutError (autoscaling_edges.py catches ClientError only) and no graph was written; all 7 downstream commands failed. No principal was evaluated."
privesc-sageMakerCreateNotebookPassRole--user,privesc-sageMakerCreateNotebookPassRole,privesc,no,pmapper,admin,"flagged (--include-regions, 17 opted-in regions)",D,raw-output/pmapper/admin-flagged-2026-08-31/output/04-query-preset-privesc.txt,validated,"preset privesc names principal, mechanism and administrative target: ""user/privesc-sageMakerCreateNotebookPassRole-user can use SageMaker to launch a notebook and access role/privesc-high-priv-service-role""."
privesc-sageMakerCreateNotebookPassRole--user,privesc-sageMakerCreateNotebookPassRole,privesc,no,cloudfox,admin,default,P,raw-output/cloudfox/admin-default-2026-08-31/cloudfox-outdir/cloudfox-output/aws/personal-000000000000/csv/permissions.csv,validated,"Rubric 3 P / 4.1: permissions.csv binds the enabling permission to this specific principal (8 grant row(s): Allow sagemaker:CreateNotebookInstance; Allow sagemaker:CreatePresignedNotebookInstanceUrl; Allow sagemaker:ListNotebookInstances; Allow sagemaker:DescribeNotebookInstance ...) but names no target and does not characterise it as escalation. Search: grep ',privesc-sageMakerCreateNotebookPassRole-user,' csv/permissions.csv. iam-simulator additionally reports: can iam:PassRole on *."
privesc-sageMakerCreateNotebookPassRole--user,privesc-sageMakerCreateNotebookPassRole,privesc,no,cloudfox-path,admin,default,N/A,raw-output/cloudfox/admin-default-2026-08-31/cloudfox-outdir/cloudfox-output/aws/personal-000000000000/csv/principals.csv,validated,"Rubric 4.9. cloudfox's CanPrivEscToAdmin? column reads 'Skipping, no pmapper data' in every one of its 140 instances this run (94 principals + 44 role-trusts + 1 root-trust + 1 workload). cloudfox documents that it delegates path enumeration to PMapper: 'Cloudfox will not install or run pmapper for you, but because pmapper stores it's graph data in a predictable location, this CloudFox command will look to see if that data exists, and if it does, it give you a list of all of the principals that pmapper thinks can escalate to admin.' -- https://github.com/BishopFox/cloudfox/wiki/AWS-Commands#pmapper ; quoted and sourced in raw-output/cloudfox/admin-default-2026-08-31/run-metadata.md. Recorded, NOT scored as a miss. cloudfox's own surfaces are graded on the 'cloudfox' rows above."
privesc-sageMakerCreatePresignedNotebookURL--role,privesc-sageMakerCreatePresignedNotebookURL,privesc,yes,pmapper,admin,default,M,raw-output/pmapper/admin-default-2026-08-31/output/01-graph-create.stderr.txt,validated,"Crash-M per rubric 4.7, tally separately from detection-Ms: 'graph create' terminated on an unhandled botocore ConnectTimeoutError (autoscaling_edges.py catches ClientError only) and no graph was written; all 7 downstream commands failed. No principal was evaluated."
privesc-sageMakerCreatePresignedNotebookURL--role,privesc-sageMakerCreatePresignedNotebookURL,privesc,yes,pmapper,admin,"flagged (--include-regions, 17 opted-in regions)",M,raw-output/pmapper/admin-flagged-2026-08-31/output/04-query-preset-privesc.txt,validated,Absent from 04-query-preset-privesc.txt and from 06-analysis-text.txt (exact-string search on the principal ARN suffix).
privesc-sageMakerCreatePresignedNotebookURL--role,privesc-sageMakerCreatePresignedNotebookURL,privesc,yes,cloudfox,admin,default,P,raw-output/cloudfox/admin-default-2026-08-31/cloudfox-outdir/cloudfox-output/aws/personal-000000000000/csv/permissions.csv,validated,"Rubric 3 P / 4.1: permissions.csv binds the enabling permission to this specific principal (2 grant row(s): Allow sagemaker:CreatePresignedNotebookInstanceUrl; Allow sagemaker:ListNotebookInstances) but names no target and does not characterise it as escalation. Search: grep ',privesc-sageMakerCreatePresignedNotebookURL-role,' csv/permissions.csv."
privesc-sageMakerCreatePresignedNotebookURL--role,privesc-sageMakerCreatePresignedNotebookURL,privesc,yes,cloudfox-path,admin,default,N/A,raw-output/cloudfox/admin-default-2026-08-31/cloudfox-outdir/cloudfox-output/aws/personal-000000000000/csv/principals.csv,validated,"Rubric 4.9. cloudfox's CanPrivEscToAdmin? column reads 'Skipping, no pmapper data' in every one of its 140 instances this run (94 principals + 44 role-trusts + 1 root-trust + 1 workload). cloudfox documents that it delegates path enumeration to PMapper: 'Cloudfox will not install or run pmapper for you, but because pmapper stores it's graph data in a predictable location, this CloudFox command will look to see if that data exists, and if it does, it give you a list of all of the principals that pmapper thinks can escalate to admin.' -- https://github.com/BishopFox/cloudfox/wiki/AWS-Commands#pmapper ; quoted and sourced in raw-output/cloudfox/admin-default-2026-08-31/run-metadata.md. Recorded, NOT scored as a miss. cloudfox's own surfaces are graded on the 'cloudfox' rows above."
privesc-sageMakerCreatePresignedNotebookURL--user,privesc-sageMakerCreatePresignedNotebookURL,privesc,yes,pmapper,admin,default,M,raw-output/pmapper/admin-default-2026-08-31/output/01-graph-create.stderr.txt,validated,"Crash-M per rubric 4.7, tally separately from detection-Ms: 'graph create' terminated on an unhandled botocore ConnectTimeoutError (autoscaling_edges.py catches ClientError only) and no graph was written; all 7 downstream commands failed. No principal was evaluated."
privesc-sageMakerCreatePresignedNotebookURL--user,privesc-sageMakerCreatePresignedNotebookURL,privesc,yes,pmapper,admin,"flagged (--include-regions, 17 opted-in regions)",M,raw-output/pmapper/admin-flagged-2026-08-31/output/04-query-preset-privesc.txt,validated,Absent from 04-query-preset-privesc.txt and from 06-analysis-text.txt (exact-string search on the principal ARN suffix).
privesc-sageMakerCreatePresignedNotebookURL--user,privesc-sageMakerCreatePresignedNotebookURL,privesc,yes,cloudfox,admin,default,P,raw-output/cloudfox/admin-default-2026-08-31/cloudfox-outdir/cloudfox-output/aws/personal-000000000000/csv/permissions.csv,validated,"Rubric 3 P / 4.1: permissions.csv binds the enabling permission to this specific principal (2 grant row(s): Allow sagemaker:CreatePresignedNotebookInstanceUrl; Allow sagemaker:ListNotebookInstances) but names no target and does not characterise it as escalation. Search: grep ',privesc-sageMakerCreatePresignedNotebookURL-user,' csv/permissions.csv."
privesc-sageMakerCreatePresignedNotebookURL--user,privesc-sageMakerCreatePresignedNotebookURL,privesc,yes,cloudfox-path,admin,default,N/A,raw-output/cloudfox/admin-default-2026-08-31/cloudfox-outdir/cloudfox-output/aws/personal-000000000000/csv/principals.csv,validated,"Rubric 4.9. cloudfox's CanPrivEscToAdmin? column reads 'Skipping, no pmapper data' in every one of its 140 instances this run (94 principals + 44 role-trusts + 1 root-trust + 1 workload). cloudfox documents that it delegates path enumeration to PMapper: 'Cloudfox will not install or run pmapper for you, but because pmapper stores it's graph data in a predictable location, this CloudFox command will look to see if that data exists, and if it does, it give you a list of all of the principals that pmapper thinks can escalate to admin.' -- https://github.com/BishopFox/cloudfox/wiki/AWS-Commands#pmapper ; quoted and sourced in raw-output/cloudfox/admin-default-2026-08-31/run-metadata.md. Recorded, NOT scored as a miss. cloudfox's own surfaces are graded on the 'cloudfox' rows above."
privesc-sageMakerCreateProcessingJobPassRole--role,privesc-sageMakerCreateProcessingJobPassRole,privesc,no,pmapper,admin,default,M,raw-output/pmapper/admin-default-2026-08-31/output/01-graph-create.stderr.txt,validated,"Crash-M per rubric 4.7, tally separately from detection-Ms: 'graph create' terminated on an unhandled botocore ConnectTimeoutError (autoscaling_edges.py catches ClientError only) and no graph was written; all 7 downstream commands failed. No principal was evaluated."
privesc-sageMakerCreateProcessingJobPassRole--role,privesc-sageMakerCreateProcessingJobPassRole,privesc,no,pmapper,admin,"flagged (--include-regions, 17 opted-in regions)",D,raw-output/pmapper/admin-flagged-2026-08-31/output/04-query-preset-privesc.txt,validated,"preset privesc names principal, mechanism and administrative target: ""role/privesc-sageMakerCreateProcessingJobPassRole-role can use SageMaker to create a processing job and access role/privesc-high-priv-service-role""."
privesc-sageMakerCreateProcessingJobPassRole--role,privesc-sageMakerCreateProcessingJobPassRole,privesc,no,cloudfox,admin,default,P,raw-output/cloudfox/admin-default-2026-08-31/cloudfox-outdir/cloudfox-output/aws/personal-000000000000/csv/permissions.csv,validated,"Rubric 3 P / 4.1: permissions.csv binds the enabling permission to this specific principal (2 grant row(s): Allow sagemaker:CreateProcessingJob; Allow iam:PassRole) but names no target and does not characterise it as escalation. Search: grep ',privesc-sageMakerCreateProcessingJobPassRole-role,' csv/permissions.csv. iam-simulator additionally reports: can iam:PassRole on *."
privesc-sageMakerCreateProcessingJobPassRole--role,privesc-sageMakerCreateProcessingJobPassRole,privesc,no,cloudfox-path,admin,default,N/A,raw-output/cloudfox/admin-default-2026-08-31/cloudfox-outdir/cloudfox-output/aws/personal-000000000000/csv/principals.csv,validated,"Rubric 4.9. cloudfox's CanPrivEscToAdmin? column reads 'Skipping, no pmapper data' in every one of its 140 instances this run (94 principals + 44 role-trusts + 1 root-trust + 1 workload). cloudfox documents that it delegates path enumeration to PMapper: 'Cloudfox will not install or run pmapper for you, but because pmapper stores it's graph data in a predictable location, this CloudFox command will look to see if that data exists, and if it does, it give you a list of all of the principals that pmapper thinks can escalate to admin.' -- https://github.com/BishopFox/cloudfox/wiki/AWS-Commands#pmapper ; quoted and sourced in raw-output/cloudfox/admin-default-2026-08-31/run-metadata.md. Recorded, NOT scored as a miss. cloudfox's own surfaces are graded on the 'cloudfox' rows above."
privesc-sageMakerCreateProcessingJobPassRole--user,privesc-sageMakerCreateProcessingJobPassRole,privesc,no,pmapper,admin,default,M,raw-output/pmapper/admin-default-2026-08-31/output/01-graph-create.stderr.txt,validated,"Crash-M per rubric 4.7, tally separately from detection-Ms: 'graph create' terminated on an unhandled botocore ConnectTimeoutError (autoscaling_edges.py catches ClientError only) and no graph was written; all 7 downstream commands failed. No principal was evaluated."
privesc-sageMakerCreateProcessingJobPassRole--user,privesc-sageMakerCreateProcessingJobPassRole,privesc,no,pmapper,admin,"flagged (--include-regions, 17 opted-in regions)",D,raw-output/pmapper/admin-flagged-2026-08-31/output/04-query-preset-privesc.txt,validated,"preset privesc names principal, mechanism and administrative target: ""user/privesc-sageMakerCreateProcessingJobPassRole-user can use SageMaker to create a processing job and access role/privesc-high-priv-service-role""."
privesc-sageMakerCreateProcessingJobPassRole--user,privesc-sageMakerCreateProcessingJobPassRole,privesc,no,cloudfox,admin,default,P,raw-output/cloudfox/admin-default-2026-08-31/cloudfox-outdir/cloudfox-output/aws/personal-000000000000/csv/permissions.csv,validated,"Rubric 3 P / 4.1: permissions.csv binds the enabling permission to this specific principal (2 grant row(s): Allow sagemaker:CreateProcessingJob; Allow iam:PassRole) but names no target and does not characterise it as escalation. Search: grep ',privesc-sageMakerCreateProcessingJobPassRole-user,' csv/permissions.csv. iam-simulator additionally reports: can iam:PassRole on *."
privesc-sageMakerCreateProcessingJobPassRole--user,privesc-sageMakerCreateProcessingJobPassRole,privesc,no,cloudfox-path,admin,default,N/A,raw-output/cloudfox/admin-default-2026-08-31/cloudfox-outdir/cloudfox-output/aws/personal-000000000000/csv/principals.csv,validated,"Rubric 4.9. cloudfox's CanPrivEscToAdmin? column reads 'Skipping, no pmapper data' in every one of its 140 instances this run (94 principals + 44 role-trusts + 1 root-trust + 1 workload). cloudfox documents that it delegates path enumeration to PMapper: 'Cloudfox will not install or run pmapper for you, but because pmapper stores it's graph data in a predictable location, this CloudFox command will look to see if that data exists, and if it does, it give you a list of all of the principals that pmapper thinks can escalate to admin.' -- https://github.com/BishopFox/cloudfox/wiki/AWS-Commands#pmapper ; quoted and sourced in raw-output/cloudfox/admin-default-2026-08-31/run-metadata.md. Recorded, NOT scored as a miss. cloudfox's own surfaces are graded on the 'cloudfox' rows above."
privesc-sageMakerCreateTrainingJobPassRole--role,privesc-sageMakerCreateTrainingJobPassRole,privesc,no,pmapper,admin,default,M,raw-output/pmapper/admin-default-2026-08-31/output/01-graph-create.stderr.txt,validated,"Crash-M per rubric 4.7, tally separately from detection-Ms: 'graph create' terminated on an unhandled botocore ConnectTimeoutError (autoscaling_edges.py catches ClientError only) and no graph was written; all 7 downstream commands failed. No principal was evaluated."
privesc-sageMakerCreateTrainingJobPassRole--role,privesc-sageMakerCreateTrainingJobPassRole,privesc,no,pmapper,admin,"flagged (--include-regions, 17 opted-in regions)",D,raw-output/pmapper/admin-flagged-2026-08-31/output/04-query-preset-privesc.txt,validated,"preset privesc names principal, mechanism and administrative target: ""role/privesc-sageMakerCreateTrainingJobPassRole-role can use SageMaker to create a training job and access role/privesc-high-priv-service-role""."
privesc-sageMakerCreateTrainingJobPassRole--role,privesc-sageMakerCreateTrainingJobPassRole,privesc,no,cloudfox,admin,default,P,raw-output/cloudfox/admin-default-2026-08-31/cloudfox-outdir/cloudfox-output/aws/personal-000000000000/csv/permissions.csv,validated,"Rubric 3 P / 4.1: permissions.csv binds the enabling permission to this specific principal (2 grant row(s): Allow sagemaker:CreateTrainingJob; Allow iam:PassRole) but names no target and does not characterise it as escalation. Search: grep ',privesc-sageMakerCreateTrainingJobPassRole-role,' csv/permissions.csv. iam-simulator additionally reports: can iam:PassRole on *."
privesc-sageMakerCreateTrainingJobPassRole--role,privesc-sageMakerCreateTrainingJobPassRole,privesc,no,cloudfox-path,admin,default,N/A,raw-output/cloudfox/admin-default-2026-08-31/cloudfox-outdir/cloudfox-output/aws/personal-000000000000/csv/principals.csv,validated,"Rubric 4.9. cloudfox's CanPrivEscToAdmin? column reads 'Skipping, no pmapper data' in every one of its 140 instances this run (94 principals + 44 role-trusts + 1 root-trust + 1 workload). cloudfox documents that it delegates path enumeration to PMapper: 'Cloudfox will not install or run pmapper for you, but because pmapper stores it's graph data in a predictable location, this CloudFox command will look to see if that data exists, and if it does, it give you a list of all of the principals that pmapper thinks can escalate to admin.' -- https://github.com/BishopFox/cloudfox/wiki/AWS-Commands#pmapper ; quoted and sourced in raw-output/cloudfox/admin-default-2026-08-31/run-metadata.md. Recorded, NOT scored as a miss. cloudfox's own surfaces are graded on the 'cloudfox' rows above."
privesc-sageMakerCreateTrainingJobPassRole--user,privesc-sageMakerCreateTrainingJobPassRole,privesc,no,pmapper,admin,default,M,raw-output/pmapper/admin-default-2026-08-31/output/01-graph-create.stderr.txt,validated,"Crash-M per rubric 4.7, tally separately from detection-Ms: 'graph create' terminated on an unhandled botocore ConnectTimeoutError (autoscaling_edges.py catches ClientError only) and no graph was written; all 7 downstream commands failed. No principal was evaluated."
privesc-sageMakerCreateTrainingJobPassRole--user,privesc-sageMakerCreateTrainingJobPassRole,privesc,no,pmapper,admin,"flagged (--include-regions, 17 opted-in regions)",D,raw-output/pmapper/admin-flagged-2026-08-31/output/04-query-preset-privesc.txt,validated,"preset privesc names principal, mechanism and administrative target: ""user/privesc-sageMakerCreateTrainingJobPassRole-user can use SageMaker to create a training job and access role/privesc-high-priv-service-role""."
privesc-sageMakerCreateTrainingJobPassRole--user,privesc-sageMakerCreateTrainingJobPassRole,privesc,no,cloudfox,admin,default,P,raw-output/cloudfox/admin-default-2026-08-31/cloudfox-outdir/cloudfox-output/aws/personal-000000000000/csv/permissions.csv,validated,"Rubric 3 P / 4.1: permissions.csv binds the enabling permission to this specific principal (2 grant row(s): Allow sagemaker:CreateTrainingJob; Allow iam:PassRole) but names no target and does not characterise it as escalation. Search: grep ',privesc-sageMakerCreateTrainingJobPassRole-user,' csv/permissions.csv. iam-simulator additionally reports: can iam:PassRole on *."
privesc-sageMakerCreateTrainingJobPassRole--user,privesc-sageMakerCreateTrainingJobPassRole,privesc,no,cloudfox-path,admin,default,N/A,raw-output/cloudfox/admin-default-2026-08-31/cloudfox-outdir/cloudfox-output/aws/personal-000000000000/csv/principals.csv,validated,"Rubric 4.9. cloudfox's CanPrivEscToAdmin? column reads 'Skipping, no pmapper data' in every one of its 140 instances this run (94 principals + 44 role-trusts + 1 root-trust + 1 workload). cloudfox documents that it delegates path enumeration to PMapper: 'Cloudfox will not install or run pmapper for you, but because pmapper stores it's graph data in a predictable location, this CloudFox command will look to see if that data exists, and if it does, it give you a list of all of the principals that pmapper thinks can escalate to admin.' -- https://github.com/BishopFox/cloudfox/wiki/AWS-Commands#pmapper ; quoted and sourced in raw-output/cloudfox/admin-default-2026-08-31/run-metadata.md. Recorded, NOT scored as a miss. cloudfox's own surfaces are graded on the 'cloudfox' rows above."
privesc-ssmSendCommand--role,privesc-ssmSendCommand,privesc,yes,pmapper,admin,default,M,raw-output/pmapper/admin-default-2026-08-31/output/01-graph-create.stderr.txt,validated,"Crash-M per rubric 4.7, tally separately from detection-Ms: 'graph create' terminated on an unhandled botocore ConnectTimeoutError (autoscaling_edges.py catches ClientError only) and no graph was written; all 7 downstream commands failed. No principal was evaluated. Validation: analysis/validation/privesc-ssmSendCommand--role.md."
privesc-ssmSendCommand--role,privesc-ssmSendCommand,privesc,yes,pmapper,admin,"flagged (--include-regions, 17 opted-in regions)",FP,raw-output/pmapper/admin-flagged-2026-08-31/output/04-query-preset-privesc.txt,validated,"CONFIRMED FALSE POSITIVE, rubric 3 / 4.8. PMapper asserts ""role/privesc-ssmSendCommand-role can call ssm:SendCommand to access an EC2 instance with access to role/privesc-high-priv-service-role"" - a path whose middle hop is an EC2 instance carrying the administrative role. The account holds zero EC2 instances and zero SSM-managed nodes in all 17 enabled regions, from the direct per-service sweep in analysis/account-baseline.md; scenarios.md marks the mechanism target_absent=yes on that evidence. PMapper appears to reason from the EXISTENCE OF AN INSTANCE PROFILE on privesc-high-priv-service-role to the existence of an instance carrying it. Regraded D->FP in the Phase-4 addendum (validation file added). Sits in the target_absent bucket and was never in any detection count."
privesc-ssmSendCommand--role,privesc-ssmSendCommand,privesc,yes,cloudfox,admin,default,P,raw-output/cloudfox/admin-default-2026-08-31/cloudfox-outdir/cloudfox-output/aws/personal-000000000000/csv/permissions.csv,validated,"Rubric 3 P / 4.1: permissions.csv binds the enabling permission to this specific principal (4 grant row(s): Allow ec2:DescribeInstances; Allow ssm:listCommands; Allow ssm:listCommandInvocations; Allow ssm:sendCommand) but names no target and does not characterise it as escalation. Search: grep ',privesc-ssmSendCommand-role,' csv/permissions.csv. iam-simulator additionally reports: can ssm:SendCommand on *. Not an FP: cloudfox makes no path or impact claim here. Validation: analysis/validation/privesc-ssmSendCommand--role.md."
privesc-ssmSendCommand--role,privesc-ssmSendCommand,privesc,yes,cloudfox-path,admin,default,N/A,raw-output/cloudfox/admin-default-2026-08-31/cloudfox-outdir/cloudfox-output/aws/personal-000000000000/csv/principals.csv,validated,"Rubric 4.9. cloudfox's CanPrivEscToAdmin? column reads 'Skipping, no pmapper data' in every one of its 140 instances this run (94 principals + 44 role-trusts + 1 root-trust + 1 workload). cloudfox documents that it delegates path enumeration to PMapper: 'Cloudfox will not install or run pmapper for you, but because pmapper stores it's graph data in a predictable location, this CloudFox command will look to see if that data exists, and if it does, it give you a list of all of the principals that pmapper thinks can escalate to admin.' -- https://github.com/BishopFox/cloudfox/wiki/AWS-Commands#pmapper ; quoted and sourced in raw-output/cloudfox/admin-default-2026-08-31/run-metadata.md. Recorded, NOT scored as a miss. cloudfox's own surfaces are graded on the 'cloudfox' rows above."
privesc-ssmSendCommand--user,privesc-ssmSendCommand,privesc,yes,pmapper,admin,default,M,raw-output/pmapper/admin-default-2026-08-31/output/01-graph-create.stderr.txt,validated,"Crash-M per rubric 4.7, tally separately from detection-Ms: 'graph create' terminated on an unhandled botocore ConnectTimeoutError (autoscaling_edges.py catches ClientError only) and no graph was written; all 7 downstream commands failed. No principal was evaluated. Validation: analysis/validation/privesc-ssmSendCommand--user.md."
privesc-ssmSendCommand--user,privesc-ssmSendCommand,privesc,yes,pmapper,admin,"flagged (--include-regions, 17 opted-in regions)",FP,raw-output/pmapper/admin-flagged-2026-08-31/output/04-query-preset-privesc.txt,validated,"CONFIRMED FALSE POSITIVE, rubric 3 / 4.8. PMapper asserts ""user/privesc-ssmSendCommand-user can call ssm:SendCommand to access an EC2 instance with access to role/privesc-high-priv-service-role"" - a path whose middle hop is an EC2 instance carrying the administrative role. The account holds zero EC2 instances and zero SSM-managed nodes in all 17 enabled regions, from the direct per-service sweep in analysis/account-baseline.md; scenarios.md marks the mechanism target_absent=yes on that evidence. PMapper appears to reason from the EXISTENCE OF AN INSTANCE PROFILE on privesc-high-priv-service-role to the existence of an instance carrying it. Regraded D->FP in the Phase-4 addendum (validation file added). Sits in the target_absent bucket and was never in any detection count."
privesc-ssmSendCommand--user,privesc-ssmSendCommand,privesc,yes,cloudfox,admin,default,P,raw-output/cloudfox/admin-default-2026-08-31/cloudfox-outdir/cloudfox-output/aws/personal-000000000000/csv/permissions.csv,validated,"Rubric 3 P / 4.1: permissions.csv binds the enabling permission to this specific principal (4 grant row(s): Allow ec2:DescribeInstances; Allow ssm:listCommands; Allow ssm:listCommandInvocations; Allow ssm:sendCommand) but names no target and does not characterise it as escalation. Search: grep ',privesc-ssmSendCommand-user,' csv/permissions.csv. iam-simulator additionally reports: can ssm:SendCommand on *. Not an FP: cloudfox makes no path or impact claim here. Validation: analysis/validation/privesc-ssmSendCommand--user.md."
privesc-ssmSendCommand--user,privesc-ssmSendCommand,privesc,yes,cloudfox-path,admin,default,N/A,raw-output/cloudfox/admin-default-2026-08-31/cloudfox-outdir/cloudfox-output/aws/personal-000000000000/csv/principals.csv,validated,"Rubric 4.9. cloudfox's CanPrivEscToAdmin? column reads 'Skipping, no pmapper data' in every one of its 140 instances this run (94 principals + 44 role-trusts + 1 root-trust + 1 workload). cloudfox documents that it delegates path enumeration to PMapper: 'Cloudfox will not install or run pmapper for you, but because pmapper stores it's graph data in a predictable location, this CloudFox command will look to see if that data exists, and if it does, it give you a list of all of the principals that pmapper thinks can escalate to admin.' -- https://github.com/BishopFox/cloudfox/wiki/AWS-Commands#pmapper ; quoted and sourced in raw-output/cloudfox/admin-default-2026-08-31/run-metadata.md. Recorded, NOT scored as a miss. cloudfox's own surfaces are graded on the 'cloudfox' rows above."
privesc-ssmStartSession--role,privesc-ssmStartSession,privesc,yes,pmapper,admin,default,M,raw-output/pmapper/admin-default-2026-08-31/output/01-graph-create.stderr.txt,validated,"Crash-M per rubric 4.7, tally separately from detection-Ms: 'graph create' terminated on an unhandled botocore ConnectTimeoutError (autoscaling_edges.py catches ClientError only) and no graph was written; all 7 downstream commands failed. No principal was evaluated. Validation: analysis/validation/privesc-ssmStartSession--role.md."
privesc-ssmStartSession--role,privesc-ssmStartSession,privesc,yes,pmapper,admin,"flagged (--include-regions, 17 opted-in regions)",FP,raw-output/pmapper/admin-flagged-2026-08-31/output/04-query-preset-privesc.txt,validated,"CONFIRMED FALSE POSITIVE, rubric 3 / 4.8. PMapper asserts ""role/privesc-ssmStartSession-role can call ssm:StartSession to access an EC2 instance with access to role/privesc-high-priv-service-role"" - a path whose middle hop is an EC2 instance carrying the administrative role. The account holds zero EC2 instances and zero SSM-managed nodes in all 17 enabled regions, from the direct per-service sweep in analysis/account-baseline.md; scenarios.md marks the mechanism target_absent=yes on that evidence. PMapper appears to reason from the EXISTENCE OF AN INSTANCE PROFILE on privesc-high-priv-service-role to the existence of an instance carrying it. Regraded D->FP in the Phase-4 addendum (validation file added). Sits in the target_absent bucket and was never in any detection count."
privesc-ssmStartSession--role,privesc-ssmStartSession,privesc,yes,cloudfox,admin,default,P,raw-output/cloudfox/admin-default-2026-08-31/cloudfox-outdir/cloudfox-output/aws/personal-000000000000/csv/permissions.csv,validated,"Rubric 3 P / 4.1: permissions.csv binds the enabling permission to this specific principal (7 grant row(s): Allow ec2:DescribeInstances; Allow ssm:StartSession; Allow ssm:DescribeSessions; Allow ssm:GetConnectionStatus ...) but names no target and does not characterise it as escalation. Search: grep ',privesc-ssmStartSession-role,' csv/permissions.csv. iam-simulator additionally reports: can ssm:StartSession on *. Not an FP: cloudfox makes no path or impact claim here. Validation: analysis/validation/privesc-ssmStartSession--role.md."
privesc-ssmStartSession--role,privesc-ssmStartSession,privesc,yes,cloudfox-path,admin,default,N/A,raw-output/cloudfox/admin-default-2026-08-31/cloudfox-outdir/cloudfox-output/aws/personal-000000000000/csv/principals.csv,validated,"Rubric 4.9. cloudfox's CanPrivEscToAdmin? column reads 'Skipping, no pmapper data' in every one of its 140 instances this run (94 principals + 44 role-trusts + 1 root-trust + 1 workload). cloudfox documents that it delegates path enumeration to PMapper: 'Cloudfox will not install or run pmapper for you, but because pmapper stores it's graph data in a predictable location, this CloudFox command will look to see if that data exists, and if it does, it give you a list of all of the principals that pmapper thinks can escalate to admin.' -- https://github.com/BishopFox/cloudfox/wiki/AWS-Commands#pmapper ; quoted and sourced in raw-output/cloudfox/admin-default-2026-08-31/run-metadata.md. Recorded, NOT scored as a miss. cloudfox's own surfaces are graded on the 'cloudfox' rows above."
privesc-ssmStartSession--user,privesc-ssmStartSession,privesc,yes,pmapper,admin,default,M,raw-output/pmapper/admin-default-2026-08-31/output/01-graph-create.stderr.txt,validated,"Crash-M per rubric 4.7, tally separately from detection-Ms: 'graph create' terminated on an unhandled botocore ConnectTimeoutError (autoscaling_edges.py catches ClientError only) and no graph was written; all 7 downstream commands failed. No principal was evaluated. Validation: analysis/validation/privesc-ssmStartSession--user.md."
privesc-ssmStartSession--user,privesc-ssmStartSession,privesc,yes,pmapper,admin,"flagged (--include-regions, 17 opted-in regions)",FP,raw-output/pmapper/admin-flagged-2026-08-31/output/04-query-preset-privesc.txt,validated,"CONFIRMED FALSE POSITIVE, rubric 3 / 4.8. PMapper asserts ""user/privesc-ssmStartSession-user can call ssm:StartSession to access an EC2 instance with access to role/privesc-high-priv-service-role"" - a path whose middle hop is an EC2 instance carrying the administrative role. The account holds zero EC2 instances and zero SSM-managed nodes in all 17 enabled regions, from the direct per-service sweep in analysis/account-baseline.md; scenarios.md marks the mechanism target_absent=yes on that evidence. PMapper appears to reason from the EXISTENCE OF AN INSTANCE PROFILE on privesc-high-priv-service-role to the existence of an instance carrying it. Regraded D->FP in the Phase-4 addendum (validation file added). Sits in the target_absent bucket and was never in any detection count."
privesc-ssmStartSession--user,privesc-ssmStartSession,privesc,yes,cloudfox,admin,default,P,raw-output/cloudfox/admin-default-2026-08-31/cloudfox-outdir/cloudfox-output/aws/personal-000000000000/csv/permissions.csv,validated,"Rubric 3 P / 4.1: permissions.csv binds the enabling permission to this specific principal (7 grant row(s): Allow ec2:DescribeInstances; Allow ssm:StartSession; Allow ssm:DescribeSessions; Allow ssm:GetConnectionStatus ...) but names no target and does not characterise it as escalation. Search: grep ',privesc-ssmStartSession-user,' csv/permissions.csv. iam-simulator additionally reports: can ssm:StartSession on *. Not an FP: cloudfox makes no path or impact claim here. Validation: analysis/validation/privesc-ssmStartSession--user.md."
privesc-ssmStartSession--user,privesc-ssmStartSession,privesc,yes,cloudfox-path,admin,default,N/A,raw-output/cloudfox/admin-default-2026-08-31/cloudfox-outdir/cloudfox-output/aws/personal-000000000000/csv/principals.csv,validated,"Rubric 4.9. cloudfox's CanPrivEscToAdmin? column reads 'Skipping, no pmapper data' in every one of its 140 instances this run (94 principals + 44 role-trusts + 1 root-trust + 1 workload). cloudfox documents that it delegates path enumeration to PMapper: 'Cloudfox will not install or run pmapper for you, but because pmapper stores it's graph data in a predictable location, this CloudFox command will look to see if that data exists, and if it does, it give you a list of all of the principals that pmapper thinks can escalate to admin.' -- https://github.com/BishopFox/cloudfox/wiki/AWS-Commands#pmapper ; quoted and sourced in raw-output/cloudfox/admin-default-2026-08-31/run-metadata.md. Recorded, NOT scored as a miss. cloudfox's own surfaces are graded on the 'cloudfox' rows above."
fn1-privesc3-partial--role,fn1-privesc3-partial,tool-test-FN,no,pmapper,admin,default,M,raw-output/pmapper/admin-default-2026-08-31/output/01-graph-create.stderr.txt,validated,"Crash-M per rubric 4.7, tally separately from detection-Ms: 'graph create' terminated on an unhandled botocore ConnectTimeoutError (autoscaling_edges.py catches ClientError only) and no graph was written; all 7 downstream commands failed. No principal was evaluated."
fn1-privesc3-partial--role,fn1-privesc3-partial,tool-test-FN,no,pmapper,admin,"flagged (--include-regions, 17 opted-in regions)",D,raw-output/pmapper/admin-flagged-2026-08-31/output/04-query-preset-privesc.txt,validated,"preset privesc names principal, mechanism and administrative target: ""role/fn1-privesc3-partial-role can use EC2 to run an instance with an existing instance profile to access role/privesc-high-priv-service-role""."
fn1-privesc3-partial--role,fn1-privesc3-partial,tool-test-FN,no,cloudfox,admin,default,P,raw-output/cloudfox/admin-default-2026-08-31/cloudfox-outdir/cloudfox-output/aws/personal-000000000000/csv/permissions.csv,validated,"Rubric 3 P / 4.1: permissions.csv binds the enabling permission to this specific principal (3 grant row(s): Allow ec2:DescribeInstances; Allow ec2:RunInstances; Allow iam:PassRole) but names no target and does not characterise it as escalation. Search: grep ',fn1-privesc3-partial-role,' csv/permissions.csv. iam-simulator additionally reports: can iam:PassRole on *."
fn1-privesc3-partial--role,fn1-privesc3-partial,tool-test-FN,no,cloudfox-path,admin,default,N/A,raw-output/cloudfox/admin-default-2026-08-31/cloudfox-outdir/cloudfox-output/aws/personal-000000000000/csv/principals.csv,validated,"Rubric 4.9. cloudfox's CanPrivEscToAdmin? column reads 'Skipping, no pmapper data' in every one of its 140 instances this run (94 principals + 44 role-trusts + 1 root-trust + 1 workload). cloudfox documents that it delegates path enumeration to PMapper: 'Cloudfox will not install or run pmapper for you, but because pmapper stores it's graph data in a predictable location, this CloudFox command will look to see if that data exists, and if it does, it give you a list of all of the principals that pmapper thinks can escalate to admin.' -- https://github.com/BishopFox/cloudfox/wiki/AWS-Commands#pmapper ; quoted and sourced in raw-output/cloudfox/admin-default-2026-08-31/run-metadata.md. Recorded, NOT scored as a miss. cloudfox's own surfaces are graded on the 'cloudfox' rows above."
fn1-privesc3-partial--user,fn1-privesc3-partial,tool-test-FN,no,pmapper,admin,default,M,raw-output/pmapper/admin-default-2026-08-31/output/01-graph-create.stderr.txt,validated,"Crash-M per rubric 4.7, tally separately from detection-Ms: 'graph create' terminated on an unhandled botocore ConnectTimeoutError (autoscaling_edges.py catches ClientError only) and no graph was written; all 7 downstream commands failed. No principal was evaluated."
fn1-privesc3-partial--user,fn1-privesc3-partial,tool-test-FN,no,pmapper,admin,"flagged (--include-regions, 17 opted-in regions)",D,raw-output/pmapper/admin-flagged-2026-08-31/output/04-query-preset-privesc.txt,validated,"preset privesc names principal, mechanism and administrative target: ""user/fn1-privesc3-partial-user can use EC2 to run an instance with an existing instance profile to access role/privesc-high-priv-service-role""."
fn1-privesc3-partial--user,fn1-privesc3-partial,tool-test-FN,no,cloudfox,admin,default,P,raw-output/cloudfox/admin-default-2026-08-31/cloudfox-outdir/cloudfox-output/aws/personal-000000000000/csv/permissions.csv,validated,"Rubric 3 P / 4.1: permissions.csv binds the enabling permission to this specific principal (3 grant row(s): Allow ec2:DescribeInstances; Allow ec2:RunInstances; Allow iam:PassRole) but names no target and does not characterise it as escalation. Search: grep ',fn1-privesc3-partial-user,' csv/permissions.csv. iam-simulator additionally reports: can iam:PassRole on *."
fn1-privesc3-partial--user,fn1-privesc3-partial,tool-test-FN,no,cloudfox-path,admin,default,N/A,raw-output/cloudfox/admin-default-2026-08-31/cloudfox-outdir/cloudfox-output/aws/personal-000000000000/csv/principals.csv,validated,"Rubric 4.9. cloudfox's CanPrivEscToAdmin? column reads 'Skipping, no pmapper data' in every one of its 140 instances this run (94 principals + 44 role-trusts + 1 root-trust + 1 workload). cloudfox documents that it delegates path enumeration to PMapper: 'Cloudfox will not install or run pmapper for you, but because pmapper stores it's graph data in a predictable location, this CloudFox command will look to see if that data exists, and if it does, it give you a list of all of the principals that pmapper thinks can escalate to admin.' -- https://github.com/BishopFox/cloudfox/wiki/AWS-Commands#pmapper ; quoted and sourced in raw-output/cloudfox/admin-default-2026-08-31/run-metadata.md. Recorded, NOT scored as a miss. cloudfox's own surfaces are graded on the 'cloudfox' rows above."
fn2-exploitableResourceConstraint--role,fn2-exploitableResourceConstraint,tool-test-FN,no,pmapper,admin,default,M,raw-output/pmapper/admin-default-2026-08-31/output/01-graph-create.stderr.txt,validated,"Crash-M per rubric 4.7, tally separately from detection-Ms: 'graph create' terminated on an unhandled botocore ConnectTimeoutError (autoscaling_edges.py catches ClientError only) and no graph was written; all 7 downstream commands failed. No principal was evaluated."
fn2-exploitableResourceConstraint--role,fn2-exploitableResourceConstraint,tool-test-FN,no,pmapper,admin,"flagged (--include-regions, 17 opted-in regions)",D,raw-output/pmapper/admin-flagged-2026-08-31/output/04-query-preset-privesc.txt,inferred,"Admin-verdict form: preset privesc prints 'role/fn2-exploitableResourceConstraint-role is an administrative principal'. Names the principal and the resulting privilege but NOT the enabling permission. Graded D because neither lower grade fits its own definition: P requires a permission bound to a principal (absent here) and M requires nothing in the output pointing a reviewer at the principal (false). INFERRED: the claim that PMapper's admin verdict derives from this mechanism is a reading of its output, not of its source. Precedent: analysis/validation/privesc-sre--user.md."
fn2-exploitableResourceConstraint--role,fn2-exploitableResourceConstraint,tool-test-FN,no,cloudfox,admin,default,P,raw-output/cloudfox/admin-default-2026-08-31/cloudfox-outdir/cloudfox-output/aws/personal-000000000000/csv/permissions.csv,validated,"Rubric 3 P / 4.1: permissions.csv binds the enabling permission to this specific principal (1 grant row(s): Allow iam:CreatePolicyVersion) but names no target and does not characterise it as escalation. Search: grep ',fn2-exploitableResourceConstraint-role,' csv/permissions.csv."
fn2-exploitableResourceConstraint--role,fn2-exploitableResourceConstraint,tool-test-FN,no,cloudfox-path,admin,default,N/A,raw-output/cloudfox/admin-default-2026-08-31/cloudfox-outdir/cloudfox-output/aws/personal-000000000000/csv/principals.csv,validated,"Rubric 4.9. cloudfox's CanPrivEscToAdmin? column reads 'Skipping, no pmapper data' in every one of its 140 instances this run (94 principals + 44 role-trusts + 1 root-trust + 1 workload). cloudfox documents that it delegates path enumeration to PMapper: 'Cloudfox will not install or run pmapper for you, but because pmapper stores it's graph data in a predictable location, this CloudFox command will look to see if that data exists, and if it does, it give you a list of all of the principals that pmapper thinks can escalate to admin.' -- https://github.com/BishopFox/cloudfox/wiki/AWS-Commands#pmapper ; quoted and sourced in raw-output/cloudfox/admin-default-2026-08-31/run-metadata.md. Recorded, NOT scored as a miss. cloudfox's own surfaces are graded on the 'cloudfox' rows above."
fn2-exploitableResourceConstraint--user,fn2-exploitableResourceConstraint,tool-test-FN,no,pmapper,admin,default,M,raw-output/pmapper/admin-default-2026-08-31/output/01-graph-create.stderr.txt,validated,"Crash-M per rubric 4.7, tally separately from detection-Ms: 'graph create' terminated on an unhandled botocore ConnectTimeoutError (autoscaling_edges.py catches ClientError only) and no graph was written; all 7 downstream commands failed. No principal was evaluated."
fn2-exploitableResourceConstraint--user,fn2-exploitableResourceConstraint,tool-test-FN,no,pmapper,admin,"flagged (--include-regions, 17 opted-in regions)",D,raw-output/pmapper/admin-flagged-2026-08-31/output/04-query-preset-privesc.txt,inferred,"Admin-verdict form: preset privesc prints 'user/fn2-exploitableResourceConstraint-user is an administrative principal'. Names the principal and the resulting privilege but NOT the enabling permission. Graded D because neither lower grade fits its own definition: P requires a permission bound to a principal (absent here) and M requires nothing in the output pointing a reviewer at the principal (false). INFERRED: the claim that PMapper's admin verdict derives from this mechanism is a reading of its output, not of its source. Precedent: analysis/validation/privesc-sre--user.md."
fn2-exploitableResourceConstraint--user,fn2-exploitableResourceConstraint,tool-test-FN,no,cloudfox,admin,default,P,raw-output/cloudfox/admin-default-2026-08-31/cloudfox-outdir/cloudfox-output/aws/personal-000000000000/csv/permissions.csv,validated,"Rubric 3 P / 4.1: permissions.csv binds the enabling permission to this specific principal (1 grant row(s): Allow iam:CreatePolicyVersion) but names no target and does not characterise it as escalation. Search: grep ',fn2-exploitableResourceConstraint-user,' csv/permissions.csv."
fn2-exploitableResourceConstraint--user,fn2-exploitableResourceConstraint,tool-test-FN,no,cloudfox-path,admin,default,N/A,raw-output/cloudfox/admin-default-2026-08-31/cloudfox-outdir/cloudfox-output/aws/personal-000000000000/csv/principals.csv,validated,"Rubric 4.9. cloudfox's CanPrivEscToAdmin? column reads 'Skipping, no pmapper data' in every one of its 140 instances this run (94 principals + 44 role-trusts + 1 root-trust + 1 workload). cloudfox documents that it delegates path enumeration to PMapper: 'Cloudfox will not install or run pmapper for you, but because pmapper stores it's graph data in a predictable location, this CloudFox command will look to see if that data exists, and if it does, it give you a list of all of the principals that pmapper thinks can escalate to admin.' -- https://github.com/BishopFox/cloudfox/wiki/AWS-Commands#pmapper ; quoted and sourced in raw-output/cloudfox/admin-default-2026-08-31/run-metadata.md. Recorded, NOT scored as a miss. cloudfox's own surfaces are graded on the 'cloudfox' rows above."
fn3-exploitableConditionConstraint--role,fn3-exploitableConditionConstraint,tool-test-FN,no,pmapper,admin,default,M,raw-output/pmapper/admin-default-2026-08-31/output/01-graph-create.stderr.txt,validated,"Crash-M per rubric 4.7, tally separately from detection-Ms: 'graph create' terminated on an unhandled botocore ConnectTimeoutError (autoscaling_edges.py catches ClientError only) and no graph was written; all 7 downstream commands failed. No principal was evaluated. Validation: analysis/validation/fn3-exploitableConditionConstraint--role.md."
fn3-exploitableConditionConstraint--role,fn3-exploitableConditionConstraint,tool-test-FN,no,pmapper,admin,"flagged (--include-regions, 17 opted-in regions)",M,raw-output/pmapper/admin-flagged-2026-08-31/output/04-query-preset-privesc.txt,validated,Absent from 04-query-preset-privesc.txt and from 06-analysis-text.txt (exact-string search on the principal ARN suffix). Validation: analysis/validation/fn3-exploitableConditionConstraint--role.md.
fn3-exploitableConditionConstraint--role,fn3-exploitableConditionConstraint,tool-test-FN,no,cloudfox,admin,default,P,raw-output/cloudfox/admin-default-2026-08-31/cloudfox-outdir/cloudfox-output/aws/personal-000000000000/csv/permissions.csv,validated,"Rubric 3 P / 4.1: permissions.csv binds the enabling permission to this specific principal (1 grant row(s): Allow iam:CreatePolicyVersion) but names no target and does not characterise it as escalation. Search: grep ',fn3-exploitableConditionConstraint-role,' csv/permissions.csv. Validation: analysis/validation/fn3-exploitableConditionConstraint--role.md."
fn3-exploitableConditionConstraint--role,fn3-exploitableConditionConstraint,tool-test-FN,no,cloudfox-path,admin,default,N/A,raw-output/cloudfox/admin-default-2026-08-31/cloudfox-outdir/cloudfox-output/aws/personal-000000000000/csv/principals.csv,validated,"Rubric 4.9. cloudfox's CanPrivEscToAdmin? column reads 'Skipping, no pmapper data' in every one of its 140 instances this run (94 principals + 44 role-trusts + 1 root-trust + 1 workload). cloudfox documents that it delegates path enumeration to PMapper: 'Cloudfox will not install or run pmapper for you, but because pmapper stores it's graph data in a predictable location, this CloudFox command will look to see if that data exists, and if it does, it give you a list of all of the principals that pmapper thinks can escalate to admin.' -- https://github.com/BishopFox/cloudfox/wiki/AWS-Commands#pmapper ; quoted and sourced in raw-output/cloudfox/admin-default-2026-08-31/run-metadata.md. Recorded, NOT scored as a miss. cloudfox's own surfaces are graded on the 'cloudfox' rows above."
fn3-exploitableConditionConstraint--user,fn3-exploitableConditionConstraint,tool-test-FN,no,pmapper,admin,default,M,raw-output/pmapper/admin-default-2026-08-31/output/01-graph-create.stderr.txt,validated,"Crash-M per rubric 4.7, tally separately from detection-Ms: 'graph create' terminated on an unhandled botocore ConnectTimeoutError (autoscaling_edges.py catches ClientError only) and no graph was written; all 7 downstream commands failed. No principal was evaluated. Validation: analysis/validation/fn3-exploitableConditionConstraint--role.md."
fn3-exploitableConditionConstraint--user,fn3-exploitableConditionConstraint,tool-test-FN,no,pmapper,admin,"flagged (--include-regions, 17 opted-in regions)",M,raw-output/pmapper/admin-flagged-2026-08-31/output/04-query-preset-privesc.txt,validated,Absent from 04-query-preset-privesc.txt and from 06-analysis-text.txt (exact-string search on the principal ARN suffix). Validation: analysis/validation/fn3-exploitableConditionConstraint--role.md.
fn3-exploitableConditionConstraint--user,fn3-exploitableConditionConstraint,tool-test-FN,no,cloudfox,admin,default,P,raw-output/cloudfox/admin-default-2026-08-31/cloudfox-outdir/cloudfox-output/aws/personal-000000000000/csv/permissions.csv,validated,"Rubric 3 P / 4.1: permissions.csv binds the enabling permission to this specific principal (1 grant row(s): Allow iam:CreatePolicyVersion) but names no target and does not characterise it as escalation. Search: grep ',fn3-exploitableConditionConstraint-user,' csv/permissions.csv. Validation: analysis/validation/fn3-exploitableConditionConstraint--role.md."
fn3-exploitableConditionConstraint--user,fn3-exploitableConditionConstraint,tool-test-FN,no,cloudfox-path,admin,default,N/A,raw-output/cloudfox/admin-default-2026-08-31/cloudfox-outdir/cloudfox-output/aws/personal-000000000000/csv/principals.csv,validated,"Rubric 4.9. cloudfox's CanPrivEscToAdmin? column reads 'Skipping, no pmapper data' in every one of its 140 instances this run (94 principals + 44 role-trusts + 1 root-trust + 1 workload). cloudfox documents that it delegates path enumeration to PMapper: 'Cloudfox will not install or run pmapper for you, but because pmapper stores it's graph data in a predictable location, this CloudFox command will look to see if that data exists, and if it does, it give you a list of all of the principals that pmapper thinks can escalate to admin.' -- https://github.com/BishopFox/cloudfox/wiki/AWS-Commands#pmapper ; quoted and sourced in raw-output/cloudfox/admin-default-2026-08-31/run-metadata.md. Recorded, NOT scored as a miss. cloudfox's own surfaces are graded on the 'cloudfox' rows above."
fn4-exploitableNotAction--role,fn4-exploitableNotAction,tool-test-FN,no,pmapper,admin,default,M,raw-output/pmapper/admin-default-2026-08-31/output/01-graph-create.stderr.txt,validated,"Crash-M per rubric 4.7, tally separately from detection-Ms: 'graph create' terminated on an unhandled botocore ConnectTimeoutError (autoscaling_edges.py catches ClientError only) and no graph was written; all 7 downstream commands failed. No principal was evaluated."
fn4-exploitableNotAction--role,fn4-exploitableNotAction,tool-test-FN,no,pmapper,admin,"flagged (--include-regions, 17 opted-in regions)",D,raw-output/pmapper/admin-flagged-2026-08-31/output/04-query-preset-privesc.txt,inferred,"Admin-verdict form: preset privesc prints 'role/fn4-exploitableNotAction-role is an administrative principal'. Names the principal and the resulting privilege but NOT the enabling permission. Graded D because neither lower grade fits its own definition: P requires a permission bound to a principal (absent here) and M requires nothing in the output pointing a reviewer at the principal (false). INFERRED: the claim that PMapper's admin verdict derives from this mechanism is a reading of its output, not of its source. Precedent: analysis/validation/privesc-sre--user.md."
fn4-exploitableNotAction--role,fn4-exploitableNotAction,tool-test-FN,no,cloudfox,admin,default,P,raw-output/cloudfox/admin-default-2026-08-31/cloudfox-outdir/cloudfox-output/aws/personal-000000000000/csv/permissions.csv,validated,"Rubric 3 P / 4.1: permissions.csv binds the enabling permission to this specific principal (3 grant row(s): Allow [NotAction] iam:Update*; Allow [NotAction] iam:Create*; Allow [NotAction] iam:Attach*) but names no target and does not characterise it as escalation. Search: grep ',fn4-exploitableNotAction-role,' csv/permissions.csv. iam-simulator additionally reports: can ec2:DescribeInstanceAttributeInput on *; can ecr:BatchGetImage on *; can ecr:GetAuthorizationToken on *...."
fn4-exploitableNotAction--role,fn4-exploitableNotAction,tool-test-FN,no,cloudfox-path,admin,default,N/A,raw-output/cloudfox/admin-default-2026-08-31/cloudfox-outdir/cloudfox-output/aws/personal-000000000000/csv/principals.csv,validated,"Rubric 4.9. cloudfox's CanPrivEscToAdmin? column reads 'Skipping, no pmapper data' in every one of its 140 instances this run (94 principals + 44 role-trusts + 1 root-trust + 1 workload). cloudfox documents that it delegates path enumeration to PMapper: 'Cloudfox will not install or run pmapper for you, but because pmapper stores it's graph data in a predictable location, this CloudFox command will look to see if that data exists, and if it does, it give you a list of all of the principals that pmapper thinks can escalate to admin.' -- https://github.com/BishopFox/cloudfox/wiki/AWS-Commands#pmapper ; quoted and sourced in raw-output/cloudfox/admin-default-2026-08-31/run-metadata.md. Recorded, NOT scored as a miss. cloudfox's own surfaces are graded on the 'cloudfox' rows above."
fn4-exploitableNotAction--user,fn4-exploitableNotAction,tool-test-FN,no,pmapper,admin,default,M,raw-output/pmapper/admin-default-2026-08-31/output/01-graph-create.stderr.txt,validated,"Crash-M per rubric 4.7, tally separately from detection-Ms: 'graph create' terminated on an unhandled botocore ConnectTimeoutError (autoscaling_edges.py catches ClientError only) and no graph was written; all 7 downstream commands failed. No principal was evaluated."
fn4-exploitableNotAction--user,fn4-exploitableNotAction,tool-test-FN,no,pmapper,admin,"flagged (--include-regions, 17 opted-in regions)",D,raw-output/pmapper/admin-flagged-2026-08-31/output/04-query-preset-privesc.txt,inferred,"Admin-verdict form: preset privesc prints 'user/fn4-exploitableNotAction-user is an administrative principal'. Names the principal and the resulting privilege but NOT the enabling permission. Graded D because neither lower grade fits its own definition: P requires a permission bound to a principal (absent here) and M requires nothing in the output pointing a reviewer at the principal (false). INFERRED: the claim that PMapper's admin verdict derives from this mechanism is a reading of its output, not of its source. Precedent: analysis/validation/privesc-sre--user.md."
fn4-exploitableNotAction--user,fn4-exploitableNotAction,tool-test-FN,no,cloudfox,admin,default,P,raw-output/cloudfox/admin-default-2026-08-31/cloudfox-outdir/cloudfox-output/aws/personal-000000000000/csv/permissions.csv,validated,"Rubric 3 P / 4.1: permissions.csv binds the enabling permission to this specific principal (3 grant row(s): Allow [NotAction] iam:Update*; Allow [NotAction] iam:Create*; Allow [NotAction] iam:Attach*) but names no target and does not characterise it as escalation. Search: grep ',fn4-exploitableNotAction-user,' csv/permissions.csv. iam-simulator additionally reports: can ec2:DescribeInstanceAttributeInput on *; can ecr:BatchGetImage on *; can ecr:GetAuthorizationToken on *...."
fn4-exploitableNotAction--user,fn4-exploitableNotAction,tool-test-FN,no,cloudfox-path,admin,default,N/A,raw-output/cloudfox/admin-default-2026-08-31/cloudfox-outdir/cloudfox-output/aws/personal-000000000000/csv/principals.csv,validated,"Rubric 4.9. cloudfox's CanPrivEscToAdmin? column reads 'Skipping, no pmapper data' in every one of its 140 instances this run (94 principals + 44 role-trusts + 1 root-trust + 1 workload). cloudfox documents that it delegates path enumeration to PMapper: 'Cloudfox will not install or run pmapper for you, but because pmapper stores it's graph data in a predictable location, this CloudFox command will look to see if that data exists, and if it does, it give you a list of all of the principals that pmapper thinks can escalate to admin.' -- https://github.com/BishopFox/cloudfox/wiki/AWS-Commands#pmapper ; quoted and sourced in raw-output/cloudfox/admin-default-2026-08-31/run-metadata.md. Recorded, NOT scored as a miss. cloudfox's own surfaces are graded on the 'cloudfox' rows above."
fp1-allow-and-deny--role,fp1-allow-and-deny,tool-test-FP,n/a,pmapper,admin,default,M,raw-output/pmapper/admin-default-2026-08-31/output/01-graph-create.stderr.txt,validated,"Crash-M per rubric 4.7. NOT CS: the rubric 9 amendment of 2026-08-31 requires a tool to have RUN AND PRODUCED OUTPUT to earn Correctly Silent, and this run produced none - 'graph create' died on an unhandled ConnectTimeoutError. Silence from a tool that never ran is vacuous, not correct behaviour. Counted in the crash-M tally, not in any CS total."
fp1-allow-and-deny--role,fp1-allow-and-deny,tool-test-FP,n/a,pmapper,admin,"flagged (--include-regions, 17 opted-in regions)",CS,raw-output/pmapper/admin-flagged-2026-08-31/output/04-query-preset-privesc.txt,inferred,"Correctly Silent (rubric 9, 2026-08-31): absent from the privesc preset and from 'analysis'. This row has no escalation path to detect, so the D/P/M ladder does not apply; CS and FP are the only available outcomes and no escalation claim was emitted."
fp1-allow-and-deny--role,fp1-allow-and-deny,tool-test-FP,n/a,cloudfox,admin,default,CS,raw-output/cloudfox/admin-default-2026-08-31/cloudfox-outdir/cloudfox-output/aws/personal-000000000000/csv/permissions.csv,inferred,"Correctly Silent (rubric 9, 2026-08-31). permissions.csv inventories the fixture's grants verbatim (Allow and Deny rows both present, resource and condition columns rendered) but makes no escalation claim, so no FP. NOTE: cloudfox's Condition column is a bare Yes/No and does not render the condition body, so the exploitable fn3 and the non-exploitable fp5 print identically as 'Allow iam:CreatePolicyVersion on * / Condition=Yes'. INFERRED: the tool emitted no escalation claim (read directly), but this fixture has no analysis/validation/ file, so the claim that silence is CORRECT here rests on scenarios.md, not on a manual check."
fp1-allow-and-deny--role,fp1-allow-and-deny,tool-test-FP,n/a,cloudfox-path,admin,default,N/A,raw-output/cloudfox/admin-default-2026-08-31/cloudfox-outdir/cloudfox-output/aws/personal-000000000000/csv/principals.csv,validated,"Rubric 4.9. cloudfox's CanPrivEscToAdmin? column reads 'Skipping, no pmapper data' in every one of its 140 instances this run (94 principals + 44 role-trusts + 1 root-trust + 1 workload). cloudfox documents that it delegates path enumeration to PMapper: 'Cloudfox will not install or run pmapper for you, but because pmapper stores it's graph data in a predictable location, this CloudFox command will look to see if that data exists, and if it does, it give you a list of all of the principals that pmapper thinks can escalate to admin.' -- https://github.com/BishopFox/cloudfox/wiki/AWS-Commands#pmapper ; quoted and sourced in raw-output/cloudfox/admin-default-2026-08-31/run-metadata.md. Recorded, NOT scored as a miss. cloudfox's own surfaces are graded on the 'cloudfox' rows above."
fp1-allow-and-deny--user,fp1-allow-and-deny,tool-test-FP,n/a,pmapper,admin,default,M,raw-output/pmapper/admin-default-2026-08-31/output/01-graph-create.stderr.txt,validated,"Crash-M per rubric 4.7. NOT CS: the rubric 9 amendment of 2026-08-31 requires a tool to have RUN AND PRODUCED OUTPUT to earn Correctly Silent, and this run produced none - 'graph create' died on an unhandled ConnectTimeoutError. Silence from a tool that never ran is vacuous, not correct behaviour. Counted in the crash-M tally, not in any CS total."
fp1-allow-and-deny--user,fp1-allow-and-deny,tool-test-FP,n/a,pmapper,admin,"flagged (--include-regions, 17 opted-in regions)",CS,raw-output/pmapper/admin-flagged-2026-08-31/output/04-query-preset-privesc.txt,inferred,"Correctly Silent (rubric 9, 2026-08-31): absent from the privesc preset and from 'analysis'. This row has no escalation path to detect, so the D/P/M ladder does not apply; CS and FP are the only available outcomes and no escalation claim was emitted."
fp1-allow-and-deny--user,fp1-allow-and-deny,tool-test-FP,n/a,cloudfox,admin,default,CS,raw-output/cloudfox/admin-default-2026-08-31/cloudfox-outdir/cloudfox-output/aws/personal-000000000000/csv/permissions.csv,inferred,"Correctly Silent (rubric 9, 2026-08-31). permissions.csv inventories the fixture's grants verbatim (Allow and Deny rows both present, resource and condition columns rendered) but makes no escalation claim, so no FP. NOTE: cloudfox's Condition column is a bare Yes/No and does not render the condition body, so the exploitable fn3 and the non-exploitable fp5 print identically as 'Allow iam:CreatePolicyVersion on * / Condition=Yes'. INFERRED: the tool emitted no escalation claim (read directly), but this fixture has no analysis/validation/ file, so the claim that silence is CORRECT here rests on scenarios.md, not on a manual check."
fp1-allow-and-deny--user,fp1-allow-and-deny,tool-test-FP,n/a,cloudfox-path,admin,default,N/A,raw-output/cloudfox/admin-default-2026-08-31/cloudfox-outdir/cloudfox-output/aws/personal-000000000000/csv/principals.csv,validated,"Rubric 4.9. cloudfox's CanPrivEscToAdmin? column reads 'Skipping, no pmapper data' in every one of its 140 instances this run (94 principals + 44 role-trusts + 1 root-trust + 1 workload). cloudfox documents that it delegates path enumeration to PMapper: 'Cloudfox will not install or run pmapper for you, but because pmapper stores it's graph data in a predictable location, this CloudFox command will look to see if that data exists, and if it does, it give you a list of all of the principals that pmapper thinks can escalate to admin.' -- https://github.com/BishopFox/cloudfox/wiki/AWS-Commands#pmapper ; quoted and sourced in raw-output/cloudfox/admin-default-2026-08-31/run-metadata.md. Recorded, NOT scored as a miss. cloudfox's own surfaces are graded on the 'cloudfox' rows above."
fp2-allow-and-deny-multiple-policies--role,fp2-allow-and-deny-multiple-policies,tool-test-FP,n/a,pmapper,admin,default,M,raw-output/pmapper/admin-default-2026-08-31/output/01-graph-create.stderr.txt,validated,"Crash-M per rubric 4.7. NOT CS: the rubric 9 amendment of 2026-08-31 requires a tool to have RUN AND PRODUCED OUTPUT to earn Correctly Silent, and this run produced none - 'graph create' died on an unhandled ConnectTimeoutError. Silence from a tool that never ran is vacuous, not correct behaviour. Counted in the crash-M tally, not in any CS total."
fp2-allow-and-deny-multiple-policies--role,fp2-allow-and-deny-multiple-policies,tool-test-FP,n/a,pmapper,admin,"flagged (--include-regions, 17 opted-in regions)",CS,raw-output/pmapper/admin-flagged-2026-08-31/output/04-query-preset-privesc.txt,inferred,"Correctly Silent (rubric 9, 2026-08-31): absent from the privesc preset and from 'analysis'. This row has no escalation path to detect, so the D/P/M ladder does not apply; CS and FP are the only available outcomes and no escalation claim was emitted."
fp2-allow-and-deny-multiple-policies--role,fp2-allow-and-deny-multiple-policies,tool-test-FP,n/a,cloudfox,admin,default,CS,raw-output/cloudfox/admin-default-2026-08-31/cloudfox-outdir/cloudfox-output/aws/personal-000000000000/csv/permissions.csv,inferred,"Correctly Silent (rubric 9, 2026-08-31). permissions.csv inventories the fixture's grants verbatim (Allow and Deny rows both present, resource and condition columns rendered) but makes no escalation claim, so no FP. NOTE: cloudfox's Condition column is a bare Yes/No and does not render the condition body, so the exploitable fn3 and the non-exploitable fp5 print identically as 'Allow iam:CreatePolicyVersion on * / Condition=Yes'. INFERRED: the tool emitted no escalation claim (read directly), but this fixture has no analysis/validation/ file, so the claim that silence is CORRECT here rests on scenarios.md, not on a manual check."
fp2-allow-and-deny-multiple-policies--role,fp2-allow-and-deny-multiple-policies,tool-test-FP,n/a,cloudfox-path,admin,default,N/A,raw-output/cloudfox/admin-default-2026-08-31/cloudfox-outdir/cloudfox-output/aws/personal-000000000000/csv/principals.csv,validated,"Rubric 4.9. cloudfox's CanPrivEscToAdmin? column reads 'Skipping, no pmapper data' in every one of its 140 instances this run (94 principals + 44 role-trusts + 1 root-trust + 1 workload). cloudfox documents that it delegates path enumeration to PMapper: 'Cloudfox will not install or run pmapper for you, but because pmapper stores it's graph data in a predictable location, this CloudFox command will look to see if that data exists, and if it does, it give you a list of all of the principals that pmapper thinks can escalate to admin.' -- https://github.com/BishopFox/cloudfox/wiki/AWS-Commands#pmapper ; quoted and sourced in raw-output/cloudfox/admin-default-2026-08-31/run-metadata.md. Recorded, NOT scored as a miss. cloudfox's own surfaces are graded on the 'cloudfox' rows above."
fp2-allow-and-deny-multiple-policies--user,fp2-allow-and-deny-multiple-policies,tool-test-FP,n/a,pmapper,admin,default,M,raw-output/pmapper/admin-default-2026-08-31/output/01-graph-create.stderr.txt,validated,"Crash-M per rubric 4.7. NOT CS: the rubric 9 amendment of 2026-08-31 requires a tool to have RUN AND PRODUCED OUTPUT to earn Correctly Silent, and this run produced none - 'graph create' died on an unhandled ConnectTimeoutError. Silence from a tool that never ran is vacuous, not correct behaviour. Counted in the crash-M tally, not in any CS total."
fp2-allow-and-deny-multiple-policies--user,fp2-allow-and-deny-multiple-policies,tool-test-FP,n/a,pmapper,admin,"flagged (--include-regions, 17 opted-in regions)",CS,raw-output/pmapper/admin-flagged-2026-08-31/output/04-query-preset-privesc.txt,inferred,"Correctly Silent (rubric 9, 2026-08-31): absent from the privesc preset and from 'analysis'. This row has no escalation path to detect, so the D/P/M ladder does not apply; CS and FP are the only available outcomes and no escalation claim was emitted."
fp2-allow-and-deny-multiple-policies--user,fp2-allow-and-deny-multiple-policies,tool-test-FP,n/a,cloudfox,admin,default,CS,raw-output/cloudfox/admin-default-2026-08-31/cloudfox-outdir/cloudfox-output/aws/personal-000000000000/csv/permissions.csv,inferred,"Correctly Silent (rubric 9, 2026-08-31). permissions.csv inventories the fixture's grants verbatim (Allow and Deny rows both present, resource and condition columns rendered) but makes no escalation claim, so no FP. NOTE: cloudfox's Condition column is a bare Yes/No and does not render the condition body, so the exploitable fn3 and the non-exploitable fp5 print identically as 'Allow iam:CreatePolicyVersion on * / Condition=Yes'. INFERRED: the tool emitted no escalation claim (read directly), but this fixture has no analysis/validation/ file, so the claim that silence is CORRECT here rests on scenarios.md, not on a manual check."
fp2-allow-and-deny-multiple-policies--user,fp2-allow-and-deny-multiple-policies,tool-test-FP,n/a,cloudfox-path,admin,default,N/A,raw-output/cloudfox/admin-default-2026-08-31/cloudfox-outdir/cloudfox-output/aws/personal-000000000000/csv/principals.csv,validated,"Rubric 4.9. cloudfox's CanPrivEscToAdmin? column reads 'Skipping, no pmapper data' in every one of its 140 instances this run (94 principals + 44 role-trusts + 1 root-trust + 1 workload). cloudfox documents that it delegates path enumeration to PMapper: 'Cloudfox will not install or run pmapper for you, but because pmapper stores it's graph data in a predictable location, this CloudFox command will look to see if that data exists, and if it does, it give you a list of all of the principals that pmapper thinks can escalate to admin.' -- https://github.com/BishopFox/cloudfox/wiki/AWS-Commands#pmapper ; quoted and sourced in raw-output/cloudfox/admin-default-2026-08-31/run-metadata.md. Recorded, NOT scored as a miss. cloudfox's own surfaces are graded on the 'cloudfox' rows above."
fp3-deny-iam--role,fp3-deny-iam,tool-test-FP,n/a,pmapper,admin,default,M,raw-output/pmapper/admin-default-2026-08-31/output/01-graph-create.stderr.txt,validated,"Crash-M per rubric 4.7. NOT CS: the rubric 9 amendment of 2026-08-31 requires a tool to have RUN AND PRODUCED OUTPUT to earn Correctly Silent, and this run produced none - 'graph create' died on an unhandled ConnectTimeoutError. Silence from a tool that never ran is vacuous, not correct behaviour. Counted in the crash-M tally, not in any CS total."
fp3-deny-iam--role,fp3-deny-iam,tool-test-FP,n/a,pmapper,admin,"flagged (--include-regions, 17 opted-in regions)",CS,raw-output/pmapper/admin-flagged-2026-08-31/output/04-query-preset-privesc.txt,inferred,"Correctly Silent (rubric 9, 2026-08-31): absent from the privesc preset and from 'analysis'. This row has no escalation path to detect, so the D/P/M ladder does not apply; CS and FP are the only available outcomes and no escalation claim was emitted."
fp3-deny-iam--role,fp3-deny-iam,tool-test-FP,n/a,cloudfox,admin,default,CS,raw-output/cloudfox/admin-default-2026-08-31/cloudfox-outdir/cloudfox-output/aws/personal-000000000000/csv/permissions.csv,inferred,"Correctly Silent (rubric 9, 2026-08-31). permissions.csv inventories the fixture's grants verbatim (Allow and Deny rows both present, resource and condition columns rendered) but makes no escalation claim, so no FP. NOTE: cloudfox's Condition column is a bare Yes/No and does not render the condition body, so the exploitable fn3 and the non-exploitable fp5 print identically as 'Allow iam:CreatePolicyVersion on * / Condition=Yes'. INFERRED: the tool emitted no escalation claim (read directly), but this fixture has no analysis/validation/ file, so the claim that silence is CORRECT here rests on scenarios.md, not on a manual check."
fp3-deny-iam--role,fp3-deny-iam,tool-test-FP,n/a,cloudfox-path,admin,default,N/A,raw-output/cloudfox/admin-default-2026-08-31/cloudfox-outdir/cloudfox-output/aws/personal-000000000000/csv/principals.csv,validated,"Rubric 4.9. cloudfox's CanPrivEscToAdmin? column reads 'Skipping, no pmapper data' in every one of its 140 instances this run (94 principals + 44 role-trusts + 1 root-trust + 1 workload). cloudfox documents that it delegates path enumeration to PMapper: 'Cloudfox will not install or run pmapper for you, but because pmapper stores it's graph data in a predictable location, this CloudFox command will look to see if that data exists, and if it does, it give you a list of all of the principals that pmapper thinks can escalate to admin.' -- https://github.com/BishopFox/cloudfox/wiki/AWS-Commands#pmapper ; quoted and sourced in raw-output/cloudfox/admin-default-2026-08-31/run-metadata.md. Recorded, NOT scored as a miss. cloudfox's own surfaces are graded on the 'cloudfox' rows above."
fp3-deny-iam--user,fp3-deny-iam,tool-test-FP,n/a,pmapper,admin,default,M,raw-output/pmapper/admin-default-2026-08-31/output/01-graph-create.stderr.txt,validated,"Crash-M per rubric 4.7. NOT CS: the rubric 9 amendment of 2026-08-31 requires a tool to have RUN AND PRODUCED OUTPUT to earn Correctly Silent, and this run produced none - 'graph create' died on an unhandled ConnectTimeoutError. Silence from a tool that never ran is vacuous, not correct behaviour. Counted in the crash-M tally, not in any CS total."
fp3-deny-iam--user,fp3-deny-iam,tool-test-FP,n/a,pmapper,admin,"flagged (--include-regions, 17 opted-in regions)",CS,raw-output/pmapper/admin-flagged-2026-08-31/output/04-query-preset-privesc.txt,inferred,"Correctly Silent (rubric 9, 2026-08-31): absent from the privesc preset and from 'analysis'. This row has no escalation path to detect, so the D/P/M ladder does not apply; CS and FP are the only available outcomes and no escalation claim was emitted."
fp3-deny-iam--user,fp3-deny-iam,tool-test-FP,n/a,cloudfox,admin,default,CS,raw-output/cloudfox/admin-default-2026-08-31/cloudfox-outdir/cloudfox-output/aws/personal-000000000000/csv/permissions.csv,inferred,"Correctly Silent (rubric 9, 2026-08-31). permissions.csv inventories the fixture's grants verbatim (Allow and Deny rows both present, resource and condition columns rendered) but makes no escalation claim, so no FP. NOTE: cloudfox's Condition column is a bare Yes/No and does not render the condition body, so the exploitable fn3 and the non-exploitable fp5 print identically as 'Allow iam:CreatePolicyVersion on * / Condition=Yes'. INFERRED: the tool emitted no escalation claim (read directly), but this fixture has no analysis/validation/ file, so the claim that silence is CORRECT here rests on scenarios.md, not on a manual check."
fp3-deny-iam--user,fp3-deny-iam,tool-test-FP,n/a,cloudfox-path,admin,default,N/A,raw-output/cloudfox/admin-default-2026-08-31/cloudfox-outdir/cloudfox-output/aws/personal-000000000000/csv/principals.csv,validated,"Rubric 4.9. cloudfox's CanPrivEscToAdmin? column reads 'Skipping, no pmapper data' in every one of its 140 instances this run (94 principals + 44 role-trusts + 1 root-trust + 1 workload). cloudfox documents that it delegates path enumeration to PMapper: 'Cloudfox will not install or run pmapper for you, but because pmapper stores it's graph data in a predictable location, this CloudFox command will look to see if that data exists, and if it does, it give you a list of all of the principals that pmapper thinks can escalate to admin.' -- https://github.com/BishopFox/cloudfox/wiki/AWS-Commands#pmapper ; quoted and sourced in raw-output/cloudfox/admin-default-2026-08-31/run-metadata.md. Recorded, NOT scored as a miss. cloudfox's own surfaces are graded on the 'cloudfox' rows above."
fp4-nonExploitableResourceConstraint--role,fp4-nonExploitableResourceConstraint,tool-test-FP,n/a,pmapper,admin,default,M,raw-output/pmapper/admin-default-2026-08-31/output/01-graph-create.stderr.txt,validated,"Crash-M per rubric 4.7. NOT CS: the rubric 9 amendment of 2026-08-31 requires a tool to have RUN AND PRODUCED OUTPUT to earn Correctly Silent, and this run produced none - 'graph create' died on an unhandled ConnectTimeoutError. Silence from a tool that never ran is vacuous, not correct behaviour. Counted in the crash-M tally, not in any CS total."
fp4-nonExploitableResourceConstraint--role,fp4-nonExploitableResourceConstraint,tool-test-FP,n/a,pmapper,admin,"flagged (--include-regions, 17 opted-in regions)",CS,raw-output/pmapper/admin-flagged-2026-08-31/output/04-query-preset-privesc.txt,inferred,"Correctly Silent (rubric 9, 2026-08-31): absent from the privesc preset and from 'analysis'. This row has no escalation path to detect, so the D/P/M ladder does not apply; CS and FP are the only available outcomes and no escalation claim was emitted."
fp4-nonExploitableResourceConstraint--role,fp4-nonExploitableResourceConstraint,tool-test-FP,n/a,cloudfox,admin,default,CS,raw-output/cloudfox/admin-default-2026-08-31/cloudfox-outdir/cloudfox-output/aws/personal-000000000000/csv/permissions.csv,inferred,"Correctly Silent (rubric 9, 2026-08-31). permissions.csv inventories the fixture's grants verbatim (Allow and Deny rows both present, resource and condition columns rendered) but makes no escalation claim, so no FP. NOTE: cloudfox's Condition column is a bare Yes/No and does not render the condition body, so the exploitable fn3 and the non-exploitable fp5 print identically as 'Allow iam:CreatePolicyVersion on * / Condition=Yes'. INFERRED: the tool emitted no escalation claim (read directly), but this fixture has no analysis/validation/ file, so the claim that silence is CORRECT here rests on scenarios.md, not on a manual check."
fp4-nonExploitableResourceConstraint--role,fp4-nonExploitableResourceConstraint,tool-test-FP,n/a,cloudfox-path,admin,default,N/A,raw-output/cloudfox/admin-default-2026-08-31/cloudfox-outdir/cloudfox-output/aws/personal-000000000000/csv/principals.csv,validated,"Rubric 4.9. cloudfox's CanPrivEscToAdmin? column reads 'Skipping, no pmapper data' in every one of its 140 instances this run (94 principals + 44 role-trusts + 1 root-trust + 1 workload). cloudfox documents that it delegates path enumeration to PMapper: 'Cloudfox will not install or run pmapper for you, but because pmapper stores it's graph data in a predictable location, this CloudFox command will look to see if that data exists, and if it does, it give you a list of all of the principals that pmapper thinks can escalate to admin.' -- https://github.com/BishopFox/cloudfox/wiki/AWS-Commands#pmapper ; quoted and sourced in raw-output/cloudfox/admin-default-2026-08-31/run-metadata.md. Recorded, NOT scored as a miss. cloudfox's own surfaces are graded on the 'cloudfox' rows above."
fp4-nonExploitableResourceConstraint--user,fp4-nonExploitableResourceConstraint,tool-test-FP,n/a,pmapper,admin,default,M,raw-output/pmapper/admin-default-2026-08-31/output/01-graph-create.stderr.txt,validated,"Crash-M per rubric 4.7. NOT CS: the rubric 9 amendment of 2026-08-31 requires a tool to have RUN AND PRODUCED OUTPUT to earn Correctly Silent, and this run produced none - 'graph create' died on an unhandled ConnectTimeoutError. Silence from a tool that never ran is vacuous, not correct behaviour. Counted in the crash-M tally, not in any CS total."
fp4-nonExploitableResourceConstraint--user,fp4-nonExploitableResourceConstraint,tool-test-FP,n/a,pmapper,admin,"flagged (--include-regions, 17 opted-in regions)",CS,raw-output/pmapper/admin-flagged-2026-08-31/output/04-query-preset-privesc.txt,inferred,"Correctly Silent (rubric 9, 2026-08-31): absent from the privesc preset and from 'analysis'. This row has no escalation path to detect, so the D/P/M ladder does not apply; CS and FP are the only available outcomes and no escalation claim was emitted."
fp4-nonExploitableResourceConstraint--user,fp4-nonExploitableResourceConstraint,tool-test-FP,n/a,cloudfox,admin,default,CS,raw-output/cloudfox/admin-default-2026-08-31/cloudfox-outdir/cloudfox-output/aws/personal-000000000000/csv/permissions.csv,inferred,"Correctly Silent (rubric 9, 2026-08-31). permissions.csv inventories the fixture's grants verbatim (Allow and Deny rows both present, resource and condition columns rendered) but makes no escalation claim, so no FP. NOTE: cloudfox's Condition column is a bare Yes/No and does not render the condition body, so the exploitable fn3 and the non-exploitable fp5 print identically as 'Allow iam:CreatePolicyVersion on * / Condition=Yes'. INFERRED: the tool emitted no escalation claim (read directly), but this fixture has no analysis/validation/ file, so the claim that silence is CORRECT here rests on scenarios.md, not on a manual check."
fp4-nonExploitableResourceConstraint--user,fp4-nonExploitableResourceConstraint,tool-test-FP,n/a,cloudfox-path,admin,default,N/A,raw-output/cloudfox/admin-default-2026-08-31/cloudfox-outdir/cloudfox-output/aws/personal-000000000000/csv/principals.csv,validated,"Rubric 4.9. cloudfox's CanPrivEscToAdmin? column reads 'Skipping, no pmapper data' in every one of its 140 instances this run (94 principals + 44 role-trusts + 1 root-trust + 1 workload). cloudfox documents that it delegates path enumeration to PMapper: 'Cloudfox will not install or run pmapper for you, but because pmapper stores it's graph data in a predictable location, this CloudFox command will look to see if that data exists, and if it does, it give you a list of all of the principals that pmapper thinks can escalate to admin.' -- https://github.com/BishopFox/cloudfox/wiki/AWS-Commands#pmapper ; quoted and sourced in raw-output/cloudfox/admin-default-2026-08-31/run-metadata.md. Recorded, NOT scored as a miss. cloudfox's own surfaces are graded on the 'cloudfox' rows above."
fp5-nonExploitableConditionConstraint--role,fp5-nonExploitableConditionConstraint,tool-test-FP,n/a,pmapper,admin,default,M,raw-output/pmapper/admin-default-2026-08-31/output/01-graph-create.stderr.txt,validated,"Crash-M per rubric 4.7. NOT CS: the rubric 9 amendment of 2026-08-31 requires a tool to have RUN AND PRODUCED OUTPUT to earn Correctly Silent, and this run produced none - 'graph create' died on an unhandled ConnectTimeoutError. Silence from a tool that never ran is vacuous, not correct behaviour. Counted in the crash-M tally, not in any CS total."
fp5-nonExploitableConditionConstraint--role,fp5-nonExploitableConditionConstraint,tool-test-FP,n/a,pmapper,admin,"flagged (--include-regions, 17 opted-in regions)",CS,raw-output/pmapper/admin-flagged-2026-08-31/output/04-query-preset-privesc.txt,inferred,"Correctly Silent (rubric 9, 2026-08-31): absent from the privesc preset and from 'analysis'. This row has no escalation path to detect, so the D/P/M ladder does not apply; CS and FP are the only available outcomes and no escalation claim was emitted."
fp5-nonExploitableConditionConstraint--role,fp5-nonExploitableConditionConstraint,tool-test-FP,n/a,cloudfox,admin,default,CS,raw-output/cloudfox/admin-default-2026-08-31/cloudfox-outdir/cloudfox-output/aws/personal-000000000000/csv/permissions.csv,inferred,"Correctly Silent (rubric 9, 2026-08-31). permissions.csv inventories the fixture's grants verbatim (Allow and Deny rows both present, resource and condition columns rendered) but makes no escalation claim, so no FP. NOTE: cloudfox's Condition column is a bare Yes/No and does not render the condition body, so the exploitable fn3 and the non-exploitable fp5 print identically as 'Allow iam:CreatePolicyVersion on * / Condition=Yes'. INFERRED: the tool emitted no escalation claim (read directly), but this fixture has no analysis/validation/ file, so the claim that silence is CORRECT here rests on scenarios.md, not on a manual check."
fp5-nonExploitableConditionConstraint--role,fp5-nonExploitableConditionConstraint,tool-test-FP,n/a,cloudfox-path,admin,default,N/A,raw-output/cloudfox/admin-default-2026-08-31/cloudfox-outdir/cloudfox-output/aws/personal-000000000000/csv/principals.csv,validated,"Rubric 4.9. cloudfox's CanPrivEscToAdmin? column reads 'Skipping, no pmapper data' in every one of its 140 instances this run (94 principals + 44 role-trusts + 1 root-trust + 1 workload). cloudfox documents that it delegates path enumeration to PMapper: 'Cloudfox will not install or run pmapper for you, but because pmapper stores it's graph data in a predictable location, this CloudFox command will look to see if that data exists, and if it does, it give you a list of all of the principals that pmapper thinks can escalate to admin.' -- https://github.com/BishopFox/cloudfox/wiki/AWS-Commands#pmapper ; quoted and sourced in raw-output/cloudfox/admin-default-2026-08-31/run-metadata.md. Recorded, NOT scored as a miss. cloudfox's own surfaces are graded on the 'cloudfox' rows above."
fp5-nonExploitableConditionConstraint--user,fp5-nonExploitableConditionConstraint,tool-test-FP,n/a,pmapper,admin,default,M,raw-output/pmapper/admin-default-2026-08-31/output/01-graph-create.stderr.txt,validated,"Crash-M per rubric 4.7. NOT CS: the rubric 9 amendment of 2026-08-31 requires a tool to have RUN AND PRODUCED OUTPUT to earn Correctly Silent, and this run produced none - 'graph create' died on an unhandled ConnectTimeoutError. Silence from a tool that never ran is vacuous, not correct behaviour. Counted in the crash-M tally, not in any CS total."
fp5-nonExploitableConditionConstraint--user,fp5-nonExploitableConditionConstraint,tool-test-FP,n/a,pmapper,admin,"flagged (--include-regions, 17 opted-in regions)",CS,raw-output/pmapper/admin-flagged-2026-08-31/output/04-query-preset-privesc.txt,inferred,"Correctly Silent (rubric 9, 2026-08-31): absent from the privesc preset and from 'analysis'. This row has no escalation path to detect, so the D/P/M ladder does not apply; CS and FP are the only available outcomes and no escalation claim was emitted."
fp5-nonExploitableConditionConstraint--user,fp5-nonExploitableConditionConstraint,tool-test-FP,n/a,cloudfox,admin,default,CS,raw-output/cloudfox/admin-default-2026-08-31/cloudfox-outdir/cloudfox-output/aws/personal-000000000000/csv/permissions.csv,inferred,"Correctly Silent (rubric 9, 2026-08-31). permissions.csv inventories the fixture's grants verbatim (Allow and Deny rows both present, resource and condition columns rendered) but makes no escalation claim, so no FP. NOTE: cloudfox's Condition column is a bare Yes/No and does not render the condition body, so the exploitable fn3 and the non-exploitable fp5 print identically as 'Allow iam:CreatePolicyVersion on * / Condition=Yes'. INFERRED: the tool emitted no escalation claim (read directly), but this fixture has no analysis/validation/ file, so the claim that silence is CORRECT here rests on scenarios.md, not on a manual check."
fp5-nonExploitableConditionConstraint--user,fp5-nonExploitableConditionConstraint,tool-test-FP,n/a,cloudfox-path,admin,default,N/A,raw-output/cloudfox/admin-default-2026-08-31/cloudfox-outdir/cloudfox-output/aws/personal-000000000000/csv/principals.csv,validated,"Rubric 4.9. cloudfox's CanPrivEscToAdmin? column reads 'Skipping, no pmapper data' in every one of its 140 instances this run (94 principals + 44 role-trusts + 1 root-trust + 1 workload). cloudfox documents that it delegates path enumeration to PMapper: 'Cloudfox will not install or run pmapper for you, but because pmapper stores it's graph data in a predictable location, this CloudFox command will look to see if that data exists, and if it does, it give you a list of all of the principals that pmapper thinks can escalate to admin.' -- https://github.com/BishopFox/cloudfox/wiki/AWS-Commands#pmapper ; quoted and sourced in raw-output/cloudfox/admin-default-2026-08-31/run-metadata.md. Recorded, NOT scored as a miss. cloudfox's own surfaces are graded on the 'cloudfox' rows above."
privesc-permissive-role-trust--role,privesc-permissive-role-trust,tool-test-FP,n/a,pmapper,admin,default,M,raw-output/pmapper/admin-default-2026-08-31/output/01-graph-create.stderr.txt,validated,"Crash-M per rubric 4.7. NOT CS: the rubric 9 amendment of 2026-08-31 requires a tool to have RUN AND PRODUCED OUTPUT to earn Correctly Silent, and this run produced none - 'graph create' died on an unhandled ConnectTimeoutError. Silence from a tool that never ran is vacuous, not correct behaviour. Counted in the crash-M tally, not in any CS total. Validation: analysis/validation/privesc-permissive-role-trust--role.md."
privesc-permissive-role-trust--role,privesc-permissive-role-trust,tool-test-FP,n/a,pmapper,admin,"flagged (--include-regions, 17 opted-in regions)",CS,raw-output/pmapper/admin-flagged-2026-08-31/output/04-query-preset-privesc.txt,validated,"Correctly Silent (rubric 9, 2026-08-31): absent from the privesc preset and from 'analysis'. This row has no escalation path to detect, so the D/P/M ladder does not apply; CS and FP are the only available outcomes and no escalation claim was emitted. Validation: analysis/validation/privesc-permissive-role-trust--role.md."
privesc-permissive-role-trust--role,privesc-permissive-role-trust,tool-test-FP,n/a,cloudfox,admin,default,CS,raw-output/cloudfox/admin-default-2026-08-31/cloudfox-outdir/cloudfox-output/aws/personal-000000000000/csv/role-trusts-principals-root-trusts-without-external-id.csv,validated,"Correctly Silent (rubric 9, 2026-08-31). cloudfox surfaces the role in its root-trust hygiene table with IsAdmin?=No, i.e. it reports the loose ':root' trust (true) and does not claim it yields privilege (also true). Not an FP under rubric 4.8. Validation: analysis/validation/privesc-permissive-role-trust--role.md."
privesc-permissive-role-trust--role,privesc-permissive-role-trust,tool-test-FP,n/a,cloudfox-path,admin,default,N/A,raw-output/cloudfox/admin-default-2026-08-31/cloudfox-outdir/cloudfox-output/aws/personal-000000000000/csv/principals.csv,validated,"Rubric 4.9. cloudfox's CanPrivEscToAdmin? column reads 'Skipping, no pmapper data' in every one of its 140 instances this run (94 principals + 44 role-trusts + 1 root-trust + 1 workload). cloudfox documents that it delegates path enumeration to PMapper: 'Cloudfox will not install or run pmapper for you, but because pmapper stores it's graph data in a predictable location, this CloudFox command will look to see if that data exists, and if it does, it give you a list of all of the principals that pmapper thinks can escalate to admin.' -- https://github.com/BishopFox/cloudfox/wiki/AWS-Commands#pmapper ; quoted and sourced in raw-output/cloudfox/admin-default-2026-08-31/run-metadata.md. Recorded, NOT scored as a miss. cloudfox's own surfaces are graded on the 'cloudfox' rows above."
privesc-AssumeRole-start--user,privesc-AssumeRole-start,inert,n/a,pmapper,admin,default,M,raw-output/pmapper/admin-default-2026-08-31/output/01-graph-create.stderr.txt,validated,"Crash-M per rubric 4.7. NOT CS: the rubric 9 amendment of 2026-08-31 requires a tool to have RUN AND PRODUCED OUTPUT to earn Correctly Silent, and this run produced none - 'graph create' died on an unhandled ConnectTimeoutError. Silence from a tool that never ran is vacuous, not correct behaviour. Counted in the crash-M tally, not in any CS total. Validation: analysis/validation/privesc-AssumeRole-start--user.md."
privesc-AssumeRole-start--user,privesc-AssumeRole-start,inert,n/a,pmapper,admin,"flagged (--include-regions, 17 opted-in regions)",CS,raw-output/pmapper/admin-flagged-2026-08-31/output/04-query-preset-privesc.txt,validated,"Correctly Silent (rubric 9, 2026-08-31): absent from the privesc preset and from 'analysis'. This row has no escalation path to detect, so the D/P/M ladder does not apply; CS and FP are the only available outcomes and no escalation claim was emitted. Validation: analysis/validation/privesc-AssumeRole-start--user.md."
privesc-AssumeRole-start--user,privesc-AssumeRole-start,inert,n/a,cloudfox,admin,default,CS,raw-output/cloudfox/admin-default-2026-08-31/cloudfox-outdir/cloudfox-output/aws/personal-000000000000/csv/principals.csv,validated,"Correctly Silent (rubric 9, 2026-08-31). Appears only in the principals inventory; zero rows in permissions.csv and zero in iam-simulator. Not presented as a chain entry point. Validation: analysis/validation/privesc-AssumeRole-start--user.md."
privesc-AssumeRole-start--user,privesc-AssumeRole-start,inert,n/a,cloudfox-path,admin,default,N/A,raw-output/cloudfox/admin-default-2026-08-31/cloudfox-outdir/cloudfox-output/aws/personal-000000000000/csv/principals.csv,validated,"Rubric 4.9. cloudfox's CanPrivEscToAdmin? column reads 'Skipping, no pmapper data' in every one of its 140 instances this run (94 principals + 44 role-trusts + 1 root-trust + 1 workload). cloudfox documents that it delegates path enumeration to PMapper: 'Cloudfox will not install or run pmapper for you, but because pmapper stores it's graph data in a predictable location, this CloudFox command will look to see if that data exists, and if it does, it give you a list of all of the principals that pmapper thinks can escalate to admin.' -- https://github.com/BishopFox/cloudfox/wiki/AWS-Commands#pmapper ; quoted and sourced in raw-output/cloudfox/admin-default-2026-08-31/run-metadata.md. Recorded, NOT scored as a miss. cloudfox's own surfaces are graded on the 'cloudfox' rows above."
privesc-AssumeRole-starting--role,privesc-AssumeRole-starting,chain-hop,no,pmapper,admin,default,M,raw-output/pmapper/admin-default-2026-08-31/output/01-graph-create.stderr.txt,validated,"Crash-M per rubric 4.7, tally separately from detection-Ms: 'graph create' terminated on an unhandled botocore ConnectTimeoutError (autoscaling_edges.py catches ClientError only) and no graph was written; all 7 downstream commands failed. No principal was evaluated. Validation: analysis/validation/privesc-AssumeRole-starting--role.md."
privesc-AssumeRole-starting--role,privesc-AssumeRole-starting,chain-hop,no,pmapper,admin,"flagged (--include-regions, 17 opted-in regions)",D,raw-output/pmapper/admin-flagged-2026-08-31/output/04-query-preset-privesc.txt,validated,"preset privesc names principal, mechanism and administrative target: ""role/privesc-AssumeRole-starting-role can access via sts:AssumeRole role/privesc-AssumeRole-intermediate-role;    role/privesc-AssumeRole-intermediate-role can access via sts:AssumeRole role/privesc-AssumeRole-ending-role"". Full 2-hop chain printed with the intermediate hop, so D not P under rubric 4.4."
privesc-AssumeRole-starting--role,privesc-AssumeRole-starting,chain-hop,no,cloudfox,admin,default,P,raw-output/cloudfox/admin-default-2026-08-31/cloudfox-outdir/cloudfox-output/aws/personal-000000000000/csv/role-trusts-principals.csv,validated,"Rubric 4.4 hop-1-only: this role holds zero identity policies, so it has no permissions.csv rows. role-trusts-principals.csv gives the edge 'intermediate-role | Trusted Principal=starting-role | IsAdmin?=No'. The next hop is a separate row and cloudfox does not stitch them, so P not D. CORRECTION to analysis/validation/privesc-AssumeRole-starting--role.md, which states the chain's sts:AssumeRole edges appear in iam-simulator: they do not. iam-simulator has zero rows for starting-role and intermediate-role; the edges are in role-trusts-principals.csv. The conclusion (cloudfox does not stitch the chain) is unchanged. Validation: analysis/validation/privesc-AssumeRole-starting--role.md."
privesc-AssumeRole-starting--role,privesc-AssumeRole-starting,chain-hop,no,cloudfox-path,admin,default,N/A,raw-output/cloudfox/admin-default-2026-08-31/cloudfox-outdir/cloudfox-output/aws/personal-000000000000/csv/principals.csv,validated,"Rubric 4.9. cloudfox's CanPrivEscToAdmin? column reads 'Skipping, no pmapper data' in every one of its 140 instances this run (94 principals + 44 role-trusts + 1 root-trust + 1 workload). cloudfox documents that it delegates path enumeration to PMapper: 'Cloudfox will not install or run pmapper for you, but because pmapper stores it's graph data in a predictable location, this CloudFox command will look to see if that data exists, and if it does, it give you a list of all of the principals that pmapper thinks can escalate to admin.' -- https://github.com/BishopFox/cloudfox/wiki/AWS-Commands#pmapper ; quoted and sourced in raw-output/cloudfox/admin-default-2026-08-31/run-metadata.md. Recorded, NOT scored as a miss. cloudfox's own surfaces are graded on the 'cloudfox' rows above."
privesc-AssumeRole-intermediate--role,privesc-AssumeRole-intermediate,chain-hop,no,pmapper,admin,default,M,raw-output/pmapper/admin-default-2026-08-31/output/01-graph-create.stderr.txt,validated,"Crash-M per rubric 4.7, tally separately from detection-Ms: 'graph create' terminated on an unhandled botocore ConnectTimeoutError (autoscaling_edges.py catches ClientError only) and no graph was written; all 7 downstream commands failed. No principal was evaluated."
privesc-AssumeRole-intermediate--role,privesc-AssumeRole-intermediate,chain-hop,no,pmapper,admin,"flagged (--include-regions, 17 opted-in regions)",D,raw-output/pmapper/admin-flagged-2026-08-31/output/04-query-preset-privesc.txt,validated,"preset privesc names principal, mechanism and administrative target: ""role/privesc-AssumeRole-intermediate-role can access via sts:AssumeRole role/privesc-AssumeRole-ending-role""."
privesc-AssumeRole-intermediate--role,privesc-AssumeRole-intermediate,chain-hop,no,cloudfox,admin,default,D,raw-output/cloudfox/admin-default-2026-08-31/cloudfox-outdir/cloudfox-output/aws/personal-000000000000/csv/role-trusts-principals.csv,inferred,"row 'ending-role | Trusted Principal=intermediate-role | IsAdmin?=YES' names principal, the sts:AssumeRole trust edge and an administrative target in one row. Search: grep 'privesc-AssumeRole-intermediate' csv/role-trusts-principals.csv. INFERRED: the grade rests on joining two columns of one row rather than on an escalation statement by the tool; cloudfox never characterises it as escalation."
privesc-AssumeRole-intermediate--role,privesc-AssumeRole-intermediate,chain-hop,no,cloudfox-path,admin,default,N/A,raw-output/cloudfox/admin-default-2026-08-31/cloudfox-outdir/cloudfox-output/aws/personal-000000000000/csv/principals.csv,validated,"Rubric 4.9. cloudfox's CanPrivEscToAdmin? column reads 'Skipping, no pmapper data' in every one of its 140 instances this run (94 principals + 44 role-trusts + 1 root-trust + 1 workload). cloudfox documents that it delegates path enumeration to PMapper: 'Cloudfox will not install or run pmapper for you, but because pmapper stores it's graph data in a predictable location, this CloudFox command will look to see if that data exists, and if it does, it give you a list of all of the principals that pmapper thinks can escalate to admin.' -- https://github.com/BishopFox/cloudfox/wiki/AWS-Commands#pmapper ; quoted and sourced in raw-output/cloudfox/admin-default-2026-08-31/run-metadata.md. Recorded, NOT scored as a miss. cloudfox's own surfaces are graded on the 'cloudfox' rows above."
privesc-AssumeRole-ending--role,privesc-AssumeRole-ending,target-only,n/a,pmapper,admin,default,M,raw-output/pmapper/admin-default-2026-08-31/output/01-graph-create.stderr.txt,validated,"Crash-M per rubric 4.7, tally separately from detection-Ms: 'graph create' terminated on an unhandled botocore ConnectTimeoutError (autoscaling_edges.py catches ClientError only) and no graph was written; all 7 downstream commands failed. No principal was evaluated."
privesc-AssumeRole-ending--role,privesc-AssumeRole-ending,target-only,n/a,pmapper,admin,"flagged (--include-regions, 17 opted-in regions)",D,raw-output/pmapper/admin-flagged-2026-08-31/output/04-query-preset-privesc.txt,inferred,"Admin-verdict form: preset privesc prints 'role/privesc-AssumeRole-ending-role is an administrative principal'. Names the principal and the resulting privilege but NOT the enabling permission. Graded D because neither lower grade fits its own definition: P requires a permission bound to a principal (absent here) and M requires nothing in the output pointing a reviewer at the principal (false). INFERRED: the claim that PMapper's admin verdict derives from this mechanism is a reading of its output, not of its source. Precedent: analysis/validation/privesc-sre--user.md."
privesc-AssumeRole-ending--role,privesc-AssumeRole-ending,target-only,n/a,cloudfox,admin,default,D,raw-output/cloudfox/admin-default-2026-08-31/cloudfox-outdir/cloudfox-output/aws/personal-000000000000/csv/iam-simulator.csv,validated,'Appears to be an administrator'; principals.csv IsAdminRole?=YES. Search: grep 'privesc-AssumeRole-ending' csv/iam-simulator.csv.
privesc-AssumeRole-ending--role,privesc-AssumeRole-ending,target-only,n/a,cloudfox-path,admin,default,N/A,raw-output/cloudfox/admin-default-2026-08-31/cloudfox-outdir/cloudfox-output/aws/personal-000000000000/csv/principals.csv,validated,"Rubric 4.9. cloudfox's CanPrivEscToAdmin? column reads 'Skipping, no pmapper data' in every one of its 140 instances this run (94 principals + 44 role-trusts + 1 root-trust + 1 workload). cloudfox documents that it delegates path enumeration to PMapper: 'Cloudfox will not install or run pmapper for you, but because pmapper stores it's graph data in a predictable location, this CloudFox command will look to see if that data exists, and if it does, it give you a list of all of the principals that pmapper thinks can escalate to admin.' -- https://github.com/BishopFox/cloudfox/wiki/AWS-Commands#pmapper ; quoted and sourced in raw-output/cloudfox/admin-default-2026-08-31/run-metadata.md. Recorded, NOT scored as a miss. cloudfox's own surfaces are graded on the 'cloudfox' rows above."
privesc-high-priv-service--role,privesc-high-priv-service,target-only,n/a,pmapper,admin,default,M,raw-output/pmapper/admin-default-2026-08-31/output/01-graph-create.stderr.txt,validated,"Crash-M per rubric 4.7, tally separately from detection-Ms: 'graph create' terminated on an unhandled botocore ConnectTimeoutError (autoscaling_edges.py catches ClientError only) and no graph was written; all 7 downstream commands failed. No principal was evaluated."
privesc-high-priv-service--role,privesc-high-priv-service,target-only,n/a,pmapper,admin,"flagged (--include-regions, 17 opted-in regions)",D,raw-output/pmapper/admin-flagged-2026-08-31/output/04-query-preset-privesc.txt,inferred,"Admin-verdict form: preset privesc prints 'role/privesc-high-priv-service-role is an administrative principal'. Names the principal and the resulting privilege but NOT the enabling permission. Graded D because neither lower grade fits its own definition: P requires a permission bound to a principal (absent here) and M requires nothing in the output pointing a reviewer at the principal (false). INFERRED: the claim that PMapper's admin verdict derives from this mechanism is a reading of its output, not of its source. Precedent: analysis/validation/privesc-sre--user.md."
privesc-high-priv-service--role,privesc-high-priv-service,target-only,n/a,cloudfox,admin,default,D,raw-output/cloudfox/admin-default-2026-08-31/cloudfox-outdir/cloudfox-output/aws/personal-000000000000/csv/iam-simulator.csv,validated,'Appears to be an administrator'; principals.csv IsAdminRole?=YES. Search: grep 'privesc-high-priv-service' csv/iam-simulator.csv.
privesc-high-priv-service--role,privesc-high-priv-service,target-only,n/a,cloudfox-path,admin,default,N/A,raw-output/cloudfox/admin-default-2026-08-31/cloudfox-outdir/cloudfox-output/aws/personal-000000000000/csv/principals.csv,validated,"Rubric 4.9. cloudfox's CanPrivEscToAdmin? column reads 'Skipping, no pmapper data' in every one of its 140 instances this run (94 principals + 44 role-trusts + 1 root-trust + 1 workload). cloudfox documents that it delegates path enumeration to PMapper: 'Cloudfox will not install or run pmapper for you, but because pmapper stores it's graph data in a predictable location, this CloudFox command will look to see if that data exists, and if it does, it give you a list of all of the principals that pmapper thinks can escalate to admin.' -- https://github.com/BishopFox/cloudfox/wiki/AWS-Commands#pmapper ; quoted and sourced in raw-output/cloudfox/admin-default-2026-08-31/run-metadata.md. Recorded, NOT scored as a miss. cloudfox's own surfaces are graded on the 'cloudfox' rows above."
privesc-sre--role,privesc-sre,privesc,no,pmapper,admin,default,M,raw-output/pmapper/admin-default-2026-08-31/output/01-graph-create.stderr.txt,validated,"Crash-M per rubric 4.7, tally separately from detection-Ms: 'graph create' terminated on an unhandled botocore ConnectTimeoutError (autoscaling_edges.py catches ClientError only) and no graph was written; all 7 downstream commands failed. No principal was evaluated."
privesc-sre--role,privesc-sre,privesc,no,pmapper,admin,"flagged (--include-regions, 17 opted-in regions)",D,raw-output/pmapper/admin-flagged-2026-08-31/output/04-query-preset-privesc.txt,inferred,"Admin-verdict form: preset privesc prints 'role/privesc-sre-role is an administrative principal'. Names the principal and the resulting privilege but NOT the enabling permission. Graded D because neither lower grade fits its own definition: P requires a permission bound to a principal (absent here) and M requires nothing in the output pointing a reviewer at the principal (false). INFERRED: the claim that PMapper's admin verdict derives from this mechanism is a reading of its output, not of its source. Precedent: analysis/validation/privesc-sre--user.md."
privesc-sre--role,privesc-sre,privesc,no,cloudfox,admin,default,P,raw-output/cloudfox/admin-default-2026-08-31/cloudfox-outdir/cloudfox-output/aws/personal-000000000000/csv/permissions.csv,validated,"Rubric 3 P / 4.1: permissions.csv binds the enabling permission to this specific principal (3 grant row(s): Allow iam:*; Allow ec2:*; Allow s3:*) but names no target and does not characterise it as escalation. Search: grep ',privesc-sre-role,' csv/permissions.csv. iam-simulator additionally reports: can ec2:DescribeInstanceAttributeInput on *; can iam:PassRole on *; can s3:GetObject on *...."
privesc-sre--role,privesc-sre,privesc,no,cloudfox-path,admin,default,N/A,raw-output/cloudfox/admin-default-2026-08-31/cloudfox-outdir/cloudfox-output/aws/personal-000000000000/csv/principals.csv,validated,"Rubric 4.9. cloudfox's CanPrivEscToAdmin? column reads 'Skipping, no pmapper data' in every one of its 140 instances this run (94 principals + 44 role-trusts + 1 root-trust + 1 workload). cloudfox documents that it delegates path enumeration to PMapper: 'Cloudfox will not install or run pmapper for you, but because pmapper stores it's graph data in a predictable location, this CloudFox command will look to see if that data exists, and if it does, it give you a list of all of the principals that pmapper thinks can escalate to admin.' -- https://github.com/BishopFox/cloudfox/wiki/AWS-Commands#pmapper ; quoted and sourced in raw-output/cloudfox/admin-default-2026-08-31/run-metadata.md. Recorded, NOT scored as a miss. cloudfox's own surfaces are graded on the 'cloudfox' rows above."
privesc-sre--user,privesc-sre,privesc,no,pmapper,admin,default,M,raw-output/pmapper/admin-default-2026-08-31/output/01-graph-create.stderr.txt,validated,"Crash-M per rubric 4.7, tally separately from detection-Ms: 'graph create' terminated on an unhandled botocore ConnectTimeoutError (autoscaling_edges.py catches ClientError only) and no graph was written; all 7 downstream commands failed. No principal was evaluated. Validation: analysis/validation/privesc-sre--user.md."
privesc-sre--user,privesc-sre,privesc,no,pmapper,admin,"flagged (--include-regions, 17 opted-in regions)",D,raw-output/pmapper/admin-flagged-2026-08-31/output/04-query-preset-privesc.txt,inferred,"Admin-verdict form: preset privesc prints 'user/privesc-sre-user is an administrative principal'. Names the principal and the resulting privilege but NOT the enabling permission. Graded D because neither lower grade fits its own definition: P requires a permission bound to a principal (absent here) and M requires nothing in the output pointing a reviewer at the principal (false). INFERRED: the claim that PMapper's admin verdict derives from this mechanism is a reading of its output, not of its source. Precedent: analysis/validation/privesc-sre--user.md."
privesc-sre--user,privesc-sre,privesc,no,cloudfox,admin,default,P,raw-output/cloudfox/admin-default-2026-08-31/cloudfox-outdir/cloudfox-output/aws/personal-000000000000/csv/permissions.csv,validated,"Rubric 3 P / 4.1: permissions.csv binds the enabling permission to this specific principal (3 grant row(s): Allow iam:*; Allow ec2:*; Allow s3:*) but names no target and does not characterise it as escalation. Search: grep ',privesc-sre-user,' csv/permissions.csv. iam-simulator additionally reports: can ec2:DescribeInstanceAttributeInput on *; can iam:PassRole on *; can s3:GetObject on *.... Validation: analysis/validation/privesc-sre--user.md."
privesc-sre--user,privesc-sre,privesc,no,cloudfox-path,admin,default,N/A,raw-output/cloudfox/admin-default-2026-08-31/cloudfox-outdir/cloudfox-output/aws/personal-000000000000/csv/principals.csv,validated,"Rubric 4.9. cloudfox's CanPrivEscToAdmin? column reads 'Skipping, no pmapper data' in every one of its 140 instances this run (94 principals + 44 role-trusts + 1 root-trust + 1 workload). cloudfox documents that it delegates path enumeration to PMapper: 'Cloudfox will not install or run pmapper for you, but because pmapper stores it's graph data in a predictable location, this CloudFox command will look to see if that data exists, and if it does, it give you a list of all of the principals that pmapper thinks can escalate to admin.' -- https://github.com/BishopFox/cloudfox/wiki/AWS-Commands#pmapper ; quoted and sourced in raw-output/cloudfox/admin-default-2026-08-31/run-metadata.md. Recorded, NOT scored as a miss. cloudfox's own surfaces are graded on the 'cloudfox' rows above."
